index,gene,pval,mutsig_score
6275,TP53,1.110223e-16,15.954589779823815
4463,PIK3CA,1.110223e-16,15.954589779823815
4837,PTEN,1.110223e-16,15.954589779823815
3169,KRAS,1.110223e-16,15.954589779823815
253,APC,1.110223e-16,15.954589779823815
4467,PIK3R1,1.110223e-16,15.954589779823815
573,BRAF,1.110223e-16,15.954589779823815
973,CDKN2A,1.110223e-16,15.954589779823815
2011,FBXW7,1.110223e-16,15.954589779823815
4037,NRAS,1.110223e-16,15.954589779823815
2110,FLT3,1.110223e-16,15.954589779823815
2242,GATA3,1.110223e-16,15.954589779823815
923,CDH1,1.110223e-16,15.954589779823815
1587,DNMT3A,1.110223e-16,15.954589779823815
3994,NPM1,1.110223e-16,15.954589779823815
5481,SETD2,2.220446e-16,15.653559784159834
1746,EGFR,4.440892e-16,15.352529788495852
2682,HRAS,4.440892e-16,15.352529788495852
3444,MAP3K1,2.997602e-15,14.523226030152891
1335,CTCF,3.219647e-15,14.492191741458202
354,ARID1A,3.552714e-15,14.449439752606699
6642,VHL,3.552714e-15,14.449439752606699
3880,NF1,3.552714e-15,14.449439752606699
330,ARHGAP35,3.552714e-15,14.449439752606699
3075,KDM6A,3.552714e-15,14.449439752606699
483,BAP1,3.552714e-15,14.449439752606699
5899,STK11,3.552714e-15,14.449439752606699
5696,SMARCA4,3.663736e-15,14.436075828092058
4218,PBRM1,5.329071e-15,14.273348493551017
5688,SMAD4,1.44329e-14,13.840646397426386
3077,KEAP1,1.632028e-14,13.78727239451526
5034,RB1,1.014744e-13,12.993643507908775
5486,SF3B1,1.701972e-13,12.76904758899028
169,AKT1,5.252465e-13,12.27963683285014
421,ATM,1.177392e-12,11.929078919405164
971,CDKN1B,2.345457e-12,11.629772524701007
1832,EP300,2.770228e-12,11.55748448542402
720,CASP8,9.695578e-12,11.013426295432303
5317,RUNX1,1.69379e-11,10.771140435501577
3440,MAP2K4,6.794665e-11,10.167831950592698
2597,HLA-A,6.942924e-11,10.158457588677088
1871,ERBB3,1.83046e-10,9.737439757068756
5812,SPOP,2.141405e-9,8.669301187618538
3719,MTOR,4.020214e-9,8.395750828371883
3749,MYD88,4.267338e-9,8.369842956924769
1348,CTNNB1,4.631095e-9,8.334316310011806
5019,RASA1,9.574849e-9,8.018868066339378
397,ASXL1,1.231455e-8,7.909581453584324
464,B2M,1.98521e-8,7.702193545819123
1870,ERBB2,2.270501e-8,7.6438783024860335
3074,KDM5C,3.433443e-8,7.464270158111322
5266,RPL5,5.523803e-8,7.257761818424062
1063,CHD4,2.005526e-7,6.6977717033740145
2748,IDH2,2.62115e-7,6.581508125063222
734,CBFB,3.424594e-7,6.465390908554385
2073,FGFR2,1.18189e-6,5.927422941911666
3890,NFE2L2,1.217357e-6,5.914582042645878
1264,CREBBP,1.722246e-6,5.7639048152446755
514,BCOR,2.262305e-6,5.6454488446415185
4960,RAC1,5.718566e-6,5.242712862179903
3972,NOTCH1,8.476493e-6,5.071783792292398
5872,STAG2,1.095171e-5,4.960518064788899
6037,TBL1XR1,1.461707e-5,4.835139673230307
5700,SMARCB1,2.852179e-5,4.544823222062526
3597,MGA,3.144059e-5,4.502509312780845
1064,CHD8,4.340977e-5,4.362412515197823
5120,RHOA,6.466445e-5,4.189334411943069
513,BCLAF1,9.53263e-5,4.020787263379477
5706,SMC3,1.239981e-4,3.90658496940097
2074,FGFR3,1.910071e-4,3.71895048912132
1484,DDX3X,2.245731e-4,3.64864226597847
6277,TP53BP1,2.497711e-4,3.602457813506391
5483,SETDB1,2.612501e-4,3.5829435346437992
2695,HSP90AB1,2.619223e-4,3.581827524275587
2747,IDH1,2.705214e-4,3.5677983736838477
1171,CNKSR1,2.777491e-4,3.556347339644222
4536,PLCG2,3.19226e-4,3.4959017438981212
3437,MAP2K1,3.291726e-4,3.482576322196246
4056,NSD1,3.393414e-4,3.4693631527488416
59,ACVR1B,3.454753e-4,3.4615829973698515
3510,MBD1,3.953198e-4,3.4030514330251234
5043,RBM10,4.338019e-4,3.3627085501602108
398,ASXL2,4.8474e-4,3.3144911414851834
2071,FGFBP1,5.259358e-4,3.2790672661264946
1029,CEP76,5.719975e-4,3.2426058693513418
950,CDK12,6.522902e-4,3.1855591462634916
6307,TRAF3,6.64719e-4,3.177361907389203
6606,USP7,6.799505e-4,3.1675227025280885
5800,SPEN,7.18037e-4,3.143853176256567
4686,PPP2R1A,8.718408e-4,3.059562810931724
5783,SOX6,8.718408e-4,3.059562810931724
1633,DSG4,0.001020864,2.991032110982272
4610,POLR2B,0.001024072,2.9896695081029216
1770,EIF2S2,0.001056764,2.976021989931428
1865,EPS8,0.001083055,2.9653494883515985
3834,NCOR1,0.001143337,2.941825741897988
5897,STIP1,0.001207786,2.9180100088045235
3148,KLHL8,0.001230336,2.909976268220269
1211,COL4A6,0.001431898,2.8440879175134164
1802,ELF1,0.001471226,2.8323206087042134
4884,PTPRD,0.001616863,2.7913267771651236
2990,JAK1,0.001803627,2.74385327199973
2863,IL31,0.001849883,2.7328557386571064
6056,TCF7L2,0.001856736,2.7312498420296634
1105,CIRBP,0.001862333,2.729942661092543
3175,KRT19,0.002014076,2.695924145620594
2780,IGDCC3,0.00203983,2.6904060252889774
1374,CUX1,0.002040317,2.6903023518606957
1409,CYP1A2,0.002041866,2.689972762430356
2194,G3BP1,0.002043312,2.689665314457681
3274,LIMA1,0.002051466,2.687935676422999
156,AJUBA,0.002115092,2.674670737403189
4033,NR4A2,0.002118578,2.673955541884379
2893,ING1,0.002124953,2.6726506712919678
1301,CSDE1,0.002223345,2.652993141902516
5965,SYMPK,0.002237428,2.6502509312995635
6530,UBIAD1,0.00228903,2.640348515429835
4318,PDE6A,0.002384879,2.6225336505716137
6775,ZC3H18,0.002392284,2.621187264352758
2128,FOSL2,0.002555305,2.5925572552507967
6487,TXNIP,0.0025796,2.5884476317346956
5326,RXRA,0.002637555,2.5787984754108546
1489,DDX5,0.002643387,2.577839250163496
3772,MYO1D,0.002708925,2.567203018790028
5143,RIPK1,0.00274204,2.5619262141516965
2829,IL18R1,0.00275618,2.559692423029276
6397,TRIP12,0.002827303,2.5486276459935024
2121,FNIP1,0.003012955,2.5210073546849663
4865,PTPN11,0.003023124,2.519544038924961
4740,PRKCD,0.003096882,2.5090753421812098
4391,PFKM,0.003234566,2.4901839828313084
1909,ETV5,0.003326256,2.47804432904648
6303,TRA2B,0.003359644,2.473706739582395
2970,ITGB7,0.003392878,2.469431756293394
333,ARHGAP5,0.003459593,2.4609749902970988
5339,S100A8,0.00357155,2.447143265580851
3278,LIMK2,0.003603935,2.4432230504887267
2441,GRHL3,0.003789303,2.4214406663094006
6116,TGFBR2,0.003827271,2.417110785322486
3156,KLRC2,0.003912099,2.407590163442288
5163,RNF111,0.00408627,2.3886729407784437
3768,MYO10,0.00421821,2.3748718030766276
2268,GDF6,0.004284861,2.3680632619349766
3559,MED12,0.004451644,2.351479573676382
3508,MAX,0.004460506,2.3506158721078187
6018,TAP1,0.004596383,2.3375837902848104
3590,MFAP5,0.004626474,2.334749874151064
5083,RERE,0.004811143,2.317751734515446
6206,TMPO,0.004839689,2.3151825453645665
4050,NRP2,0.004869568,2.312509565179207
5117,RHEB,0.00500596,2.300512624933285
2509,GZMA,0.005033819,2.298102404344756
1845,EPHA3,0.00522514,2.2819020687742446
4874,PTPN3,0.00522514,2.2819020687742446
2272,GDNF,0.00522514,2.2819020687742446
870,CD58,0.005297001,2.275969945075646
4804,PSMA3,0.005297488,2.2759300183905866
5350,SAMHD1,0.00533255,2.273065063750584
2337,GMFB,0.005480284,2.2611969348665535
3460,MAP4K3,0.005492845,2.260202655956697
6385,TRIM7,0.005680964,2.245577962817599
1095,CHRND,0.005798509,2.2366836644227717
5788,SP3,0.005825673,2.2346538963443283
2855,IL25,0.006025149,2.2200322086572153
6786,ZFHX3,0.006051176,2.2181602153179067
3815,NCAPD3,0.006108258,2.214082627540639
4459,PIK3C2A,0.006346827,2.1974433393998196
902,CDC27,0.006811079,2.1667840824152185
1422,CYTH1,0.006838741,2.165023843759407
5147,RIT1,0.006844972,2.164628324048671
2991,JAK2,0.006920967,2.159833221522439
3817,NCAPH,0.007045332,2.1520985366396954
3573,MEN1,0.007162726,2.1449216618476656
1722,EEF1A1,0.007208443,2.142158531332052
2812,IL12RB2,0.007336364,2.134519128909787
1836,EPB41L1,0.007339331,2.134343525404077
2693,HSF4,0.007643902,2.11668488953069
2168,FTH1,0.007686865,2.1142507461285853
5223,RNF31,0.007896504,2.1025651402987156
6237,TNFSF10,0.007934511,2.1004798334391452
3641,MMP13,0.007940587,2.1001473915983584
3881,NF2,0.008009195,2.0964111324334596
2537,HDAC1,0.008155001,2.088575981368714
639,CABIN1,0.0082,2.0861861476162833
6281,TP53INP2,0.0082,2.0861861476162833
3393,LZTR1,0.008354748,2.07806664497585
6679,WDR45,0.008406252,2.075397594990942
1634,DSN1,0.008545072,2.068284273601997
6328,TRHR,0.008545455,2.068264808457757
NA,ALDOC,0.008545455,2.068264808457757
3821,NCF2,0.008548531,2.06810850906208
6261,TNR,0.008718182,2.059574068930325
6757,YTHDC1,0.008921067,2.0495831989311433
4387,PFKFB2,0.009063636,2.042697544270621
1944,FABP4,0.009273597,2.0327517810387765
266,APOA1,0.009412127,2.02631222142089
1721,EED,0.009428015,2.0255797351833476
3203,LARP4B,0.009488752,2.0227909040273824
3118,KIT,0.009581818,2.018552082522579
6587,USP15,0.009794289,2.0090270854052497
435,ATP6AP2,0.009927273,2.0031700348583397
600,BTK,0.009934252,2.002864827547829
1167,CMA1,0.01009003,1.9961075425029222
358,ARID5B,0.01032352,1.9861721965146009
5828,SRCAP,0.01042819,1.9817910646537045
4506,PKLR,0.01044545,1.9810728454580062
1470,DDC,0.01061818,1.9739499167473442
3781,MYOCD,0.01079091,1.966941929616063
317,ARHGAP19,0.01096364,1.9600452333095122
586,BRSK1,0.01109929,1.9547048012984045
1132,CLDN6,0.011181,1.951519352526498
970,CDKN1A,0.011468,1.940512315725553
5765,SORBS1,0.01148182,1.9399892658310103
3084,KIDINS220,0.01165455,1.9335044905938363
3796,NACA,0.01217273,1.9146120108435052
3591,MFF,0.01217273,1.9146120108435052
6202,TMEM81,0.01220612,1.9134223647512387
825,CD1A,0.012345450000000001,1.908493075116011
1041,CFI,0.01257706,1.9004208672373222
6518,UBE2N,0.01259324,1.8998625198449528
2943,ITCH,0.01265003,1.8979084445419967
4803,PSIP1,0.01268697,1.8966420870783305
697,CAPRIN2,0.01303636,1.8848436549685754
4980,RAF1,0.01320909,1.8791271007497077
956,CDK2,0.013381819999999999,1.8734848161493467
5069,REC8,0.01339434,1.8730786811912579
866,CD5,0.01372727,1.862415824148736
1399,CXXC5,0.0137486,1.8617415231595453
576,BRCA2,0.01389071,1.857275555471769
1531,DICER1,0.01407273,1.851621644645762
1369,CUL3,0.01415724,1.8490214055165244
3308,LONP2,0.01424133,1.8464494499766575
2833,IL1B,0.01424545,1.8463238272647948
1844,EPHA2,0.01439401,1.841818199929524
857,CD3E,0.01441818,1.8410895569426564
959,CDK3,0.01493636,1.8257552274552473
3716,MTMR4,0.01500269,1.8238308644499477
2171,FUBP1,0.01503468,1.8229058110428897
1066,CHEK2,0.01510909,1.8207616918409688
3158,KLRF1,0.01510909,1.8207616918409688
5477,SESTD1,0.01545455,1.8109436360462987
1769,EIF2S1,0.01545455,1.8109436360462987
4552,PLG,0.01597273,1.7966208495090692
2587,HIPK1,0.01597273,1.7966208495090692
3540,MCOLN1,0.01612473,1.7925075486611803
6427,TSHB,0.01631818,1.7873282806332471
189,AMBN,0.01642956,1.7843740672484927
5884,STAT2,0.01654752,1.7812670853336163
4862,PTP4A2,0.01682548,1.774032537304415
3556,MECOM,0.01683636,1.7737517966124237
3733,MX1,0.01683636,1.7737517966124237
1804,ELF3,0.01687328,1.772800486620203
3810,NBN,0.0170339,1.7686859066722573
132,AGL,0.01713075,1.7662236228061683
3465,MAPK1,0.01735455,1.7605866430153636
1427,DAB2,0.01750986,1.7567173263020783
2519,HAUS6,0.01752727,1.7562857231683604
462,AZGP1,0.01768701,1.752345578636588
1938,F5,0.01775497,1.7506800571751207
NA,KDM3B,0.01787273,1.7478091053913378
5707,SMC4,0.01795764,1.7457507390675462
4860,PTN,0.01821818,1.7394950113057817
913,CDC6,0.01866786,1.7289054647750677
5628,SLC26A3,0.01888517,1.7238791013988273
3293,LMAN1,0.01891312,1.7232368219210203
3697,MSMB,0.01917679,1.7172240875698528
3194,LAMB1,0.01934833,1.7133565140085756
6597,USP28,0.01943256,1.7114699826921427
4527,PLAT,0.01944214,1.711255933903555
1367,CUL1,0.01958875,1.7079932763800874
1475,DDR2,0.01977273,1.703933363964886
1128,CLDN2,0.01977273,1.703933363964886
859,CD4,0.01979003,1.7035535474396581
2757,IFNA10,0.01994545,1.7001561608927622
410,ATG12,0.01994545,1.7001561608927622
5970,SYNGAP1,0.01997917,1.699422557747039
1932,F2,0.0200134,1.698679124467022
880,CD74,0.02002473,1.698433330939137
4061,NSUN2,0.02011818,1.6964113104803573
357,ARID4B,0.02013831,1.6959769780957221
4639,PPARGC1B,0.02050455,1.6881497574499593
4475,PIM1,0.02080909,1.6817469114567922
2427,GPSM2,0.02103559,1.6770453025131173
2523,HAX1,0.02115138,1.6746612922684478
6791,ZFPL1,0.02127433,1.672144108417746
5555,SIGLEC8,0.02136489,1.670299338864383
738,CBLL1,0.02171664,1.6632073679570127
4303,PDCL,0.0217571,1.6623989921507873
3558,MED1,0.02184545,1.660639004719395
6748,XRCC6,0.02197767,1.6580183519389347
3495,MAS1,0.02211921,1.6552303881615302
6667,WAC,0.02213884,1.6548451384165102
4676,PPP1R1B,0.02217347,1.6541663373804063
4223,PCBP1,0.02219091,1.6538248879493742
3944,NLRP3,0.02270909,1.6438002685057964
3742,MYBL1,0.02270909,1.6438002685057964
6635,VDAC2,0.02279351,1.6421887921405813
5928,STX1A,0.02288182,1.6405094351009657
5581,SIX1,0.0232541,1.6335004642624373
3202,LARP1,0.02329003,1.6328299520481417
325,ARHGAP29,0.02460909,1.6089044454311057
6289,TPH1,0.02463013,1.608533295910241
4278,PCK1,0.02480831,1.605402819874236
4991,RAMP1,0.02495455,1.6028502572656584
1345,CTNNA1,0.02552784,1.5929859308192023
2288,GGNBP2,0.02555615,1.5925045714719253
3798,NAE1,0.02581818,1.5880743756953069
6302,TPX2,0.0263999,1.5783977181881403
3693,MSH6,0.02650764,1.5766289361900072
6727,WWP2,0.02650909,1.576605180405789
4820,PSMD3,0.02657611,1.5755085873199028
1780,EIF4A1,0.0266382,1.5744951247148902
915,CDC73,0.02684261,1.5711752584922969
6179,TLR6,0.02690837,1.570112609239067
5418,SEC23B,0.02702727,1.5681978197771524
2392,GPHA2,0.02706785,1.567546238881076
4425,PHKA2,0.02710057,1.567021574614474
6365,TRIM47,0.0272,1.5654310959658013
670,CALM1,0.0272,1.5654310959658013
3014,KAT5,0.02725162,1.564607675547029
934,CDH20,0.02754545,1.5599501283216821
5467,SERPINB5,0.02768122,1.5578147730450524
4069,NTN4,0.02780899,1.5558147840733487
6411,TRPM3,0.02789091,1.55453731572566
1683,DYRK1A,0.02795338,1.5535656716201942
2894,ING2,0.02823636,1.5491912896954354
6048,TCEA1,0.02845197,1.5458876578977538
3219,LCN2,0.02875455,1.5412934245902026
9,ABCB1,0.0291,1.5361070110140926
5856,SSH2,0.0291,1.5361070110140926
5042,RBL2,0.0291,1.5361070110140926
1974,FAS,0.02914836,1.535385875312745
5900,STK16,0.02927273,1.5335367730001772
NA,WHAMM,0.02944545,1.5309818041894985
4338,PDK4,0.02952392,1.5298259801367737
3727,MUC7,0.02961818,1.5284416318459244
1217,COL6A3,0.02974092,1.5266456012228249
3878,NEUROD1,0.02979091,1.5259162305230425
4280,PCLO,0.02996364,1.523405429427509
1576,DNAJC13,0.03005,1.5221555236612416
5964,SYK,0.03015309,1.5206681760218013
1391,CXCL9,0.03017927,1.5202912694910486
243,AP2B1,0.03036683,1.5176005418111667
502,BCL2,0.03048182,1.5159591058245754
6423,TSC1,0.03050012,1.5156984519569747
3162,KNG1,0.03054803,1.515016791565967
192,AMELX,0.03072905,1.512450865911382
4587,PNN,0.03096501,1.5091287754010878
6815,ZNF217,0.031,1.5086383061657274
363,ARNT2,0.031,1.5086383061657274
NA,ZNF503,0.031,1.5086383061657274
3588,MFAP2,0.03169091,1.499065289926004
996,CEACAM5,0.03203636,1.4943568347138454
2435,GRB2,0.03204636,1.4942212928749758
582,BRDT,0.03220909,1.4920215450828656
882,CD79B,0.03220909,1.4920215450828656
4866,PTPN12,0.03229068,1.490922809205875
5250,RORC,0.03249153,1.4882298375958491
4554,PLIN2,0.03255455,1.4873883035076105
1793,EIF5,0.03258882,1.4869313645046758
1491,DEAF1,0.03272727,1.4850902205821461
4591,PNPT1,0.0328146,1.4839328852925233
6426,TSG101,0.03286992,1.4832013529187051
3752,MYH10,0.0329,1.4828041020500258
5025,RASGRF1,0.0329,1.4828041020500258
5419,SEC23IP,0.0329,1.4828041020500258
3369,LTA4H,0.0329,1.4828041020500258
1212,COL5A1,0.03302905,1.4811039175496146
6804,ZHX3,0.03306084,1.4806861161992264
2461,GRM1,0.03307273,1.480529954617583
5570,SIRPB2,0.03324545,1.4782677841987029
1468,DDB1,0.0335538,1.4742582884434958
2496,GTF3C1,0.03361632,1.4734498307885289
3894,NFIL3,0.03385,1.470441326978837
4419,PHF6,0.03391739,1.4695775748177218
2806,IL10RB,0.03396071,1.4690232387502618
6030,TBC1D25,0.03425754,1.4652438265072176
2941,ISL2,0.03432808,1.4643504863710364
6409,TRPM1,0.03443485,1.4630018044839224
4369,PER3,0.03445455,1.4627534178953698
4378,PEX26,0.03460074,1.460914612927456
3447,MAP3K12,0.03476221,1.4588926211677005
2255,GCLC,0.0348,1.458420756053419
6501,UBB,0.03481497,1.4582339747190507
5568,SIRPA,0.03531818,1.4520016843787948
6567,UNC5B,0.03545363,1.450339291982738
6325,TREX1,0.03545758,1.4502909085690212
3421,MAGI2,0.03575,1.4467239538629006
2279,GFPT1,0.03575,1.4467239538629006
2963,ITGB1BP1,0.0357683,1.4465017005601155
4486,PIP5K1A,0.03602815,1.443358037778045
4858,PTMA,0.03614524,1.4419488872448687
4662,PPP1CC,0.03664748,1.4359558834982025
5720,SNAI1,0.03666647,1.43573089896536
3121,KLB,0.0367,1.4353339357479107
5977,SYT1,0.0367,1.4353339357479107
3134,KLF5,0.0367,1.4353339357479107
6832,ZNF652,0.0367,1.4353339357479107
3428,MANSC1,0.0367,1.4353339357479107
4370,PERP,0.0367,1.4353339357479107
5911,STK4,0.03761861,1.4245972555820896
6475,TUBD1,0.03781109,1.4223808028236054
5705,SMC1A,0.03795422,1.420739929364739
6314,TRAK2,0.03814549,1.418556801979009
4373,PEX12,0.03822824,1.417615696118642
4794,PSD3,0.0386,1.413412695328245
1504,DEPDC1,0.0386,1.413412695328245
6531,UBLCP1,0.0386,1.413412695328245
NA,UBE2NL,0.03877273,1.4114736191064206
5520,SH3RF2,0.03894545,1.4095432736863747
1353,CTR9,0.03948103,1.4036115257723776
4058,NSFL1C,0.03963636,1.4019062357331713
5086,RETN,0.03980909,1.4000177498837632
4727,PRKAA2,0.040078129999999997,1.3970925503550675
2097,FLCN,0.04015455,1.396265236738134
1561,DLX2,0.04028909,1.3948125418060062
6098,TFDP1,0.04042501,1.3933498639894206
4595,POGZ,0.04048431,1.3927132582834714
6051,TCF12,0.0405,1.3925449767853315
3474,MAPK6,0.0405,1.3925449767853315
2854,IL24,0.04062773,1.3911774424044436
2702,HSPA8,0.0407731,1.3896262676571842
3784,MYOM1,0.04116992,1.3854199769080837
4086,NUMA1,0.04119091,1.3851986133940806
638,CA9,0.04135617,1.3834596881173233
6074,TEC,0.04145555,1.3824173185993147
4733,PRKAG3,0.04151535,1.3817912963550163
311,ARHGAP11A,0.0415946,1.3809630477969908
1104,CIR1,0.04163156,1.3805773151113458
1357,CTSF,0.04226907,1.3739773073711552
3027,KCNB2,0.0424,1.3726341434072673
5709,SMCR8,0.0424,1.3726341434072673
2241,GATA2,0.04257273,1.3708684995545903
NA,ABCC4,0.04312246,1.365296471987563
1031,CERK,0.04317017,1.3648162411302378
4081,NUCKS1,0.04332507,1.3632607269270478
1307,CSF2RB,0.04426408,1.3539485578777835
3638,MMP10,0.04427957,1.3537966052172978
6327,TRHDE,0.0443,1.3535962737769305
3463,MAP7,0.0443,1.3535962737769305
2075,FGFR4,0.0443,1.3535962737769305
6473,TUBB3,0.0443,1.3535962737769305
1791,EIF4G3,0.04437671,1.3528448986296842
1893,ESCO1,0.04445614,1.3520682485528075
4579,PMAIP1,0.04455578,1.3510959491068137
4638,PPARGC1A,0.04529362,1.343962967831118
4622,POU2AF1,0.04533636,1.3435533517739908
343,ARHGEF15,0.04536014,1.3433256137021508
5885,STAT3,0.04569154,1.3401642041191457
2468,GRM8,0.0462,1.3353580244438745
61,ACVR2A,0.0462,1.3353580244438745
722,CASP9,0.0462,1.3353580244438745
836,CD244,0.04637273,1.3337373360853129
3965,NONO,0.04648454,1.3326914623591206
6444,TSPO2,0.04768866,1.3215848806020276
3154,KLRB1,0.04775455,1.3209852430173608
6479,TUFM,0.04779073,1.320656335611233
751,CCDC6,0.04780606,1.3205170477865131
4605,POLL,0.04805604,1.318252019570522
4284,PCNT,0.0481,1.3178549236261683
5773,SOS1,0.0481,1.3178549236261683
6702,WNT11,0.0481,1.3178549236261683
1051,CGRRF1,0.0481,1.3178549236261683
2253,GCHFR,0.0481,1.3178549236261683
1456,DCLRE1A,0.04848549,1.3143882110011138
5980,SYT6,0.04861818,1.3132013028096579
4059,NSMCE1,0.04903923,1.309456357604169
1818,EML4,0.04905,1.3093609882840327
6311,TRAF6,0.04930909,1.3070730123061223
1586,DNMT1,0.05,1.3010299956639813
4955,RABEP1,0.05034545,1.2980397729590794
4547,PLEKHG3,0.05060294,1.2958242501822428
1632,DSG3,0.05071244,1.294885493119204
4750,PRKD3,0.0512967,1.2899105728587184
5955,SUZ12,0.05133903,1.2895523411501055
3207,LAT,0.05151196,1.2880919251535858
6572,UNK,0.05158946,1.2874390179737087
5656,SLC6A2,0.0519,1.2848326421515421
6022,TARDBP,0.0519,1.2848326421515421
2600,HLA-DMA,0.0519,1.2848326421515421
4907,PURG,0.05207273,1.2833896531125564
2057,FGF18,0.05208391,1.2832964202216657
6563,ULK2,0.05293636,1.276245924883241
6087,TET2,0.05345455,1.2720153221522852
1101,CIC,0.05349342,1.2716996354262096
1798,ELAVL1,0.05369871,1.2700361471982267
5433,SELPLG,0.05372227,1.2698456447813298
3337,LRP11,0.0538,1.269217724333611
4481,PINX1,0.0538,1.269217724333611
1433,DAGLA,0.05413413,1.266528838458754
2870,IL4R,0.05439773,1.2644192228945261
6660,VRK3,0.05440243,1.264381701183782
6621,VANGL2,0.05474894,1.2616242848277026
543,BLNK,0.05475,1.261615876487844
1848,EPHA6,0.05483636,1.260931381095877
987,CDX4,0.05483636,1.260931381095877
5793,SPAG5,0.0552104,1.2579791063798134
90,ADCY3,0.05527731,1.2574530995083444
5271,RPRD1B,0.05529745,1.2572948953944534
960,CDK4,0.05556933,1.2551648394762194
2700,HSPA4,0.05568095,1.2542933636231017
5997,TAF1,0.0557,1.254144804826271
4154,P2RY10,0.0557,1.254144804826271
4647,PPL,0.0557,1.254144804826271
2291,GH2,0.0557,1.254144804826271
2627,HMX3,0.05577907,1.2535287309669785
2376,GOLGB1,0.05657229,1.247396241018574
4709,PRDM1,0.05662179,1.2470164052846813
1302,CSE1L,0.05665,1.2468000858005839
5932,STX7,0.05665,1.2468000858005839
2397,GPKOW,0.05725455,1.2421899943789396
6814,ZNF148,0.0573891,1.2411705859883362
3857,NEDD8,0.05744176,1.240772261896359
3973,NOTCH2,0.0576,1.239577516576788
583,BRIP1,0.0576,1.239577516576788
2973,ITK,0.0576,1.239577516576788
3108,KIR2DL1,0.0576,1.239577516576788
1805,ELF4,0.0576,1.239577516576788
2590,HIPK4,0.0576,1.239577516576788
6818,ZNF24,0.0576,1.239577516576788
NA,SESN2,0.0576,1.239577516576788
1737,EFNA4,0.0576,1.239577516576788
6608,USP9X,0.05765396,1.239170857543888
1487,DDX42,0.05779733,1.2380922237429637
6007,TAGAP,0.05786955,1.237549894745088
3708,MTA1,0.05816426,1.235343792885951
447,ATXN3,0.0581963,1.2351046260144296
1926,EZR,0.0586453,1.2317667877403682
6375,TRIM59,0.05867372,1.2315563760029171
5666,SLC9A3R1,0.05898182,1.2292818305675028
6601,USP4,0.05935643,1.2265322276401631
3574,MEOX1,0.05947029,1.2256999437086817
5436,SEMA3C,0.0595,1.2254830342714504
4329,PDHX,0.0595,1.2254830342714504
419,ATG7,0.0595,1.2254830342714504
6577,USF1,0.0595,1.2254830342714504
5175,RNF13,0.0595,1.2254830342714504
2859,IL2RA,0.0595,1.2254830342714504
5734,SNF8,0.0595,1.2254830342714504
4832,PTCH1,0.05955362,1.2250918345465835
185,ALPI,0.05967273,1.2242240929282449
4420,PHF7,0.05976422,1.2235587442246676
2774,IFNGR1,0.05979197,1.223357137397129
3959,NOD1,0.06005298,1.2214654367965514
4545,PLEKHG1,0.06024114,1.2201068181648467
6478,TUBGCP6,0.06109441,1.213998524900085
5403,SDC1,0.06138055,1.2119692243940157
757,CCKAR,0.0614,1.2118316288588322
5293,RRAGC,0.0614,1.2118316288588322
4335,PDK1,0.0614496,1.211480939764641
3705,MSX2,0.06147089,1.2113304989453413
2043,FGB,0.06147982,1.2112674126934568
3512,MBD4,0.06178351,1.2091274225102908
5713,SMS,0.06238598,1.2049129983424791
4008,NPVF,0.06278182,1.2021660985674807
4397,PGAM5,0.06278182,1.2021660985674807
NA,FECH,0.06281511,1.2019358753663065
6354,TRIM37,0.06283655,1.201787667634194
5067,RCSD1,0.06309797,1.1999846127365297
1006,CELF1,0.06321865,1.199154782520649
2446,GRID2,0.0633,1.198596289982645
6360,TRIM42,0.0633,1.198596289982645
158,AKAP11,0.0633,1.198596289982645
6324,TRERF1,0.0633,1.198596289982645
2589,HIPK3,0.0633,1.198596289982645
3533,MCM3,0.0633,1.198596289982645
4377,PEX2,0.0633,1.198596289982645
475,BAG4,0.0633,1.198596289982645
5325,RXFP4,0.0633,1.198596289982645
1757,EID2,0.0633,1.198596289982645
4807,PSMA7,0.0633,1.198596289982645
3581,METTL1,0.06330695,1.1985486093987234
4570,PLXNA1,0.063397,1.197931292816564
1994,FBXO31,0.06347742,1.1973807331858346
6532,UBN1,0.06375144,1.195510001058856
5498,SGK1,0.0639126,1.194413514751787
3153,KLKB1,0.06416364,1.1927110065213833
4967,RAD21,0.06424511,1.1921599229513278
5231,RNF43,0.06511142,1.1863428331212413
748,CCBE1,0.0652,1.1857524042680798
5842,SRP72,0.0652,1.1857524042680798
2231,GAN,0.0652,1.1857524042680798
3493,MARK3,0.0652,1.1857524042680798
4006,NPTX2,0.0652,1.1857524042680798
4830,PTBP1,0.0652,1.1857524042680798
1967,FANCF,0.0652,1.1857524042680798
4319,PDE6G,0.0652,1.1857524042680798
NA,SYT11,0.06571818,1.1823144724265964
1394,CXCR3,0.06571818,1.1823144724265964
3168,KPNB1,0.06574713,1.1821232002886564
5037,RBBP6,0.0657572,1.1820566877192022
4187,PALM,0.06589091,1.1811744944975469
1895,ESPL1,0.06601611,1.1803500700588387
632,C5AR1,0.06606626,1.1800202778342739
2217,GAD1,0.06611663,1.179689290758529
5986,TAB3,0.06623636,1.1789035420950122
2275,GEMIN6,0.06640909,1.177772470833077
5858,SSRP1,0.06675455,1.1755191273784054
198,AMOT,0.0669146,1.1744791138068937
5714,SMTN,0.0671,1.173277479831008
4703,PPP4R2,0.0671,1.173277479831008
3478,MAPK8IP2,0.0671,1.173277479831008
5157,RNASE3,0.06755603,1.170335880115725
1581,DNER,0.06767836,1.1695501737807923
5934,STXBP1,0.06782684,1.1685984159075735
5482,SETD7,0.06826106,1.165826972011431
6259,TNPO1,0.06874039,1.1627880082132325
3983,NPAS2,0.069,1.1611509092627446
2188,FZD6,0.069,1.1611509092627446
6619,VAMP4,0.069,1.1611509092627446
1538,DIXDC1,0.06951818,1.1579016063278538
5760,SOCS6,0.0695579,1.157653538115258
5158,RND1,0.06961535,1.1572949890492195
930,CDH17,0.07003636,1.154676433590786
438,ATP7A,0.07038182,1.1525395069561082
1972,FAP,0.07038182,1.1525395069561082
5750,SNX2,0.07051771,1.1517017994712933
4502,PKD2,0.07055455,1.1514749737427339
622,C1QTNF5,0.07080072,1.1499623257786347
5961,SYBU,0.0709,1.1493537648169334
200,AMOTL2,0.0709,1.1493537648169334
416,ATG4B,0.0709,1.1493537648169334
5016,RARG,0.07122303,1.1473795543308367
1411,CYP2B6,0.07201351,1.142586020679137
2884,ILKAP,0.07246816,1.1398527654788986
5785,SOX9,0.07249345,1.1397012314615989
4414,PHF12,0.0728,1.1378686206869628
1910,ETV6,0.0728,1.1378686206869628
610,BTRC,0.0728,1.1378686206869628
1421,CYSLTR2,0.0728,1.1378686206869628
844,CD300A,0.0728,1.1378686206869628
3888,NFE2,0.0728,1.1378686206869628
5757,SOCS2,0.0728,1.1378686206869628
2998,JDP2,0.0728,1.1378686206869628
6378,TRIM61,0.0728,1.1378686206869628
6291,TPI1,0.07331454,1.1348098859925095
580,BRD7,0.07349433,1.1337461649252947
5564,SIN3A,0.07407311,1.130339420874471
4566,PLTP,0.07409418,1.1302159039390478
6668,WAS,0.07418182,1.1297025157598914
1854,EPHB4,0.07457477,1.12740807739446
39,ACO1,0.0747,1.1266793981846013
4080,NUCB2,0.0747,1.1266793981846013
1670,DVL1,0.0747,1.1266793981846013
2363,GNG2,0.07509476,1.124390366357761
2715,HTR1D,0.07521818,1.1236771790965439
1585,DNMBP,0.07555519,1.121735697957062
2851,IL22RA2,0.07565516,1.1211614459209869
4734,PRKAR1A,0.07580544,1.1202996271224628
4745,PRKCQ,0.0766,1.1157712303673961
2962,ITGB1,0.0766,1.1157712303673961
1045,CFP,0.0766,1.1157712303673961
2351,GNAL,0.0766,1.1157712303673961
1124,CLDN12,0.0766,1.1157712303673961
4440,PI3,0.0766,1.1157712303673961
55,ACTN3,0.07729091,1.1118715794189762
3389,LYPLA2,0.07747015,1.1108656031386173
2857,IL27,0.07773875,1.1093624468854428
5313,RTN4,0.07806022,1.1075702290648728
2563,HERC4,0.07830517,1.1062095632505091
3093,KIF20B,0.0785,1.1051303432547475
3637,MMP1,0.0785,1.1051303432547475
2514,HAP1,0.0785,1.1051303432547475
856,CD3D,0.0785,1.1051303432547475
598,BTG2,0.07879112,1.1035227260677134
1191,CNTROB,0.08003485,1.096720864670259
3665,MOS,0.08014107,1.0961448634007804
4131,OSBP2,0.08014704,1.0961125124290438
248,APAF1,0.08015472,1.0960708986423509
NA,BRCC3,0.08031445,1.0952063103790082
75,ADAM23,0.0804,1.0947439512515487
429,ATP2A2,0.0804,1.0947439512515487
5161,RNF103,0.0804,1.0947439512515487
2340,GML,0.0804,1.0947439512515487
6709,WNT5A,0.0804,1.0947439512515487
5101,RFX5,0.08133664,1.0897137721773007
2195,G3BP2,0.08143636,1.0891816464420316
3715,MTMR3,0.0815834,1.0883981993563934
1099,CIB1,0.08224151,1.0849089243866479
3700,MSR1,0.0823,1.0846001647877301
5993,TACR1,0.0823,1.0846001647877301
18,ABI2,0.0823,1.0846001647877301
871,CD59,0.08297823,1.0810358332986998
3135,KLF6,0.08350187,1.0783037985093635
2297,GHSR,0.08372229,1.07715890120337
6195,TMEM167A,0.0839284,1.076091056140969
80,ADAMTS1,0.0842,1.0746879085003505
NA,UBE2Q1,0.0842,1.0746879085003505
6454,TTC5,0.0842,1.0746879085003505
613,BUB3,0.0842,1.0746879085003505
865,CD48,0.0842,1.0746879085003505
3580,MET,0.08478477,1.0716821536276255
6102,TFF3,0.08501647,1.0704969314948434
575,BRCA1,0.08586343,1.0661917666797889
6060,TCN2,0.08596737,1.0656663594308593
788,CCNB1,0.08597102,1.0656479205602942
4719,PREX2,0.0861,1.0649968485463452
1061,CHD2,0.0861,1.0649968485463452
3489,MARCKSL1,0.0861,1.0649968485463452
3288,LIPC,0.08690502,1.0609551361482221
998,CEACAM7,0.08698348,1.0605632212445621
1362,CTTN,0.08713636,1.0598005860680662
3774,MYO3A,0.088,1.0555173278498313
4651,PPM1E,0.088,1.0555173278498313
5572,SIRT1,0.088,1.0555173278498313
4330,PDIA3,0.088,1.0555173278498313
1858,EPM2A,0.08817273,1.0546657123938337
3614,MIP,0.08845308,1.0532870400440781
6614,UXT,0.08849966,1.0530583977813552
1085,CHRNA1,0.08916416,1.0498096774854448
4939,RAB37,0.08927286,1.0492805516793484
526,BGLAP,0.08987265,1.0463724524407787
1597,DOCK7,0.0899,1.0462403082667713
2207,GABRA1,0.0899,1.0462403082667713
4040,NRF1,0.0899,1.0462403082667713
5640,SLC39A7,0.0899,1.0462403082667713
4878,PTPN7,0.09015846,1.0449935150987524
3191,LAMA3,0.09056046,1.0430613801602837
5879,STARD10,0.09153283,1.0384231099706769
3833,NCOA6,0.09158524,1.038174512173441
5179,RNF138,0.0917101,1.0375828330025694
1192,COASY,0.0918,1.0371573187987575
467,BACE1,0.0918,1.0371573187987575
2143,FOXL2,0.0918,1.0371573187987575
4211,PAX5,0.09195665,1.0364168585534215
4599,POLD3,0.09232261,1.0346919263224943
5719,SMYD5,0.09234114,1.0346047681577035
5738,SNRK,0.09244994,1.0340933663617835
2484,GSTO1,0.09275313,1.0326714259846979
6108,TFRC,0.09297161,1.0316496482487383
3675,MPZ,0.09300002,1.0315169580494121
6271,TOPBP1,0.09318654,1.030646813245588
191,AMBRA1,0.09360663,1.028693389825548
2454,GRIP1,0.0937,1.0282604091122216
2248,GC,0.0937,1.0282604091122216
1990,FBXO11,0.0937,1.0282604091122216
3455,MAP3K7,0.0937,1.0282604091122216
380,ASB11,0.0937,1.0282604091122216
4649,PPM1B,0.0937,1.0282604091122216
5032,RASSF6,0.0937,1.0282604091122216
6637,VEGFA,0.0937,1.0282604091122216
1453,DCK,0.09400944,1.0268285343357944
2222,GAK,0.0942271,1.025824174830875
36,ACE2,0.09424274,1.0257520957575064
NA,FIS1,0.09435864,1.0252183272687636
2902,INPPL1,0.09459964,1.0241105163076256
4129,OS9,0.09462704,1.023984744731574
1062,CHD3,0.0946442,1.023905995384025
457,AVPR1B,0.09470174,1.0236420414248544
5687,SMAD3,0.09519792,1.0213725405061858
2086,FHOD3,0.0956,1.0195421077239
5009,RAPGEF4,0.0956,1.0195421077239
2952,ITGA6,0.0956,1.0195421077239
831,CD200R1,0.0956,1.0195421077239
313,ARHGAP12,0.09580969,1.0185905650267555
5277,RPS27L,0.09581564,1.0185635951875578
4643,PPFIA1,0.09597136,1.0178583508114183
4557,PLK2,0.09638343,1.0159976225091114
1130,CLDN4,0.09655,1.0152477218845866
4697,PPP2R5D,0.0969721,1.013353199331202
1512,DGKD,0.09714276,1.0125895616027196
1599,DOK1,0.09714881,1.0125625148130275
4961,RAC2,0.1110141,0.9546218575800142
1464,DCTN2,0.1524725,0.8168084787776447
3215,LCAT,0.1738572,0.7598073190415754
166,AKR1B1,0.1943181,0.7114867446188878
508,BCL2L2,0.2176964,0.6621487527368666
1513,DGKG,0.2353935,0.6282055336468196
4140,OTUB1,0.2390972,0.6214255097548632
4393,PFN1,0.2490413,0.6037286252947313
1053,CHAD,0.3009805,0.5214616406743583
6073,TEAD4,0.3510236,0.45466368408909524
2381,GP1BB,0.3638981,0.4390202119643823
279,APOE,0.3740243,0.4271001811870008
6348,TRIM31,0.4067105,0.3907146153180685
6220,TNFRSF11A,0.4210818,0.37563352925269855
177,ALDH2,0.4372792,0.35924118019016166
5661,SLC7A1,0.474597,0.3236750113516414
6066,TDGF1,0.523921,0.2807341936472281
5048,RBM38,0.567664,0.2459086469003473
2809,IL12A,0.5739656,0.2411141357864633
3681,MRAS,0.5754447,0.2399964055507827
4764,PRND,0.6054027,0.21795564649063462
1777,EIF3G,0.6144312,0.2115267395198316
1887,ERH,0.6343463,0.19767358893254777
864,CD47,0.6371162,0.1957813519401543
4383,PF4,0.6532171,0.18494245477058896
2452,GRIN2C,0.6785456,0.16842096132343953
901,CDC26,0.6787522,0.16828874974738867
NA,EIF1AY,0.7127768,0.1470464444873896
2261,GDF1,0.7673037,0.1150327075913841
1002,CEBPD,0.7677383,0.11478679329473533
2023,FCGR3B,0.7715262,0.11264932128946015
4341,PDLIM4,0.8146386,0.08903501559812249
4029,NR2F6,0.8535612,0.06876533469051976
3611,MIF,0.8575927,0.066718924436766
5005,RAP2A,0.8584737,0.06627300524369636
2094,FKBP5,0.8723835,0.05929255713129864
3933,NKX3-2,0.8985722,0.04644702172491863
4168,PACSIN1,0.9063919,0.042683984213747604
726,CAST,0.9098005,0.041053828830331277
1660,DUSP23,0.9123529,0.03983714316532302
3267,LILRA5,0.9249623,0.03387596805624307
1616,DPYSL3,0.926968,0.03293525794104299
6392,TRIML1,0.9380548,0.02777178993390907
3229,LEAP2,0.9388397,0.027408554004860097
5407,SDCBP,0.9462308,0.024002919685952598
4359,PECAM1,0.9478899,0.023242104222397062
4052,NRTN,0.9611606,0.017204040149966814
6151,TIMP1,0.9780759,0.009627442071131906
4103,OBP2A,0.9840748,0.006971889381050555
477,BAIAP2,0.9890512,0.00478122579217996
5268,RPLP1,0.9891527,0.004736659213424501
3704,MSX1,0.9928533,0.003114916365750388
195,AMH,0.9933478,0.0028986657295601206
6547,UCN,0.9938363,0.0026851446384008174
494,BCAP31,0.9952226,0.002079770370451433
170,AKT1S1,0.9968937,0.0013511485736813031
2027,FCRL1,0.997083,0.0012686882864860732
NA,VSTM2L,0.9972245,0.0012070602082760776
2524,HBA1,0.9987513,5.426423888818146e-4
4009,NPW,0.9994779,2.268043614335923e-4
2533,HCRT,0.9995091,2.1324750705036154e-4
3879,NEUROG1,0.9996062,1.710588506722615e-4
2568,HES5,0.9997463,1.101944888208907e-4
5408,SDF2L1,0.9998717,5.572355677078425e-5
NA,HOXA13,0.9999032,4.204174070131821e-5
4827,PSPN,0.9999632,1.5982331010711368e-5
2431,GRAP,0.9999833,7.2527784086441625e-6
2156,FRAT2,0.999999,4.34294699063126e-7
3131,KLF2,0.9999996,1.7371782750986391e-7
6192,TMEM129,0.9999998,8.685890506903885e-8
1823,ENDOG,1,-0
6459,TTN,1,-0
3339,LRP1B,1,-0
5332,RYR2,1,-0
NA,USH2A,1,-0
NA,SYNE1,1,-0
2098,FLG,1,-0
NA,DNAH5,1,-0
1314,CSMD1,1,-0
270,APOB,1,-0
1977,FAT4,1,-0
1566,DMD,1,-0
3340,LRP2,1,-0
4228,PCDH15,1,-0
5331,RYR1,1,-0
NA,DNAH11,1,-0
5542,SI,1,-0
3853,NEB,1,-0
144,AHNAK2,1,-0
5079,RELN,1,-0
1196,COL11A1,1,-0
1365,CUBN,1,-0
218,ANK2,1,-0
4104,OBSCN,1,-0
3190,LAMA2,1,-0
3397,MACF1,1,-0
648,CACNA1E,1,-0
4360,PEG3,1,-0
5135,RIMS2,1,-0
924,CDH10,1,-0
4053,NRXN1,1,-0
3738,MXRA5,1,-0
143,AHNAK,1,-0
219,ANK3,1,-0
2561,HERC2,1,-0
3554,MDN1,1,-0
3800,NALCN,1,-0
6630,VCAN,1,-0
NA,COL22A1,1,-0
1189,CNTNAP2,1,-0
4895,PTPRT,1,-0
3352,LRRC7,1,-0
3753,MYH2,1,-0
2729,HUWE1,1,-0
3189,LAMA1,1,-0
4573,PLXNA4,1,-0
538,BIRC6,1,-0
399,ASXL3,1,-0
165,AKAP9,1,-0
5958,SVEP1,1,-0
6650,VPS13B,1,-0
5383,SCN1A,1,-0
1219,COL6A6,1,-0
3356,LRRK2,1,-0
3010,KALRN,1,-0
3335,LRP1,1,-0
646,CACNA1C,1,-0
5381,SCN10A,1,-0
6836,ZNF804A,1,-0
6109,TG,1,-0
2450,GRIN2A,1,-0
2113,FMN2,1,-0
1594,DOCK2,1,-0
1451,DCC,1,-0
4316,PDE4DIP,1,-0
5412,SDK1,1,-0
944,CDH9,1,-0
NA,COL12A1,1,-0
4541,PLEC,1,-0
3390,LYST,1,-0
3747,MYCBP2,1,-0
1351,CTNND2,1,-0
5387,SCN3A,1,-0
5871,STAB2,1,-0
1628,DSCAM,1,-0
6610,UTRN,1,-0
5768,SORCS1,1,-0
5385,SCN2A,1,-0
1346,CTNNA2,1,-0
1250,CPS1,1,-0
NA,CRB1,1,-0
4897,PTPRZ1,1,-0
1675,DYNC1H1,1,-0
6666,VWF,1,-0
94,ADCY8,1,-0
931,CDH18,1,-0
395,ASTN1,1,-0
1203,COL1A2,1,-0
6422,TRRAP,1,-0
2560,HERC1,1,-0
3222,LCT,1,-0
4751,PRKDC,1,-0
NA,AFF2,1,-0
1982,FBN1,1,-0
5214,RNF213,1,-0
3330,LRFN5,1,-0
6676,WDFY3,1,-0
2555,HECW1,1,-0
4881,PTPRB,1,-0
5671,SLIT2,1,-0
5392,SCN9A,1,-0
3788,MYT1L,1,-0
1635,DSP,1,-0
1205,COL3A1,1,-0
6413,TRPM6,1,-0
3098,KIF2B,1,-0
5770,SORCS3,1,-0
2451,GRIN2B,1,-0
4678,PPP1R3A,1,-0
1220,COL7A1,1,-0
1687,DYSF,1,-0
1872,ERBB4,1,-0
443,ATRX,1,-0
3808,NBEA,1,-0
6075,TECTA,1,-0
1629,DSCAML1,1,-0
2103,FLNC,1,-0
1847,EPHA5,1,-0
926,CDH12,1,-0
5251,ROS1,1,-0
4227,PCDH10,1,-0
4055,NRXN3,1,-0
6139,THSD7A,1,-0
3617,MKI67,1,-0
943,CDH8,1,-0
1198,COL14A1,1,-0
4047,NRK,1,-0
1190,CNTNAP4,1,-0
89,ADCY2,1,-0
590,BSN,1,-0
1210,COL4A5,1,-0
NA,COL19A1,1,-0
1213,COL5A2,1,-0
3436,MAP2,1,-0
6429,TSHZ3,1,-0
5382,SCN11A,1,-0
2709,HSPG2,1,-0
NA,COL24A1,1,-0
1187,CNTN6,1,-0
1610,DPP10,1,-0
5479,SETBP1,1,-0
3945,NLRP5,1,-0
2792,IGSF10,1,-0
6793,ZFPM2,1,-0
5675,SLITRK3,1,-0
3313,LPA,1,-0
4534,PLCE1,1,-0
217,ANK1,1,-0
29,ACAN,1,-0
5242,ROBO2,1,-0
5134,RIMS1,1,-0
2981,ITPR2,1,-0
5241,ROBO1,1,-0
6393,TRIO,1,-0
3373,LTBP1,1,-0
936,CDH23,1,-0
1039,CFH,1,-0
3769,MYO15A,1,-0
1833,EP400,1,-0
1452,DCHS1,1,-0
5130,RIMBP2,1,-0
NA,PPFIA2,1,-0
2463,GRM3,1,-0
3549,MDGA2,1,-0
2117,FN1,1,-0
6177,TLR4,1,-0
1940,F8,1,-0
1186,CNTN5,1,-0
2320,GLI3,1,-0
1849,EPHA7,1,-0
1014,CENPF,1,-0
4231,PCDH9,1,-0
396,ASTN2,1,-0
1532,DIDO1,1,-0
4466,PIK3CG,1,-0
NA,SPTB,1,-0
4310,PDE3A,1,-0
3076,KDR,1,-0
5672,SLIT3,1,-0
6569,UNC5D,1,-0
6599,USP34,1,-0
5447,SEMA5A,1,-0
5390,SCN5A,1,-0
821,CD163,1,-0
NA,ASH1L,1,-0
440,ATR,1,-0
1838,EPB41L3,1,-0
651,CACNA1S,1,-0
4911,PXDN,1,-0
645,CACNA1B,1,-0
661,CADPS,1,-0
6297,TPR,1,-0
5674,SLITRK2,1,-0
6295,TPO,1,-0
6210,TNC,1,-0
1209,COL4A4,1,-0
NA,BAZ2B,1,-0
4537,PLCL1,1,-0
6538,UBR5,1,-0
3192,LAMA4,1,-0
26,ACACB,1,-0
5847,SRRM2,1,-0
4248,PCDHB7,1,-0
1851,EPHB1,1,-0
2467,GRM7,1,-0
5771,SORL1,1,-0
6785,ZEB2,1,-0
3968,NOS1,1,-0
6143,TIAM1,1,-0
3350,LRRC4C,1,-0
1569,DMXL2,1,-0
4325,PDGFRA,1,-0
6416,TRPS1,1,-0
3785,MYOM2,1,-0
644,CACNA1A,1,-0
6829,ZNF521,1,-0
4882,PTPRC,1,-0
3724,MUC2,1,-0
1593,DOCK10,1,-0
160,AKAP13,1,-0
6826,ZNF462,1,-0
3765,MYLK,1,-0
700,CARD11,1,-0
4718,PREX1,1,-0
1013,CENPE,1,-0
1544,DLC1,1,-0
2954,ITGA8,1,-0
1596,DOCK4,1,-0
2443,GRIA2,1,-0
2547,HDAC9,1,-0
4472,PIKFYVE,1,-0
1373,CUL9,1,-0
1214,COL5A3,1,-0
6401,TRPA1,1,-0
3922,NIPBL,1,-0
2465,GRM5,1,-0
6086,TET1,1,-0
1010,CELSR2,1,-0
2109,FLT1,1,-0
222,ANKRD17,1,-0
925,CDH11,1,-0
4232,PCDHA1,1,-0
4922,PZP,1,-0
2102,FLNB,1,-0
2437,GREB1,1,-0
942,CDH7,1,-0
5673,SLITRK1,1,-0
3325,LRBA,1,-0
2448,GRIK2,1,-0
3919,NID2,1,-0
4249,PCDHGA1,1,-0
649,CACNA1G,1,-0
1072,CHL1,1,-0
6697,WNK3,1,-0
2791,IGSF1,1,-0
3813,NCAM2,1,-0
515,BCORL1,1,-0
1206,COL4A1,1,-0
2556,HECW2,1,-0
2442,GRIA1,1,-0
1182,CNTN1,1,-0
2167,FSTL5,1,-0
6079,TEP1,1,-0
5128,RIF1,1,-0
4996,RANBP2,1,-0
182,ALK,1,-0
6172,TLN2,1,-0
941,CDH6,1,-0
5413,SDK2,1,-0
1244,CPAMD8,1,-0
4355,PDZRN4,1,-0
2101,FLNA,1,-0
NA,COL15A1,1,-0
5389,SCN4A,1,-0
5710,SMG1,1,-0
6394,TRIOBP,1,-0
1009,CELSR1,1,-0
5959,SVIL,1,-0
2593,HIVEP1,1,-0
7,ABCA1,1,-0
572,BPTF,1,-0
6695,WNK1,1,-0
3754,MYH9,1,-0
4531,PLCB1,1,-0
3938,NLGN4X,1,-0
3030,KCND2,1,-0
3090,KIF1B,1,-0
5822,SPTBN1,1,-0
2980,ITPR1,1,-0
2786,IGF2R,1,-0
4241,PCDHA6,1,-0
1630,DSG1,1,-0
3430,MAP1A,1,-0
5677,SLITRK5,1,-0
5821,SPTAN1,1,-0
294,ARAP2,1,-0
588,BRWD1,1,-0
386,ASCC3,1,-0
5991,TACC2,1,-0
4253,PCDHGA2,1,-0
1595,DOCK3,1,-0
3362,LRRTM4,1,-0
5823,SPTBN2,1,-0
2798,IGSF9B,1,-0
647,CACNA1D,1,-0
368,ARPP21,1,-0
5678,SLITRK6,1,-0
1252,CR1,1,-0
77,ADAM29,1,-0
1347,CTNNA3,1,-0
1971,FANCM,1,-0
3560,MED13,1,-0
656,CAD,1,-0
3726,MUC6,1,-0
4254,PCDHGA3,1,-0
6410,TRPM2,1,-0
6125,THBS2,1,-0
3193,LAMA5,1,-0
3882,NFASC,1,-0
227,ANKS1B,1,-0
5567,SIPA1L1,1,-0
2574,HGF,1,-0
4890,PTPRK,1,-0
25,ACACA,1,-0
1108,CIT,1,-0
1184,CNTN3,1,-0
6171,TLN1,1,-0
3874,NES,1,-0
6798,ZFYVE26,1,-0
5824,SPTBN4,1,-0
4238,PCDHA3,1,-0
84,ADAMTS5,1,-0
4309,PDE1C,1,-0
5562,SIM1,1,-0
3644,MMP16,1,-0
NA,COL11A2,1,-0
5198,RNF17,1,-0
933,CDH2,1,-0
3420,MAGI1,1,-0
3667,MPDZ,1,-0
4074,NTRK3,1,-0
6374,TRIM58,1,-0
1207,COL4A2,1,-0
1235,CORIN,1,-0
3835,NCOR2,1,-0
1363,CTTNBP2,1,-0
4867,PTPN13,1,-0
3975,NOTCH4,1,-0
3000,JMJD1C,1,-0
626,C3,1,-0
1172,CNKSR2,1,-0
4891,PTPRM,1,-0
3022,KCNA4,1,-0
3920,NIN,1,-0
2444,GRIA3,1,-0
6262,TNS1,1,-0
2042,FGA,1,-0
3452,MAP3K4,1,-0
221,ANKRD11,1,-0
6131,THOC2,1,-0
4229,PCDH19,1,-0
4461,PIK3C2G,1,-0
2445,GRIA4,1,-0
2961,ITGAX,1,-0
1223,COL9A1,1,-0
2935,IRS4,1,-0
6784,ZEB1,1,-0
2982,ITPR3,1,-0
3778,MYO9A,1,-0
2319,GLI2,1,-0
6248,TNIK,1,-0
3974,NOTCH3,1,-0
4242,PCDHA7,1,-0
5745,SNTG1,1,-0
2,A2M,1,-0
3236,LEPR,1,-0
521,BDP1,1,-0
5089,REV3L,1,-0
3094,KIF21A,1,-0
5676,SLITRK4,1,-0
1614,DPYD,1,-0
4354,PDZRN3,1,-0
4043,NRG3,1,-0
5764,SON,1,-0
2559,HELZ,1,-0
5605,SLC12A5,1,-0
1208,COL4A3,1,-0
5944,SULF1,1,-0
6159,TJP1,1,-0
2552,HECTD1,1,-0
1855,EPHB6,1,-0
88,ADCY1,1,-0
3431,MAP1B,1,-0
3561,MED13L,1,-0
5522,SHANK1,1,-0
3199,LAMC3,1,-0
5668,SLCO1B1,1,-0
2163,FSHR,1,-0
4305,PDE10A,1,-0
939,CDH4,1,-0
5648,SLC4A10,1,-0
5452,SEMA6D,1,-0
1547,DLG2,1,-0
319,ARHGAP21,1,-0
4619,POSTN,1,-0
1828,ENPEP,1,-0
6735,XDH,1,-0
14,ABCC8,1,-0
304,ARFGEF1,1,-0
6568,UNC5C,1,-0
4682,PPP1R9A,1,-0
2838,IL1RAPL1,1,-0
3623,MKRN3,1,-0
4041,NRG1,1,-0
1185,CNTN4,1,-0
1202,COL1A1,1,-0
2956,ITGAD,1,-0
1912,EVC2,1,-0
3943,NLRP2,1,-0
91,ADCY5,1,-0
4236,PCDHA13,1,-0
6144,TIAM2,1,-0
4239,PCDHA4,1,-0
4235,PCDHA12,1,-0
82,ADAMTS3,1,-0
NA,COL27A1,1,-0
3918,NID1,1,-0
6284,TP63,1,-0
754,CCDC88A,1,-0
3344,LRP6,1,-0
4054,NRXN2,1,-0
1024,CEP290,1,-0
431,ATP2B2,1,-0
4237,PCDHA2,1,-0
3269,LILRB1,1,-0
725,CASR,1,-0
3525,MCF2,1,-0
1081,CHRM2,1,-0
3917,NHS,1,-0
3374,LTBP2,1,-0
2915,IQGAP2,1,-0
2950,ITGA4,1,-0
1021,CEP170,1,-0
2424,GPRC6A,1,-0
932,CDH19,1,-0
1254,CR2,1,-0
327,ARHGAP31,1,-0
4039,NRCAM,1,-0
4886,PTPRF,1,-0
3078,KEL,1,-0
4501,PKD1,1,-0
201,AMPH,1,-0
5391,SCN8A,1,-0
1046,CFTR,1,-0
4748,PRKD1,1,-0
4196,PARD3,1,-0
3327,LRFN2,1,-0
2354,GNAS,1,-0
4244,PCDHA9,1,-0
4233,PCDHA10,1,-0
3089,KIF1A,1,-0
5523,SHANK2,1,-0
NA,COL21A1,1,-0
4243,PCDHA8,1,-0
2215,GABRG2,1,-0
6404,TRPC4,1,-0
3546,MDC1,1,-0
1879,ERCC6,1,-0
3259,LIFR,1,-0
5149,RLF,1,-0
4896,PTPRU,1,-0
4431,PHLDB2,1,-0
5244,ROBO4,1,-0
328,ARHGAP32,1,-0
2212,GABRA6,1,-0
5113,RGS7,1,-0
1022,CEP192,1,-0
4256,PCDHGA5,1,-0
1915,EVPL,1,-0
5540,SHPRH,1,-0
1375,CUX2,1,-0
5434,SEMA3A,1,-0
3404,MADD,1,-0
3342,LRP4,1,-0
6466,TUBA3C,1,-0
5695,SMARCA2,1,-0
2726,HTT,1,-0
2208,GABRA2,1,-0
1204,COL2A1,1,-0
413,ATG2B,1,-0
4263,PCDHGB3,1,-0
5056,RBP3,1,-0
2959,ITGAM,1,-0
3355,LRRK1,1,-0
4443,PI4KA,1,-0
4418,PHF3,1,-0
5361,SATB2,1,-0
2048,FGD5,1,-0
1454,DCLK1,1,-0
4288,PCSK5,1,-0
1598,DOCK8,1,-0
6420,TRPV5,1,-0
6408,TRPC7,1,-0
3935,NLGN1,1,-0
1430,DACH2,1,-0
3057,KCNQ3,1,-0
2298,GIGYF2,1,-0
6756,YLPM1,1,-0
5651,SLC4A4,1,-0
5432,SELP,1,-0
4575,PLXNB2,1,-0
3180,KSR2,1,-0
4247,PCDHB3,1,-0
2839,IL1RAPL2,1,-0
3942,NLRP1,1,-0
6129,THEMIS,1,-0
3809,NBEAL2,1,-0
2373,GOLGA3,1,-0
5547,SIGLEC1,1,-0
5601,SLC12A1,1,-0
400,ATAD2,1,-0
4234,PCDHA11,1,-0
3359,LRRN3,1,-0
341,ARHGEF11,1,-0
4091,NUP210,1,-0
1534,DIP2A,1,-0
3779,MYO9B,1,-0
NA,ANKRD26,1,-0
5415,SEC16A,1,-0
6253,TNKS1BP1,1,-0
3416,MAGEC2,1,-0
35,ACE,1,-0
3569,MEGF10,1,-0
4887,PTPRG,1,-0
5438,SEMA3E,1,-0
2889,IMPG2,1,-0
5870,STAB1,1,-0
6491,TYR,1,-0
1200,COL17A1,1,-0
2250,GCC2,1,-0
4515,PKP4,1,-0
4092,NUP214,1,-0
4739,PRKCB,1,-0
569,BOC,1,-0
963,CDK5RAP2,1,-0
3182,L1CAM,1,-0
564,BNC1,1,-0
1625,DSC1,1,-0
3086,KIF13A,1,-0
4261,PCDHGB1,1,-0
71,ADAM2,1,-0
1529,DIAPH2,1,-0
6406,TRPC5,1,-0
2390,GPC5,1,-0
1867,EPX,1,-0
4257,PCDHGA6,1,-0
3072,KDM5A,1,-0
3775,MYO5A,1,-0
512,BCL9,1,-0
3197,LAMC1,1,-0
6604,USP6,1,-0
3490,MARCO,1,-0
3992,NPHS1,1,-0
5739,SNRNP200,1,-0
3636,MME,1,-0
3814,NCAN,1,-0
6811,ZMYM3,1,-0
1436,DAPK1,1,-0
6805,ZIC1,1,-0
4981,RAG1,1,-0
3777,MYO7A,1,-0
1810,ELMO1,1,-0
1592,DOCK1,1,-0
2972,ITIH2,1,-0
5833,SRGAP1,1,-0
6821,ZNF318,1,-0
6421,TRPV6,1,-0
4894,PTPRS,1,-0
4710,PRDM16,1,-0
3770,MYO18A,1,-0
3102,KIF5A,1,-0
5448,SEMA5B,1,-0
3303,LMO7,1,-0
2713,HTR1A,1,-0
2107,FLRT2,1,-0
658,CADM2,1,-0
4470,PIK3R4,1,-0
2528,HCFC1,1,-0
5007,RAPGEF2,1,-0
4306,PDE11A,1,-0
6090,TEX14,1,-0
4549,PLEKHG4B,1,-0
2245,GBF1,1,-0
3534,MCM3AP,1,-0
2818,IL16,1,-0
1821,ENAM,1,-0
6052,TCF20,1,-0
318,ARHGAP20,1,-0
1426,DAB1,1,-0
5437,SEMA3D,1,-0
4571,PLXNA2,1,-0
3990,NPFFR2,1,-0
5026,RASGRF2,1,-0
662,CADPS2,1,-0
1613,DPP6,1,-0
6598,USP32,1,-0
3073,KDM5B,1,-0
401,ATAD5,1,-0
4572,PLXNA3,1,-0
2211,GABRA5,1,-0
5061,RC3H1,1,-0
4892,PTPRO,1,-0
4742,PRKCG,1,-0
78,ADAM7,1,-0
4240,PCDHA5,1,-0
3338,LRP12,1,-0
3969,NOS2,1,-0
3419,MAGEL2,1,-0
1199,COL16A1,1,-0
1789,EIF4G1,1,-0
736,CBLB,1,-0
5548,SIGLEC10,1,-0
1923,EYA1,1,-0
5127,RICTOR,1,-0
3059,KCNQ5,1,-0
3941,NLRC4,1,-0
4868,PTPN14,1,-0
4988,RALGAPA2,1,-0
4920,PYHIN1,1,-0
3040,KCNJ12,1,-0
906,CDC42BPA,1,-0
3872,NELL2,1,-0
1170,CNGA2,1,-0
4255,PCDHGA4,1,-0
1505,DEPDC5,1,-0
4609,POLR2A,1,-0
412,ATG2A,1,-0
1688,DZIP3,1,-0
4888,PTPRH,1,-0
3088,KIF14,1,-0
1216,COL6A2,1,-0
4423,PHIP,1,-0
2996,JARID2,1,-0
1082,CHRM3,1,-0
3792,NAALAD2,1,-0
4258,PCDHGA7,1,-0
NA,TNRC6B,1,-0
542,BLM,1,-0
20,ABL2,1,-0
6012,TANC1,1,-0
6453,TTC3,1,-0
2984,ITSN1,1,-0
1889,ERN2,1,-0
4578,PLXND1,1,-0
4773,PROS1,1,-0
5766,SORBS2,1,-0
5260,RPGRIP1L,1,-0
3361,LRRTM3,1,-0
1429,DACH1,1,-0
2993,JAKMIP1,1,-0
3921,NINL,1,-0
4519,PLA2G4A,1,-0
233,ANPEP,1,-0
5245,ROCK1,1,-0
4262,PCDHGB2,1,-0
305,ARFGEF2,1,-0
2985,ITSN2,1,-0
377,ASAP1,1,-0
295,ARAP3,1,-0
2502,GUCY2C,1,-0
4538,PLD1,1,-0
5297,RREB1,1,-0
6565,UNC13B,1,-0
5085,RET,1,-0
4326,PDGFRB,1,-0
1164,CLTCL1,1,-0
6657,VPS8,1,-0
1550,DLG5,1,-0
2466,GRM6,1,-0
4072,NTRK1,1,-0
2112,FLT4,1,-0
2028,FCRL3,1,-0
4259,PCDHGA8,1,-0
2318,GLI1,1,-0
1501,DENND4A,1,-0
4264,PCDHGB4,1,-0
2944,ITGA1,1,-0
95,ADCY9,1,-0
4791,PRTG,1,-0
5971,SYNJ1,1,-0
1536,DISP1,1,-0
12,ABCC2,1,-0
5670,SLIT1,1,-0
2933,IRS1,1,-0
6595,USP24,1,-0
3498,MAST1,1,-0
3957,NMUR2,1,-0
2213,GABRB1,1,-0
5541,SHROOM3,1,-0
6403,TRPC3,1,-0
6396,TRIP11,1,-0
4066,NTM,1,-0
6846,ZSWIM2,1,-0
1901,ESRRG,1,-0
453,AUTS2,1,-0
1193,COBL,1,-0
2447,GRIK1,1,-0
5952,SUPT5H,1,-0
4346,PDS5B,1,-0
5356,SASH1,1,-0
4546,PLEKHG2,1,-0
4521,PLA2R1,1,-0
1118,CLASP1,1,-0
6626,VAV1,1,-0
3270,LILRB2,1,-0
1648,DUOX1,1,-0
6719,WRN,1,-0
11,ABCC1,1,-0
667,CALCR,1,-0
4721,PRG4,1,-0
8,ABCA7,1,-0
334,ARHGAP6,1,-0
3787,MYT1,1,-0
3044,KCNJ3,1,-0
4230,PCDH7,1,-0
1327,CSPG4,1,-0
2150,FOXP2,1,-0
2210,GABRA4,1,-0
5746,SNTG2,1,-0
1552,DLGAP2,1,-0
6124,THBS1,1,-0
3830,NCOA2,1,-0
6678,WDR33,1,-0
442,ATRN,1,-0
5248,ROR2,1,-0
594,BTAF1,1,-0
4460,PIK3C2B,1,-0
6628,VAV3,1,-0
3019,KCNA1,1,-0
6536,UBR1,1,-0
NA,CNGB1,1,-0
74,ADAM22,1,-0
2532,HCN4,1,-0
1023,CEP250,1,-0
6415,TRPM8,1,-0
6077,TEK,1,-0
4774,PROX1,1,-0
1627,DSC3,1,-0
5549,SIGLEC12,1,-0
3101,KIF4A,1,-0
3051,KCNMA1,1,-0
4328,PDHA2,1,-0
631,C5,1,-0
NA,CUL7,1,-0
356,ARID4A,1,-0
1852,EPHB2,1,-0
6450,TTBK1,1,-0
2946,ITGA11,1,-0
5020,RASAL2,1,-0
2374,GOLGA4,1,-0
3453,MAP3K5,1,-0
5322,RXFP1,1,-0
4136,OSMR,1,-0
4711,PRDM2,1,-0
3730,MUSK,1,-0
3960,NOD2,1,-0
6013,TANC2,1,-0
161,AKAP4,1,-0
3496,MASP1,1,-0
3253,LHCGR,1,-0
2909,INSR,1,-0
650,CACNA1H,1,-0
6263,TNS3,1,-0
2284,GFRAL,1,-0
1842,EPHA1,1,-0
6180,TLR7,1,-0
5035,RB1CC1,1,-0
1963,FANCA,1,-0
2327,GLP2R,1,-0
2914,IQGAP1,1,-0
6537,UBR2,1,-0
4530,PLB1,1,-0
4095,NUP98,1,-0
4596,POLA1,1,-0
3683,MRC2,1,-0
1551,DLGAP1,1,-0
70,ADAM19,1,-0
2214,GABRB2,1,-0
1218,COL6A5,1,-0
3491,MARK1,1,-0
6407,TRPC6,1,-0
4267,PCDHGB7,1,-0
3448,MAP3K13,1,-0
2877,IL7R,1,-0
3196,LAMB3,1,-0
1878,ERCC5,1,-0
1676,DYNC1I1,1,-0
3181,KTN1,1,-0
1019,CEP152,1,-0
3831,NCOA3,1,-0
NA,COL28A1,1,-0
4893,PTPRR,1,-0
3195,LAMB2,1,-0
1843,EPHA10,1,-0
6414,TRPM7,1,-0
4513,PKP2,1,-0
3524,MCC,1,-0
1623,DRD5,1,-0
6789,ZFP42,1,-0
NA,UGGT2,1,-0
2783,IGF1R,1,-0
1850,EPHA8,1,-0
1745,EGF,1,-0
6800,ZFYVE9,1,-0
6002,TAF2,1,-0
2967,ITGB4,1,-0
4226,PCDH1,1,-0
2947,ITGA2,1,-0
980,CDON,1,-0
3776,MYO6,1,-0
3034,KCNH2,1,-0
493,BCAN,1,-0
6044,TBX3,1,-0
5258,RPGR,1,-0
5363,SBF1,1,-0
3023,KCNA5,1,-0
3721,MTTP,1,-0
2958,ITGAL,1,-0
3970,NOS3,1,-0
3026,KCNB1,1,-0
3273,LILRB5,1,-0
1772,EIF3A,1,-0
4437,PHRF1,1,-0
5259,RPGRIP1,1,-0
470,BACH2,1,-0
5480,SETD1A,1,-0
4245,PCDHAC1,1,-0
4205,PASK,1,-0
1846,EPHA4,1,-0
4246,PCDHAC2,1,-0
1530,DIAPH3,1,-0
13,ABCC3,1,-0
6424,TSC2,1,-0
4252,PCDHGA12,1,-0
3861,NEFM,1,-0
4271,PCF11,1,-0
1018,CEP135,1,-0
2988,JAG1,1,-0
834,CD22,1,-0
3343,LRP5,1,-0
5328,RXRG,1,-0
2508,GYS2,1,-0
NA,SETD5,1,-0
3140,KLHL13,1,-0
4577,PLXNC1,1,-0
2542,HDAC4,1,-0
1720,EEA1,1,-0
4723,PRICKLE1,1,-0
4574,PLXNB1,1,-0
67,ADAM12,1,-0
6570,UNC80,1,-0
5848,SRRT,1,-0
2830,IL18RAP,1,-0
1951,FAM13A,1,-0
3304,LMTK2,1,-0
4889,PTPRJ,1,-0
753,CCDC80,1,-0
344,ARHGEF17,1,-0
342,ARHGEF12,1,-0
3264,LILRA2,1,-0
2897,INHBA,1,-0
6525,UBE3A,1,-0
2391,GPC6,1,-0
3272,LILRB4,1,-0
4569,PLXDC2,1,-0
2209,GABRA3,1,-0
755,CCDC88C,1,-0
2720,HTR2C,1,-0
2535,HCRTR2,1,-0
2218,GAD2,1,-0
3112,KIR3DL1,1,-0
3080,KHDRBS2,1,-0
1059,CHD1,1,-0
6527,UBE3C,1,-0
1502,DENND4C,1,-0
209,ANGPT1,1,-0
3885,NFATC2,1,-0
426,ATP1A3,1,-0
4266,PCDHGB6,1,-0
3251,LGR6,1,-0
3568,MEFV,1,-0
488,BAZ1B,1,-0
5729,SNCAIP,1,-0
159,AKAP12,1,-0
4286,PCSK2,1,-0
969,CDKL5,1,-0
3056,KCNQ2,1,-0
5957,SV2B,1,-0
872,CD5L,1,-0
3209,LATS1,1,-0
4357,PEAR1,1,-0
1588,DNMT3B,1,-0
4046,NRIP1,1,-0
3198,LAMC2,1,-0
6181,TLR8,1,-0
5774,SOS2,1,-0
4969,RAD50,1,-0
555,BMP5,1,-0
5324,RXFP3,1,-0
2901,INPP5D,1,-0
1020,CEP164,1,-0
3855,NEDD4,1,-0
6629,VCAM1,1,-0
945,CDHR2,1,-0
6031,TBC1D4,1,-0
1941,F9,1,-0
2795,IGSF3,1,-0
1404,CYFIP1,1,-0
6188,TMC2,1,-0
5694,SMARCA1,1,-0
1050,CGN,1,-0
291,AR,1,-0
340,ARHGEF10,1,-0
2716,HTR1E,1,-0
5725,SNAP91,1,-0
5645,SLC45A2,1,-0
1231,COPA,1,-0
5289,RPS6KC1,1,-0
2734,IBTK,1,-0
1500,DENND3,1,-0
4532,PLCB2,1,-0
5882,STARD8,1,-0
6529,UBE4B,1,-0
3883,NFAT5,1,-0
3744,MYBPC3,1,-0
3873,NEO1,1,-0
1188,CNTNAP1,1,-0
3422,MAGI3,1,-0
929,CDH16,1,-0
2752,IFI16,1,-0
1462,DCT,1,-0
3031,KCND3,1,-0
6770,ZBTB16,1,-0
1163,CLTC,1,-0
1980,FBLN2,1,-0
6146,TIE1,1,-0
890,CD93,1,-0
2544,HDAC6,1,-0
2029,FCRL4,1,-0
827,CD1C,1,-0
4404,PGR,1,-0
4070,NTNG1,1,-0
3979,NOX4,1,-0
202,ANAPC1,1,-0
1636,DSPP,1,-0
5286,RPS6KA6,1,-0
6026,TBC1D1,1,-0
6822,ZNF335,1,-0
6585,USP13,1,-0
6003,TAF3,1,-0
5428,SECISBP2L,1,-0
907,CDC42BPB,1,-0
2979,ITPKB,1,-0
6272,TOPORS,1,-0
4251,PCDHGA11,1,-0
173,ALB,1,-0
3829,NCOA1,1,-0
6654,VPS41,1,-0
2957,ITGAE,1,-0
1626,DSC2,1,-0
5051,RBM6,1,-0
1015,CENPJ,1,-0
6489,TYK2,1,-0
1103,CIITA,1,-0
99,ADD2,1,-0
4078,NUAK1,1,-0
5613,SLC18A3,1,-0
5630,SLC26A5,1,-0
5416,SEC16B,1,-0
4424,PHKA1,1,-0
3812,NCAM1,1,-0
4407,PHACTR3,1,-0
5243,ROBO3,1,-0
1056,CHAT,1,-0
4503,PKD2L1,1,-0
2550,HDLBP,1,-0
83,ADAMTS4,1,-0
1580,DNAJC6,1,-0
6117,TGFBR3,1,-0
5445,SEMA4F,1,-0
6575,UPF2,1,-0
5559,SIK3,1,-0
1762,EIF2AK3,1,-0
1554,DLGAP4,1,-0
5855,SSH1,1,-0
4260,PCDHGA9,1,-0
1612,DPP4,1,-0
3383,LY9,1,-0
5247,ROR1,1,-0
3120,KL,1,-0
491,BBX,1,-0
5880,STARD13,1,-0
3263,LILRA1,1,-0
2945,ITGA10,1,-0
4090,NUP153,1,-0
3250,LGR5,1,-0
4576,PLXNB3,1,-0
5282,RPS6KA2,1,-0
653,CACNB2,1,-0
2323,GLIS3,1,-0
246,AP3B2,1,-0
4031,NR3C2,1,-0
1931,F13A1,1,-0
1925,EZH2,1,-0
1606,DOT1L,1,-0
6810,ZMYM2,1,-0
5679,SLK,1,-0
1955,FAM193A,1,-0
2548,HDC,1,-0
669,CALD1,1,-0
6088,TET3,1,-0
6054,TCF4,1,-0
5972,SYNJ2,1,-0
81,ADAMTS13,1,-0
351,ARHGEF6,1,-0
4692,PPP2R3A,1,-0
430,ATP2B1,1,-0
1631,DSG2,1,-0
245,AP3B1,1,-0
5657,SLC6A3,1,-0
6581,USHBP1,1,-0
4620,POT1,1,-0
1620,DRD2,1,-0
2180,FYCO1,1,-0
2464,GRM4,1,-0
6803,ZHX2,1,-0
5291,RPTOR,1,-0
NA,CNGA4,1,-0
6698,WNK4,1,-0
5618,SLC1A6,1,-0
NA,KIF18A,1,-0
1701,EBF1,1,-0
2293,GHR,1,-0
5261,RPH3A,1,-0
1278,CROCC,1,-0
4995,RANBP17,1,-0
6136,THRAP3,1,-0
3579,MERTK,1,-0
2948,ITGA2B,1,-0
562,BMPR2,1,-0
2615,HLTF,1,-0
489,BAZ2A,1,-0
6796,ZFYVE16,1,-0
439,ATP7B,1,-0
6596,USP25,1,-0
5702,SMARCC2,1,-0
2848,IL21R,1,-0
5919,STON2,1,-0
2565,HERC6,1,-0
1829,ENPP1,1,-0
3331,LRIG1,1,-0
1837,EPB41L2,1,-0
951,CDK13,1,-0
4371,PEX1,1,-0
1350,CTNND1,1,-0
3210,LATS2,1,-0
2512,HACE1,1,-0
2203,GABBR2,1,-0
3499,MAST2,1,-0
6457,TTK,1,-0
428,ATP2A1,1,-0
2007,FBXW10,1,-0
NA,COL20A1,1,-0
1754,EHMT1,1,-0
264,APLP1,1,-0
5210,RNF20,1,-0
NA,FCRL2,1,-0
6316,TRAPPC9,1,-0
2992,JAK3,1,-0
250,APBA2,1,-0
6696,WNK2,1,-0
2965,ITGB3,1,-0
1309,CSF3R,1,-0
6722,WT1,1,-0
4464,PIK3CB,1,-0
108,ADNP,1,-0
3378,LTF,1,-0
5374,SCEL,1,-0
326,ARHGAP30,1,-0
2149,FOXP1,1,-0
6252,TNKS,1,-0
4875,PTPN4,1,-0
2722,HTR5A,1,-0
5835,SRGAP3,1,-0
3417,MAGED1,1,-0
581,BRD8,1,-0
4854,PTK2,1,-0
5602,SLC12A2,1,-0
3884,NFATC1,1,-0
4265,PCDHGB5,1,-0
4411,PHEX,1,-0
4928,RAB11FIP1,1,-0
4834,PTCHD1,1,-0
6813,ZMYND8,1,-0
4112,OGT,1,-0
4021,NR1H4,1,-0
4759,PRLR,1,-0
3522,MC5R,1,-0
3067,KDM2B,1,-0
4753,PRKG2,1,-0
1853,EPHB3,1,-0
1467,DCX,1,-0
4802,PSG9,1,-0
4852,PTH2R,1,-0
5650,SLC4A3,1,-0
4752,PRKG1,1,-0
6828,ZNF516,1,-0
4800,PSG6,1,-0
4456,PIGR,1,-0
339,ARHGEF1,1,-0
3414,MAGEA11,1,-0
5430,SELE,1,-0
2964,ITGB2,1,-0
4543,PLEKHA7,1,-0
3999,NPR1,1,-0
5420,SEC24A,1,-0
2564,HERC5,1,-0
5898,STK10,1,-0
2960,ITGAV,1,-0
1405,CYLD,1,-0
4872,PTPN22,1,-0
4855,PTK2B,1,-0
3937,NLGN3,1,-0
1873,ERC1,1,-0
6633,VCPIP1,1,-0
6590,USP19,1,-0
6749,XRN2,1,-0
5454,SEMG2,1,-0
3984,NPAT,1,-0
314,ARHGAP15,1,-0
1079,CHRD,1,-0
6554,UGT2B7,1,-0
1976,FASN,1,-0
6428,TSHR,1,-0
4182,PAK3,1,-0
249,APBA1,1,-0
5569,SIRPB1,1,-0
4289,PCSK6,1,-0
1431,DACT1,1,-0
1714,EDIL3,1,-0
2803,IKZF1,1,-0
3087,KIF13B,1,-0
5995,TACR3,1,-0
423,ATN1,1,-0
5256,RPAP1,1,-0
940,CDH5,1,-0
6677,WDHD1,1,-0
3825,NCKAP1,1,-0
6498,UBAP2,1,-0
3542,MCOLN3,1,-0
4185,PALB2,1,-0
315,ARHGAP17,1,-0
3562,MED14,1,-0
1455,DCLK3,1,-0
2249,GCC1,1,-0
5375,SCG2,1,-0
1243,CP,1,-0
5091,RFC1,1,-0
5424,SEC31A,1,-0
6528,UBE4A,1,-0
4000,NPR2,1,-0
3321,LPIN1,1,-0
5421,SEC24B,1,-0
5883,STAT1,1,-0
460,AXIN2,1,-0
4608,POLR1B,1,-0
6269,TOP2A,1,-0
1463,DCTN1,1,-0
128,AFF1,1,-0
4535,PLCG1,1,-0
1917,EXO1,1,-0
5045,RBM15,1,-0
4119,OPHN1,1,-0
5789,SP4,1,-0
3439,MAP2K3,1,-0
6127,THBS4,1,-0
5323,RXFP2,1,-0
5510,SH3BP4,1,-0
4186,PALLD,1,-0
293,ARAP1,1,-0
6526,UBE3B,1,-0
4307,PDE1A,1,-0
2116,FMR1,1,-0
220,ANKIB1,1,-0
3461,MAP4K4,1,-0
3317,LPAR4,1,-0
3104,KIF5C,1,-0
6167,TLE4,1,-0
1151,CLIP1,1,-0
3487,MAPT,1,-0
329,ARHGAP33,1,-0
3886,NFATC3,1,-0
4844,PTGFR,1,-0
324,ARHGAP28,1,-0
4109,OGDH,1,-0
5979,SYT4,1,-0
4250,PCDHGA10,1,-0
935,CDH22,1,-0
2044,FGD1,1,-0
1306,CSF2RA,1,-0
5616,SLC1A3,1,-0
407,ATF6,1,-0
NA,SLC2A3,1,-0
4943,RAB3GAP1,1,-0
1973,FARP2,1,-0
145,AHR,1,-0
5606,SLC12A6,1,-0
1160,CLSPN,1,-0
5246,ROCK2,1,-0
6690,WIPF1,1,-0
4350,PDYN,1,-0
2517,HAS2,1,-0
1371,CUL4B,1,-0
5395,SCNN1G,1,-0
5084,REST,1,-0
3473,MAPK4,1,-0
4432,PHLPP1,1,-0
5895,STIL,1,-0
4749,PRKD2,1,-0
130,AGAP2,1,-0
1763,EIF2AK4,1,-0
6382,TRIM67,1,-0
461,AXL,1,-0
228,ANLN,1,-0
6683,WDR62,1,-0
6091,TF,1,-0
3702,MST1R,1,-0
510,BCL6,1,-0
688,CAND1,1,-0
5029,RASGRP3,1,-0
4430,PHLDB1,1,-0
3526,MCF2L,1,-0
3011,KANK1,1,-0
6740,XPO1,1,-0
2953,ITGA7,1,-0
4073,NTRK2,1,-0
4003,NPSR1,1,-0
4917,PYGM,1,-0
1152,CLIP2,1,-0
1119,CLASP2,1,-0
1183,CNTN2,1,-0
229,ANO7,1,-0
5553,SIGLEC6,1,-0
4011,NPY1R,1,-0
1201,COL18A1,1,-0
4118,OPCML,1,-0
199,AMOTL1,1,-0
563,BMX,1,-0
3311,LONRF3,1,-0
NA,FCHO1,1,-0
6402,TRPC1,1,-0
3699,MSN,1,-0
1425,DAAM1,1,-0
6149,TIMD4,1,-0
4049,NRP1,1,-0
5629,SLC26A4,1,-0
5062,RC3H2,1,-0
916,CDCA2,1,-0
2781,IGDCC4,1,-0
805,CCPG1,1,-0
4285,PCSK1,1,-0
2515,HAPLN1,1,-0
4778,PRPF4B,1,-0
6574,UPF1,1,-0
5380,SCML2,1,-0
2088,FILIP1L,1,-0
2119,FNBP4,1,-0
5517,SH3PXD2A,1,-0
4281,PCM1,1,-0
5682,SLTM,1,-0
3767,MYLK3,1,-0
6742,XPOT,1,-0
3566,MEF2C,1,-0
1526,DHX9,1,-0
497,BCAS1,1,-0
1712,EDC4,1,-0
689,CAND2,1,-0
2317,GLG1,1,-0
4983,RAI1,1,-0
4982,RAG2,1,-0
4462,PIK3C3,1,-0
3654,MMP9,1,-0
1695,E2F7,1,-0
6004,TAF4,1,-0
5112,RGS6,1,-0
5769,SORCS2,1,-0
728,CATSPER1,1,-0
2794,IGSF21,1,-0
4210,PAX3,1,-0
6290,TPH2,1,-0
1535,DISC1,1,-0
4013,NPY5R,1,-0
927,CDH13,1,-0
3220,LCP1,1,-0
1197,COL13A1,1,-0
NA,PUM1,1,-0
1834,EPAS1,1,-0
735,CBL,1,-0
2645,HNRNPUL1,1,-0
4089,NUP133,1,-0
3604,MIB1,1,-0
2785,IGF2BP1,1,-0
6046,TBXAS1,1,-0
5571,SIRPG,1,-0
2583,HIF3A,1,-0
2971,ITGB8,1,-0
3816,NCAPG,1,-0
6724,WWC1,1,-0
3535,MCM4,1,-0
4171,PADI3,1,-0
4433,PHLPP2,1,-0
3286,LINGO1,1,-0
2033,FER,1,-0
5041,RBL1,1,-0
5791,SPAG1,1,-0
1969,FANCI,1,-0
4107,ODF2,1,-0
NA,EYA2,1,-0
484,BARD1,1,-0
4646,PPIG,1,-0
4665,PPP1R12B,1,-0
6254,TNKS2,1,-0
5229,RNF40,1,-0
125,AEBP1,1,-0
5423,SEC24D,1,-0
6016,TAOK2,1,-0
5171,RNF123,1,-0
336,ARHGAP9,1,-0
2578,HHIP,1,-0
4177,PAH,1,-0
2588,HIPK2,1,-0
6150,TIMELESS,1,-0
5963,SYDE2,1,-0
4416,PHF20,1,-0
2416,GPR37,1,-0
1157,CLMN,1,-0
73,ADAM21,1,-0
6607,USP8,1,-0
2335,GLUD2,1,-0
6693,WIZ,1,-0
3053,KCNN2,1,-0
6602,USP47,1,-0
4421,PHF8,1,-0
4426,PHKB,1,-0
2916,IQSEC2,1,-0
1140,CLEC14A,1,-0
501,BCL11B,1,-0
6094,TFAP2B,1,-0
3846,NDN,1,-0
114,ADRA1A,1,-0
4313,PDE4B,1,-0
659,CADM3,1,-0
4123,OPRM1,1,-0
2137,FOXG1,1,-0
2919,IRAK3,1,-0
6178,TLR5,1,-0
5949,SUN1,1,-0
3479,MAPK8IP3,1,-0
1525,DHX8,1,-0
6372,TRIM55,1,-0
352,ARHGEF7,1,-0
3516,MBTPS1,1,-0
3003,JPH1,1,-0
5647,SLC4A1,1,-0
378,ASAP2,1,-0
6015,TAOK1,1,-0
4144,OTUD7B,1,-0
3249,LGR4,1,-0
1168,CMKLR1,1,-0
3978,NOX3,1,-0
6350,TRIM33,1,-0
4368,PER2,1,-0
19,ABL1,1,-0
3024,KCNAB1,1,-0
37,ACIN1,1,-0
4191,PAPLN,1,-0
694,CAPN3,1,-0
5070,RECK,1,-0
2562,HERC3,1,-0
3661,MOCOS,1,-0
2462,GRM2,1,-0
1719,EDNRB,1,-0
1897,ESR1,1,-0
5956,SV2A,1,-0
432,ATP2B4,1,-0
3684,MRGPRX1,1,-0
3289,LIPE,1,-0
4367,PER1,1,-0
709,CASK,1,-0
4458,PIK3AP1,1,-0
3826,NCKAP5L,1,-0
4311,PDE3B,1,-0
394,ASPH,1,-0
138,AGTR1,1,-0
350,ARHGEF5,1,-0
5624,SLC24A2,1,-0
4628,POU3F4,1,-0
1121,CLCN3,1,-0
2265,GDF2,1,-0
3334,LRIT2,1,-0
2407,GPR174,1,-0
1997,FBXO38,1,-0
6268,TOP1,1,-0
2921,IREB2,1,-0
3266,LILRA4,1,-0
2077,FGG,1,-0
2557,HELB,1,-0
6175,TLR2,1,-0
2129,FOXA1,1,-0
6193,TMEM132A,1,-0
3457,MAP4,1,-0
6809,ZMIZ1,1,-0
5464,SERPINA7,1,-0
4188,PAM,1,-0
3750,MYF5,1,-0
4499,PJA1,1,-0
1522,DHX29,1,-0
4925,QRFPR,1,-0
2530,HCLS1,1,-0
4036,NR5A2,1,-0
2800,IKBKB,1,-0
3106,KIFAP3,1,-0
5794,SPAG9,1,-0
5846,SRRM1,1,-0
97,ADCYAP1R1,1,-0
4857,PTK7,1,-0
6492,TYRO3,1,-0
891,CD96,1,-0
6187,TMC1,1,-0
6270,TOP2B,1,-0
1965,FANCD2,1,-0
5150,RLIM,1,-0
684,CAMK4,1,-0
1877,ERCC4,1,-0
2330,GLRB,1,-0
3262,LIG4,1,-0
444,ATXN1,1,-0
4984,RAI14,1,-0
1918,EXOC2,1,-0
4674,PPP1R16B,1,-0
3009,JUP,1,-0
1742,EFR3A,1,-0
3865,NEK1,1,-0
NA,RORB,1,-0
3071,KDM4C,1,-0
4167,PACS1,1,-0
6502,UBC,1,-0
1054,CHAF1A,1,-0
6643,VIL1,1,-0
4533,PLCB3,1,-0
6061,TCOF1,1,-0
3458,MAP4K1,1,-0
2778,IFT88,1,-0
717,CASP5,1,-0
6419,TRPV4,1,-0
3904,NFX1,1,-0
2630,HNF4A,1,-0
92,ADCY6,1,-0
5863,SSTR4,1,-0
2651,HOOK3,1,-0
5398,SCRIB,1,-0
4771,PROKR2,1,-0
2955,ITGA9,1,-0
5303,RSF1,1,-0
4871,PTPN21,1,-0
2586,HIP1,1,-0
6579,USH1C,1,-0
6819,ZNF264,1,-0
6639,VEGFC,1,-0
2683,HRG,1,-0
2225,GALNT8,1,-0
2881,ILDR2,1,-0
3425,MAML2,1,-0
2453,GRIN2D,1,-0
5425,SEC31B,1,-0
530,BICD1,1,-0
4614,POM121,1,-0
1795,EIF5B,1,-0
3021,KCNA3,1,-0
3548,MDGA1,1,-0
579,BRD4,1,-0
2280,GFRA1,1,-0
4385,PFAS,1,-0
4208,PAX1,1,-0
1905,ETV1,1,-0
2100,FLII,1,-0
6364,TRIM46,1,-0
4603,POLI,1,-0
5686,SMAD2,1,-0
1696,E2F8,1,-0
3307,LONP1,1,-0
3790,N4BP1,1,-0
2087,FIG4,1,-0
3050,KCNK9,1,-0
1621,DRD3,1,-0
3260,LIG1,1,-0
456,AVPR1A,1,-0
4202,PARP1,1,-0
6208,TMPRSS6,1,-0
16,ABCG2,1,-0
5444,SEMA4D,1,-0
1744,EFTUD2,1,-0
2307,GJA8,1,-0
446,ATXN2L,1,-0
5556,SIGLEC9,1,-0
5114,RHAG,1,-0
5088,REV1,1,-0
2650,HOOK1,1,-0
2951,ITGA5,1,-0
4410,PHC3,1,-0
4905,PUM2,1,-0
3497,MASP2,1,-0
552,BMP2K,1,-0
630,C4BPA,1,-0
6499,UBAP2L,1,-0
NA,ATXN2,1,-0
6412,TRPM4,1,-0
1900,ESRRB,1,-0
6353,TRIM36,1,-0
3672,MPO,1,-0
2596,HK2,1,-0
2014,FCAR,1,-0
5726,SNAPC4,1,-0
3066,KDM2A,1,-0
2329,GLRA2,1,-0
2183,FZD10,1,-0
952,CDK14,1,-0
2942,ISLR2,1,-0
3578,MEPE,1,-0
2717,HTR1F,1,-0
2631,HNF4G,1,-0
6825,ZNF420,1,-0
3357,LRRN1,1,-0
5732,SND1,1,-0
3529,MCHR2,1,-0
1541,DKK2,1,-0
2202,GABBR1,1,-0
5968,SYN3,1,-0
5603,SLC12A3,1,-0
2394,GPHN,1,-0
2085,FHOD1,1,-0
6576,UPF3B,1,-0
211,ANGPT4,1,-0
1546,DLG1,1,-0
3692,MSH5,1,-0
602,BTN1A1,1,-0
4193,PAPOLB,1,-0
1246,CPEB1,1,-0
3261,LIG3,1,-0
5531,SHC4,1,-0
3323,LPP,1,-0
5518,SH3PXD2B,1,-0
1553,DLGAP3,1,-0
3856,NEDD4L,1,-0
93,ADCY7,1,-0
6160,TJP2,1,-0
1408,CYP19A1,1,-0
1979,FBLN1,1,-0
4915,PYGB,1,-0
3866,NEK11,1,-0
347,ARHGEF2,1,-0
3413,MAG,1,-0
135,AGRN,1,-0
5146,RIPK4,1,-0
5665,SLC9A3,1,-0
2015,FCER1A,1,-0
758,CCKBR,1,-0
1801,ELAVL4,1,-0
3741,MYBBP1A,1,-0
142,AHI1,1,-0
2753,IFIH1,1,-0
2718,HTR2A,1,-0
1911,EVC,1,-0
5708,SMC6,1,-0
747,CC2D2A,1,-0
3519,MC2R,1,-0
3786,MYRIP,1,-0
5360,SATB1,1,-0
1537,DISP2,1,-0
1928,F11,1,-0
3656,MN1,1,-0
56,ACTN4,1,-0
52,ACTG1,1,-0
6169,TLK1,1,-0
2529,HCK,1,-0
5699,SMARCAL1,1,-0
2811,IL12RB1,1,-0
2425,GPRIN1,1,-0
5485,SF1,1,-0
2591,HIRA,1,-0
4836,PTDSS1,1,-0
3083,KIAA0319L,1,-0
6671,WASF3,1,-0
3859,NEFH,1,-0
2797,IGSF8,1,-0
4623,POU2F1,1,-0
6455,TTF1,1,-0
612,BUB1B,1,-0
5466,SERPINB2,1,-0
3905,NFXL1,1,-0
5698,SMARCAD1,1,-0
4848,PTGS2,1,-0
6174,TLR10,1,-0
3091,KIF1C,1,-0
23,ABR,1,-0
1913,EVI5,1,-0
2746,IDE,1,-0
3608,MID1,1,-0
3305,LNX1,1,-0
4817,PSMD1,1,-0
4785,PRSS1,1,-0
4584,PMS2,1,-0
5886,STAT4,1,-0
2185,FZD3,1,-0
4001,NPR3,1,-0
2388,GPC3,1,-0
4386,PFKFB1,1,-0
531,BICD2,1,-0
433,ATP2C1,1,-0
3322,LPL,1,-0
6170,TLK2,1,-0
1178,CNR1,1,-0
3048,KCNK18,1,-0
5923,STRN,1,-0
5829,SRCIN1,1,-0
2949,ITGA3,1,-0
1277,CRMP1,1,-0
608,BTNL8,1,-0
4143,OTUD7A,1,-0
6032,TBC1D5,1,-0
3646,MMP2,1,-0
NA,LAS1L,1,-0
5649,SLC4A11,1,-0
3555,ME1,1,-0
937,CDH24,1,-0
3492,MARK2,1,-0
3669,MPHOSPH10,1,-0
38,ACLY,1,-0
3977,NOX1,1,-0
5367,SCAP,1,-0
1999,FBXO43,1,-0
4192,PAPOLA,1,-0
2864,IL31RA,1,-0
5507,SH2D3C,1,-0
21,ABLIM1,1,-0
3069,KDM4A,1,-0
4833,PTCH2,1,-0
1728,EEF2K,1,-0
4269,PCDHGC4,1,-0
5655,SLC6A12,1,-0
6768,ZBP1,1,-0
1440,DAXX,1,-0
1788,EIF4ENIF1,1,-0
2495,GTF2IRD1,1,-0
3720,MTSS1,1,-0
1428,DAB2IP,1,-0
6451,TTBK2,1,-0
4508,PKN1,1,-0
2727,HUNK,1,-0
5894,STEAP4,1,-0
1514,DGKZ,1,-0
828,CD1D,1,-0
5160,RNF10,1,-0
3576,MEP1B,1,-0
4494,PITPNM3,1,-0
4598,POLD1,1,-0
4453,PIGG,1,-0
5607,SLC12A7,1,-0
1642,DTX1,1,-0
5463,SERPINA5,1,-0
1880,ERCC6L,1,-0
4012,NPY2R,1,-0
2433,GRB10,1,-0
2823,IL17RA,1,-0
5622,SLC22A6,1,-0
3172,KRT1,1,-0
3234,LENG8,1,-0
6386,TRIM71,1,-0
4617,POP1,1,-0
5400,SCUBE2,1,-0
3358,LRRN2,1,-0
5951,SUPT16H,1,-0
2122,FNIP2,1,-0
2712,HTATSF1,1,-0
668,CALCRL,1,-0
6519,UBE2O,1,-0
3333,LRIT1,1,-0
5514,SH3GL3,1,-0
1073,CHM,1,-0
5860,SSTR1,1,-0
6339,TRIM22,1,-0
4121,OPRK1,1,-0
2940,ISL1,1,-0
826,CD1B,1,-0
4315,PDE4D,1,-0
4630,POU4F2,1,-0
2689,HSD17B4,1,-0
585,BRS3,1,-0
3686,MRGPRX4,1,-0
3664,MORC2,1,-0
2696,HSP90B1,1,-0
607,BTN3A3,1,-0
3380,LUM,1,-0
3537,MCM6,1,-0
1069,CHIA,1,-0
224,ANKRD28,1,-0
5487,SF3B2,1,-0
NA,TGFBI,1,-0
5427,SEC63,1,-0
6790,ZFP91,1,-0
541,BLK,1,-0
5969,SYNCRIP,1,-0
5348,SAFB,1,-0
263,APLNR,1,-0
3691,MSH2,1,-0
5008,RAPGEF3,1,-0
51,ACTC1,1,-0
5422,SEC24C,1,-0
835,CD226,1,-0
3287,LINGO4,1,-0
1864,EPS15L1,1,-0
4847,PTGS1,1,-0
823,CD180,1,-0
2710,HSPH1,1,-0
746,CC2D1A,1,-0
4763,PRMT8,1,-0
6346,TRIM29,1,-0
4559,PLK4,1,-0
571,BPI,1,-0
3107,KIFC1,1,-0
5441,SEMA4A,1,-0
6278,TP53BP2,1,-0
3233,LEMD3,1,-0
4590,PNPLA8,1,-0
68,ADAM15,1,-0
2911,INVS,1,-0
6201,TMEM67,1,-0
5565,SIN3B,1,-0
6341,TRIM24,1,-0
3673,MPP1,1,-0
5975,SYNRG,1,-0
1088,CHRNA4,1,-0
3103,KIF5B,1,-0
1263,CREB5,1,-0
3332,LRIG2,1,-0
1521,DHX16,1,-0
353,ARHGEF9,1,-0
3751,MYF6,1,-0
5217,RNF216,1,-0
1751,EGR2,1,-0
5610,SLC16A7,1,-0
2153,FPR2,1,-0
176,ALDH1A2,1,-0
184,ALOX5,1,-0
3543,MCPH1,1,-0
2262,GDF10,1,-0
5100,RFX3,1,-0
2084,FHL5,1,-0
3399,MAD1L1,1,-0
4317,PDE5A,1,-0
5654,SLC6A1,1,-0
1418,CYP7A1,1,-0
4509,PKN2,1,-0
1558,DLL1,1,-0
1799,ELAVL2,1,-0
516,BCR,1,-0
1413,CYP2C9,1,-0
3115,KIRREL3,1,-0
2398,GPM6A,1,-0
3043,KCNJ2,1,-0
3245,LGI2,1,-0
2342,GMPS,1,-0
2304,GJA1,1,-0
1304,CSF1R,1,-0
1253,CR1L,1,-0
4744,PRKCI,1,-0
1060,CHD1L,1,-0
5831,SREBF2,1,-0
5139,RINT1,1,-0
1617,DPYSL5,1,-0
5342,S1PR1,1,-0
6600,USP37,1,-0
2694,HSP90AA1,1,-0
3230,LEF1,1,-0
5349,SAFB2,1,-0
666,CALCOCO1,1,-0
6566,UNC5A,1,-0
3740,MYB,1,-0
1863,EPS15,1,-0
6126,THBS3,1,-0
3179,KSR1,1,-0
6644,VIM,1,-0
5554,SIGLEC7,1,-0
345,ARHGEF18,1,-0
922,CDCP1,1,-0
66,ADAM11,1,-0
1450,DCBLD2,1,-0
3836,NCR1,1,-0
1952,FAM13B,1,-0
6777,ZC3HAV1,1,-0
NA,ZC3H11A,1,-0
5302,RRP12,1,-0
1474,DDR1,1,-0
5462,SERPINA3,1,-0
4493,PITPNM1,1,-0
5192,RNF157,1,-0
2455,GRIPAP1,1,-0
NA,KDM6B,1,-0
3310,LONRF2,1,-0
2372,GOLGA2,1,-0
4495,PITRM1,1,-0
1827,ENOX2,1,-0
4738,PRKCA,1,-0
710,CASKIN1,1,-0
4644,PPFIA3,1,-0
3610,MID2,1,-0
4668,PPP1R13L,1,-0
2091,FKBP15,1,-0
548,BMP1,1,-0
2507,GYS1,1,-0
6726,WWP1,1,-0
5006,RAPGEF1,1,-0
129,AFP,1,-0
1884,ERG,1,-0
2115,FMO1,1,-0
349,ARHGEF4,1,-0
3593,MFN1,1,-0
5449,SEMA6A,1,-0
3146,KLHL25,1,-0
2177,FXR1,1,-0
4798,PSG4,1,-0
6017,TAOK3,1,-0
3887,NFATC4,1,-0
6391,TRIM9,1,-0
2595,HK1,1,-0
6627,VAV2,1,-0
5552,SIGLEC5,1,-0
2793,IGSF11,1,-0
15,ABCF1,1,-0
425,ATP1A1,1,-0
2621,HMGCS2,1,-0
1482,DDX24,1,-0
3149,KLHL9,1,-0
1153,CLK1,1,-0
5469,SERPINC1,1,-0
2841,IL1RL2,1,-0
4194,PAPOLG,1,-0
4500,PJA2,1,-0
6772,ZBTB4,1,-0
1488,DDX46,1,-0
54,ACTN1,1,-0
4030,NR3C1,1,-0
1875,ERCC2,1,-0
1372,CUL5,1,-0
3068,KDM3A,1,-0
5633,SLC2A2,1,-0
6802,ZHX1,1,-0
6040,TBR1,1,-0
4268,PCDHGC3,1,-0
6349,TRIM32,1,-0
3418,MAGED2,1,-0
2399,GPNMB,1,-0
5604,SLC12A4,1,-0
1230,COMP,1,-0
3228,LDLR,1,-0
2836,IL1R2,1,-0
1760,EIF2AK1,1,-0
3424,MAML1,1,-0
1707,ECT2,1,-0
4741,PRKCE,1,-0
6704,WNT2,1,-0
1175,CNOT3,1,-0
2840,IL1RL1,1,-0
6418,TRPV3,1,-0
6347,TRIM3,1,-0
NA,HOOK2,1,-0
2880,ILDR1,1,-0
5285,RPS6KA5,1,-0
2193,G2E3,1,-0
540,BIRC8,1,-0
6712,WNT7A,1,-0
1582,DNM1,1,-0
6603,USP5,1,-0
1584,DNM2,1,-0
3773,MYO1E,1,-0
4581,PML,1,-0
4667,PPP1R13B,1,-0
2267,GDF5,1,-0
3047,KCNJ8,1,-0
4216,PAXIP1,1,-0
851,CD33,1,-0
150,AIFM1,1,-0
5623,SLC22A8,1,-0
3004,JPH2,1,-0
4845,PTGFRN,1,-0
3353,LRRFIP1,1,-0
6562,ULK1,1,-0
1902,ETAA1,1,-0
2644,HNRNPU,1,-0
1812,ELN,1,-0
282,APP,1,-0
5111,RGS4,1,-0
4409,PHC2,1,-0
611,BUB1,1,-0
76,ADAM28,1,-0
4415,PHF2,1,-0
3862,NEGR1,1,-0
1364,CTTNBP2NL,1,-0
1672,DVL3,1,-0
3223,LCTL,1,-0
469,BACH1,1,-0
4165,PABPC1,1,-0
2858,IL27RA,1,-0
3187,LAIR1,1,-0
5558,SIK2,1,-0
5889,STAT6,1,-0
322,ARHGAP26,1,-0
2724,HTR7,1,-0
6462,TUB,1,-0
5669,SLCO4A1,1,-0
5451,SEMA6C,1,-0
NA,PKD2L2,1,-0
5318,RUNX2,1,-0
NA,SLC9A5,1,-0
2045,FGD2,1,-0
3840,NCSTN,1,-0
1245,CPE,1,-0
5207,RNF19A,1,-0
1027,CEP68,1,-0
4989,RALGDS,1,-0
4312,PDE4A,1,-0
4308,PDE1B,1,-0
3292,LLGL2,1,-0
1078,CHN2,1,-0
6405,TRPC4AP,1,-0
4108,OFD1,1,-0
3991,NPHP1,1,-0
3005,JPH3,1,-0
3476,MAPK8,1,-0
3501,MASTL,1,-0
3386,LYN,1,-0
3,AAK1,1,-0
168,AKR1C4,1,-0
2232,GAP43,1,-0
2099,FLI1,1,-0
3002,JMY,1,-0
5992,TACC3,1,-0
2389,GPC4,1,-0
310,ARHGAP10,1,-0
3811,NBR1,1,-0
5502,SH2B1,1,-0
928,CDH15,1,-0
2628,HNF1A,1,-0
5409,SDHA,1,-0
5749,SNX14,1,-0
6662,VSIG4,1,-0
2047,FGD4,1,-0
2157,FRK,1,-0
1224,COL9A2,1,-0
4455,PIGO,1,-0
1704,ECE1,1,-0
786,CCNA1,1,-0
3100,KIF3A,1,-0
4689,PPP2R2B,1,-0
6456,TTF2,1,-0
5867,ST14,1,-0
3085,KIF11,1,-0
6028,TBC1D15,1,-0
6651,VPS18,1,-0
3268,LILRA6,1,-0
2434,GRB14,1,-0
6161,TJP3,1,-0
5015,RARB,1,-0
4520,PLA2G6,1,-0
833,CD209,1,-0
2046,FGD3,1,-0
6340,TRIM23,1,-0
2837,IL1RAP,1,-0
6182,TLR9,1,-0
1239,CORO7,1,-0
2875,IL6ST,1,-0
1221,COL8A1,1,-0
1835,EPB41,1,-0
1412,CYP2C18,1,-0
3674,MPRIP,1,-0
5907,STK36,1,-0
1159,CLOCK,1,-0
5524,SHANK3,1,-0
4724,PRICKLE2,1,-0
1215,COL6A1,1,-0
5148,RIT2,1,-0
3682,MRC1,1,-0
4841,PTGER3,1,-0
3964,NOLC1,1,-0
1092,CHRNB2,1,-0
627,C3AR1,1,-0
1176,CNOT4,1,-0
3627,MLH1,1,-0
2458,GRK5,1,-0
5920,STRA6,1,-0
6093,TFAP2A,1,-0
6588,USP16,1,-0
6840,ZNRF3,1,-0
6481,TUT1,1,-0
678,CAMK1D,1,-0
4392,PFKP,1,-0
6631,VCL,1,-0
550,BMP15,1,-0
3306,LNX2,1,-0
3037,KCNJ1,1,-0
6332,TRIM10,1,-0
3645,MMP19,1,-0
31,ACAP2,1,-0
5516,SH3KBP1,1,-0
1650,DUSP10,1,-0
6648,VLDLR,1,-0
1790,EIF4G2,1,-0
3029,KCND1,1,-0
4931,RAB11FIP5,1,-0
6121,TGS1,1,-0
2969,ITGB6,1,-0
452,AURKC,1,-0
100,ADD3,1,-0
6605,USP6NL,1,-0
3766,MYLK2,1,-0
1556,DLK1,1,-0
5658,SLC6A4,1,-0
2930,IRF8,1,-0
3349,LRRC4B,1,-0
2684,HRH1,1,-0
5283,RPS6KA3,1,-0
843,CD2AP,1,-0
1332,CSTF2T,1,-0
4604,POLK,1,-0
1481,DDX23,1,-0
1523,DHX36,1,-0
1876,ERCC3,1,-0
3099,KIF2C,1,-0
6589,USP17L2,1,-0
5589,SKIL,1,-0
2879,IL9R,1,-0
6766,ZAP70,1,-0
2521,HAVCR1,1,-0
242,AP2A1,1,-0
1567,DMP1,1,-0
2872,IL5RA,1,-0
4876,PTPN5,1,-0
5513,SH3GL2,1,-0
5312,RTN2,1,-0
2553,HECTD2,1,-0
174,ALCAM,1,-0
2108,FLRT3,1,-0
60,ACVR1C,1,-0
4880,PTPRA,1,-0
3980,NOX5,1,-0
3902,NFRKB,1,-0
6176,TLR3,1,-0
3743,MYBL2,1,-0
6119,TGM2,1,-0
5080,REM1,1,-0
6767,ZBED1,1,-0
3531,MCM10,1,-0
6725,WWOX,1,-0
3854,NEDD1,1,-0
5296,RRBP1,1,-0
3464,MAP9,1,-0
2227,GALR1,1,-0
3500,MAST3,1,-0
3105,KIF7,1,-0
2516,HAS1,1,-0
6366,TRIM48,1,-0
6351,TRIM34,1,-0
1916,EWSR1,1,-0
69,ADAM17,1,-0
1961,FAM83G,1,-0
1368,CUL2,1,-0
4618,PORCN,1,-0
3520,MC3R,1,-0
5136,RIMS3,1,-0
6484,TXK,1,-0
5393,SCNN1A,1,-0
1443,DBF4,1,-0
791,CCND1,1,-0
4873,PTPN23,1,-0
4172,PADI4,1,-0
1705,ECM1,1,-0
265,APLP2,1,-0
4542,PLEK,1,-0
2139,FOXI1,1,-0
2918,IRAK2,1,-0
3454,MAP3K6,1,-0
6584,USP10,1,-0
5615,SLC1A2,1,-0
1477,DDX17,1,-0
2440,GRHL1,1,-0
6788,ZFP36L1,1,-0
5873,STAM,1,-0
3285,LIN9,1,-0
65,ADAM10,1,-0
5417,SEC23A,1,-0
2594,HJURP,1,-0
1248,CPN1,1,-0
3896,NFKB1,1,-0
1401,CYBB,1,-0
838,CD248,1,-0
6834,ZNF746,1,-0
1419,CYP8B1,1,-0
4016,NR0B1,1,-0
6494,TYRP1,1,-0
6820,ZNF281,1,-0
4130,OSBP,1,-0
240,AP1B1,1,-0
955,CDK19,1,-0
3695,MSL2,1,-0
1549,DLG4,1,-0
4916,PYGL,1,-0
2576,HHAT,1,-0
3435,MAP1S,1,-0
5316,RUFY1,1,-0
2652,HOXA1,1,-0
3020,KCNA2,1,-0
4784,PRRX1,1,-0
3696,MSL3,1,-0
NA,GIGYF1,1,-0
1555,DLGAP5,1,-0
3347,LRRC4,1,-0
3494,MARK4,1,-0
5888,STAT5B,1,-0
1094,CHRNB4,1,-0
3666,MOV10,1,-0
247,AP3D1,1,-0
701,CARD14,1,-0
4772,PROM1,1,-0
2254,GCK,1,-0
6164,TLE1,1,-0
1727,EEF2,1,-0
6539,UBTF,1,-0
6682,WDR59,1,-0
5701,SMARCC1,1,-0
3477,MAPK8IP1,1,-0
3016,KATNAL2,1,-0
3423,MALT1,1,-0
2868,IL3RA,1,-0
4548,PLEKHG4,1,-0
1458,DCLRE1C,1,-0
5010,RAPGEF5,1,-0
3928,NKRF,1,-0
4406,PHACTR1,1,-0
5072,RECQL5,1,-0
448,ATXN7,1,-0
6739,XPC,1,-0
6534,UBQLN2,1,-0
6377,TRIM60,1,-0
1903,ETS1,1,-0
1603,DOK5,1,-0
4799,PSG5,1,-0
3793,NAALADL1,1,-0
2503,GUCY2D,1,-0
6113,TGFB2,1,-0
5733,SNED1,1,-0
3426,MAML3,1,-0
321,ARHGAP24,1,-0
3718,MTNR1B,1,-0
1655,DUSP16,1,-0
6417,TRPV1,1,-0
1098,CHUK,1,-0
696,CAPRIN1,1,-0
5049,RBM39,1,-0
2332,GLS,1,-0
3936,NLGN2,1,-0
1640,DTNB,1,-0
1432,DAG1,1,-0
1406,CYP11A1,1,-0
3480,MAPK9,1,-0
4079,NUAK2,1,-0
1510,DGCR8,1,-0
3828,NCL,1,-0
1583,DNM1L,1,-0
2968,ITGB5,1,-0
3948,NMBR,1,-0
1992,FBXO22,1,-0
3818,NCAPH2,1,-0
180,ALDOB,1,-0
5394,SCNN1B,1,-0
912,CDC5L,1,-0
3901,NFKBIZ,1,-0
654,CACNB4,1,-0
2932,IRGC,1,-0
4512,PKP1,1,-0
938,CDH3,1,-0
549,BMP10,1,-0
6613,UVRAG,1,-0
6747,XRCC5,1,-0
3589,MFAP3L,1,-0
4270,PCDHGC5,1,-0
5985,TAB2,1,-0
4497,PITX2,1,-0
3538,MCM7,1,-0
5844,SRPK2,1,-0
4488,PIP5K1C,1,-0
6687,WFIKKN2,1,-0
3688,MS4A1,1,-0
3475,MAPK7,1,-0
2403,GPR15,1,-0
5177,RNF133,1,-0
6173,TLR1,1,-0
392,ASH2L,1,-0
1611,DPP3,1,-0
4885,PTPRE,1,-0
1067,CHFR,1,-0
4831,PTBP2,1,-0
3183,L3MBTL2,1,-0
4842,PTGER4,1,-0
2266,GDF3,1,-0
2643,HNRNPM,1,-0
5869,ST8SIA4,1,-0
2545,HDAC7,1,-0
5125,RHOT1,1,-0
496,BCAR3,1,-0
1459,DCN,1,-0
126,AFAP1,1,-0
3028,KCNC4,1,-0
3858,NEDD9,1,-0
3096,KIF23,1,-0
2910,INTS4,1,-0
79,ADAM9,1,-0
4212,PAX6,1,-0
2714,HTR1B,1,-0
157,AKAP1,1,-0
1731,EFHC1,1,-0
6849,ZXDC,1,-0
172,AKT3,1,-0
3909,NGEF,1,-0
3571,MEIS2,1,-0
3635,MLXIPL,1,-0
561,BMPR1B,1,-0
5402,SCYL2,1,-0
2690,HSD3B1,1,-0
2882,ILF3,1,-0
3144,KLHL20,1,-0
4465,PIK3CD,1,-0
3946,NLRX1,1,-0
72,ADAM20,1,-0
381,ASB2,1,-0
261,APLF,1,-0
6647,VIPR2,1,-0
5497,SGCG,1,-0
139,AGTR2,1,-0
4324,PDGFD,1,-0
6317,TRAT1,1,-0
2796,IGSF5,1,-0
6083,TERT,1,-0
4539,PLD2,1,-0
4076,NTSR1,1,-0
4698,PPP3CA,1,-0
2395,GPI,1,-0
3244,LGI1,1,-0
3897,NFKB2,1,-0
3277,LIMK1,1,-0
623,C1R,1,-0
4098,NXF1,1,-0
459,AXIN1,1,-0
6553,UGT1A9,1,-0
1251,CPSF3,1,-0
1761,EIF2AK2,1,-0
5458,SENP6,1,-0
2436,GRB7,1,-0
6221,TNFRSF11B,1,-0
5634,SLC2A4,1,-0
5609,SLC16A2,1,-0
2835,IL1R1,1,-0
3536,MCM5,1,-0
1410,CYP26A1,1,-0
5219,RNF220,1,-0
1686,DYRK3,1,-0
1860,EPN2,1,-0
3213,LBP,1,-0
2089,FIP1L1,1,-0
6231,TNFRSF21,1,-0
4331,PDIA4,1,-0
3173,KRT14,1,-0
6782,ZDHHC5,1,-0
4725,PRICKLE3,1,-0
2472,GRPR,1,-0
5660,SLC6A9,1,-0
5620,SLC22A1,1,-0
4362,PELI2,1,-0
3680,MRAP2,1,-0
4957,RABGEF1,1,-0
6593,USP21,1,-0
5234,RNF6,1,-0
2181,FYN,1,-0
1283,CRTC3,1,-0
5215,RNF214,1,-0
3185,LAD1,1,-0
6251,TNK2,1,-0
1225,COL9A3,1,-0
2927,IRF4,1,-0
2460,GRK7,1,-0
6235,TNFRSF8,1,-0
6166,TLE3,1,-0
1511,DGKA,1,-0
4607,POLN,1,-0
4100,NXPH2,1,-0
3876,NETO2,1,-0
3379,LTK,1,-0
809,CCR3,1,-0
3211,LAX1,1,-0
6468,TUBA3E,1,-0
6799,ZFYVE28,1,-0
988,CDYL,1,-0
6059,TCN1,1,-0
2913,IPO5,1,-0
331,ARHGAP39,1,-0
3504,MATK,1,-0
379,ASAP3,1,-0
6773,ZBTB49,1,-0
1077,CHN1,1,-0
5857,SSH3,1,-0
5027,RASGRP1,1,-0
3506,MATR3,1,-0
3445,MAP3K10,1,-0
2815,IL13RA2,1,-0
553,BMP3,1,-0
3013,KAT2B,1,-0
4788,PRSS23,1,-0
2072,FGFR1,1,-0
2198,GAB2,1,-0
226,ANKS1A,1,-0
4314,PDE4C,1,-0
4099,NXPH1,1,-0
5697,SMARCA5,1,-0
2554,HECTD3,1,-0
5108,RGS18,1,-0
2053,FGF13,1,-0
6807,ZIC3,1,-0
417,ATG4D,1,-0
6043,TBX21,1,-0
NA,SESN3,1,-0
NA,USP45,1,-0
4528,PLAU,1,-0
3709,MTA2,1,-0
4529,PLAUR,1,-0
2405,GPR161,1,-0
1284,CRX,1,-0
4556,PLK1,1,-0
5953,SUPV3L1,1,-0
5585,SKA3,1,-0
6461,TTYH1,1,-0
5611,SLC17A7,1,-0
4838,PTGDR,1,-0
6632,VCP,1,-0
3309,LONRF1,1,-0
283,APPL1,1,-0
693,CAPN2,1,-0
6337,TRIM2,1,-0
4850,PTH1R,1,-0
5099,RFX1,1,-0
133,AGPS,1,-0
3314,LPAR1,1,-0
5843,SRPK1,1,-0
6652,VPS35,1,-0
6036,TBL1X,1,-0
4770,PROKR1,1,-0
5461,SERPINA1,1,-0
1750,EGR1,1,-0
887,CD86,1,-0
1282,CRTC2,1,-0
4364,PELP1,1,-0
5715,SMURF1,1,-0
4624,POU2F2,1,-0
NA,VEZT,1,-0
6019,TAP2,1,-0
5896,STIM1,1,-0
5012,RAPH1,1,-0
1811,ELMO2,1,-0
492,BCAM,1,-0
2259,GDA,1,-0
1262,CREB3L2,1,-0
4657,PPM1L,1,-0
2640,HNRNPH2,1,-0
3841,NDC80,1,-0
5115,RHBDF2,1,-0
2892,INCENP,1,-0
6824,ZNF350,1,-0
5723,SNAP25,1,-0
6741,XPO5,1,-0
3663,MOGS,1,-0
2661,HOXB3,1,-0
3871,NEK9,1,-0
724,CASQ2,1,-0
1927,F10,1,-0
652,CACNB1,1,-0
252,APBB1,1,-0
3466,MAPK10,1,-0
1461,DCST1,1,-0
1318,CSNK1A1L,1,-0
2675,HOXD3,1,-0
2295,GHRHR,1,-0
1590,DNTTIP2,1,-0
6496,UBA1,1,-0
2352,GNAO1,1,-0
2216,GABRR1,1,-0
2197,GAB1,1,-0
2418,GPR39,1,-0
5189,RNF150,1,-0
557,BMP7,1,-0
2721,HTR4,1,-0
1755,EHMT2,1,-0
2114,FMNL2,1,-0
3365,LSAMP,1,-0
5529,SHC2,1,-0
5306,RSPO2,1,-0
183,ALOX15,1,-0
6084,TESK1,1,-0
3038,KCNJ10,1,-0
5196,RNF168,1,-0
5187,RNF148,1,-0
210,ANGPT2,1,-0
4449,PICALM,1,-0
5401,SCYL1,1,-0
3336,LRP10,1,-0
5841,SRP68,1,-0
1981,FBLN5,1,-0
2066,FGF5,1,-0
4159,P2RY2,1,-0
545,BLZF1,1,-0
NA,RECQL,1,-0
2492,GTF2H1,1,-0
3713,MTHFR,1,-0
1358,CTSG,1,-0
6558,UIMC1,1,-0
4987,RALBP1,1,-0
362,ARNT,1,-0
5369,SCARA5,1,-0
2286,GGA3,1,-0
5982,SYTL3,1,-0
1285,CRY1,1,-0
1480,DDX21,1,-0
3227,LDHC,1,-0
4650,PPM1D,1,-0
4446,PIAS2,1,-0
6694,WLS,1,-0
2681,HPX,1,-0
3502,MAT1A,1,-0
1084,CHRM5,1,-0
6672,WASL,1,-0
NA,KDM1B,1,-0
6841,ZNRF4,1,-0
48,ACTA1,1,-0
2041,FFAR3,1,-0
234,ANTXR1,1,-0
3624,MKS1,1,-0
5474,SERPING1,1,-0
3912,NGLY1,1,-0
6024,TAX1BP1,1,-0
6500,UBASH3B,1,-0
4593,PODXL2,1,-0
3819,NCBP1,1,-0
1279,CRP,1,-0
58,ACVR1,1,-0
587,BRSK2,1,-0
2685,HRH2,1,-0
3671,MPL,1,-0
4510,PKN3,1,-0
316,ARHGAP18,1,-0
3214,LBR,1,-0
4206,PATZ1,1,-0
605,BTN3A1,1,-0
982,CDS1,1,-0
50,ACTB,1,-0
2345,GNA13,1,-0
711,CASP1,1,-0
188,ALX4,1,-0
4444,PI4KB,1,-0
1548,DLG3,1,-0
5004,RAP1GDS1,1,-0
1729,EFEMP1,1,-0
4565,PLSCR4,1,-0
4562,PLRG1,1,-0
4063,NT5E,1,-0
2339,GMIP,1,-0
1608,DPF3,1,-0
1684,DYRK1B,1,-0
22,ABLIM2,1,-0
225,ANKRD6,1,-0
3615,MIPOL1,1,-0
4116,ONECUT1,1,-0
3216,LCK,1,-0
3345,LRP8,1,-0
1775,EIF3E,1,-0
2579,HHLA2,1,-0
4567,PLVAP,1,-0
1476,DDX1,1,-0
2146,FOXO1,1,-0
4819,PSMD2,1,-0
2130,FOXA2,1,-0
1271,CRISP3,1,-0
4219,PBX1,1,-0
2154,FPR3,1,-0
1415,CYP2F1,1,-0
4365,PENK,1,-0
3271,LILRB3,1,-0
5249,RORA,1,-0
3745,MYC,1,-0
3993,NPLOC4,1,-0
2860,IL2RB,1,-0
171,AKT2,1,-0
2160,FRZB,1,-0
5489,SFPQ,1,-0
5653,SLC5A5,1,-0
1998,FBXO4,1,-0
3685,MRGPRX2,1,-0
4976,RAE1,1,-0
3523,MCAM,1,-0
4447,PIAS3,1,-0
4877,PTPN6,1,-0
2874,IL6R,1,-0
NA,MYSM1,1,-0
6847,ZW10,1,-0
1607,DPF2,1,-0
2080,FH,1,-0
3246,LGI3,1,-0
206,ANAPC5,1,-0
5075,REL,1,-0
383,ASB4,1,-0
1968,FANCG,1,-0
4094,NUP62,1,-0
1145,CLEC3A,1,-0
3058,KCNQ4,1,-0
4602,POLH,1,-0
5637,SLC36A4,1,-0
255,APCDD1,1,-0
5619,SLC20A1,1,-0
2498,GTSE1,1,-0
5044,RBM14,1,-0
6115,TGFBR1,1,-0
1342,CTH,1,-0
3780,MYOC,1,-0
5938,STYK1,1,-0
4221,PBXIP1,1,-0
2148,FOXO4,1,-0
723,CASQ1,1,-0
5054,RBMX,1,-0
3166,KPNA4,1,-0
6758,YTHDF2,1,-0
712,CASP10,1,-0
5644,SLC41A3,1,-0
3653,MMP8,1,-0
3265,LILRA3,1,-0
127,AFAP1L2,1,-0
3042,KCNJ15,1,-0
4064,NTF3,1,-0
5439,SEMA3F,1,-0
5712,SMPD1,1,-0
4342,PDP1,1,-0
5711,SMO,1,-0
3442,MAP2K6,1,-0
2035,FERMT2,1,-0
2273,GEM,1,-0
2641,HNRNPK,1,-0
5530,SHC3,1,-0
141,AHCYL2,1,-0
4487,PIP5K1B,1,-0
2624,HMMR,1,-0
1866,EPS8L2,1,-0
4550,PLEKHG5,1,-0
6359,TRIM41,1,-0
893,CDC14A,1,-0
4468,PIK3R2,1,-0
230,ANO9,1,-0
1528,DIAPH1,1,-0
1659,DUSP22,1,-0
4390,PFKL,1,-0
3052,KCNN1,1,-0
1922,EXTL1,1,-0
422,ATMIN,1,-0
5834,SRGAP2,1,-0
1336,CTDP1,1,-0
2257,GCM1,1,-0
6823,ZNF341,1,-0
3570,MEIS1,1,-0
1888,ERN1,1,-0
4327,PDHA1,1,-0
6653,VPS39,1,-0
5936,STXBP4,1,-0
292,ARAF,1,-0
604,BTN2A2,1,-0
3539,MCM8,1,-0
2733,IBSP,1,-0
6848,ZWINT,1,-0
3723,MUC15,1,-0
3748,MYCN,1,-0
1040,CFHR1,1,-0
2052,FGF12,1,-0
NA,GBE1,1,-0
124,ADSL,1,-0
458,AVPR2,1,-0
1323,CSNK1G3,1,-0
2457,GRK4,1,-0
3446,MAP3K11,1,-0
1689,E2F1,1,-0
4761,PRMT5,1,-0
1646,DTX4,1,-0
302,ARFGAP2,1,-0
2173,FURIN,1,-0
205,ANAPC4,1,-0
5815,SPRED1,1,-0
2634,HNRNPA2B1,1,-0
3126,KLF11,1,-0
2638,HNRNPF,1,-0
6723,WTAP,1,-0
3967,NOP56,1,-0
3394,LZTS2,1,-0
5904,STK24,1,-0
6580,USH1G,1,-0
948,CDK11A,1,-0
6594,USP22,1,-0
1445,DBN1,1,-0
1856,EPHX1,1,-0
6488,TXNRD1,1,-0
6845,ZRANB2,1,-0
603,BTN2A1,1,-0
2885,IMMT,1,-0
2629,HNF1B,1,-0
5664,SLC9A1,1,-0
1377,CX3CR1,1,-0
5538,SHOC2,1,-0
5990,TACC1,1,-0
4401,PGK1,1,-0
6736,XIAP,1,-0
6168,TLE6,1,-0
4918,PYGO1,1,-0
3848,NDRG1,1,-0
3139,KLHL12,1,-0
4201,PARN,1,-0
4485,PIP4K2C,1,-0
411,ATG16L1,1,-0
2699,HSPA2,1,-0
63,ACVRL1,1,-0
5096,RFPL3,1,-0
2076,FGFRL1,1,-0
5081,REN,1,-0
4291,PCSK9,1,-0
5310,RTF1,1,-0
1126,CLDN16,1,-0
5066,RCOR1,1,-0
6591,USP2,1,-0
4526,PLAGL2,1,-0
1671,DVL2,1,-0
2825,IL17RC,1,-0
3541,MCOLN2,1,-0
3141,KLHL15,1,-0
1661,DUSP26,1,-0
5759,SOCS5,1,-0
1563,DLX5,1,-0
10,ABCB9,1,-0
6363,TRIM45,1,-0
6085,TESK2,1,-0
714,CASP2,1,-0
6095,TFAP2C,1,-0
2406,GPR17,1,-0
1280,CRTAM,1,-0
3647,MMP20,1,-0
3316,LPAR3,1,-0
2975,ITM2A,1,-0
4558,PLK3,1,-0
6669,WASF1,1,-0
NA,SHOX2,1,-0
2328,GLRA1,1,-0
3375,LTBP3,1,-0
3396,MAB21L1,1,-0
2303,GIT2,1,-0
5440,SEMA3G,1,-0
3137,KLF8,1,-0
2584,HINFP,1,-0
2037,FES,1,-0
5028,RASGRP2,1,-0
5344,S1PR3,1,-0
6774,ZC3H12A,1,-0
3771,MYO1C,1,-0
4071,NTNG2,1,-0
4585,PNCK,1,-0
5935,STXBP2,1,-0
2306,GJA5,1,-0
3045,KCNJ4,1,-0
2642,HNRNPL,1,-0
1138,CLEC12A,1,-0
2258,GCNT1,1,-0
2703,HSPA9,1,-0
478,BAIAP2L1,1,-0
1685,DYRK2,1,-0
1226,COLEC11,1,-0
6104,TFIP11,1,-0
3532,MCM2,1,-0
4929,RAB11FIP2,1,-0
187,ALPP,1,-0
6023,TASP1,1,-0
3891,NFIA,1,-0
1859,EPN1,1,-0
4664,PPP1R12A,1,-0
2030,FCRL6,1,-0
1268,CRHR2,1,-0
6260,TNPO3,1,-0
5519,SH3RF1,1,-0
681,CAMK2B,1,-0
6446,TSPYL2,1,-0
3616,MITF,1,-0
4034,NR4A3,1,-0
320,ARHGAP22,1,-0
5039,RBBP8,1,-0
2936,IRX2,1,-0
5521,SH3RF3,1,-0
625,C2,1,-0
4469,PIK3R3,1,-0
6029,TBC1D23,1,-0
4403,PGM1,1,-0
1486,DDX41,1,-0
6480,TULP3,1,-0
323,ARHGAP27,1,-0
861,CD40LG,1,-0
1417,CYP3A5,1,-0
5874,STAM2,1,-0
1831,ENTPD1,1,-0
577,BRD2,1,-0
6752,YES1,1,-0
1822,ENC1,1,-0
1539,DKC1,1,-0
1921,EXOSC9,1,-0
4332,PDIA5,1,-0
4492,PITPNC1,1,-0
6794,ZFX,1,-0
5355,SART1,1,-0
1025,CEP55,1,-0
2917,IRAK1,1,-0
2420,GPR75,1,-0
3889,NFE2L1,1,-0
4796,PSEN2,1,-0
3515,MBP,1,-0
4148,OXSR1,1,-0
1479,DDX20,1,-0
1904,ETS2,1,-0
3354,LRRFIP2,1,-0
2845,IL20RA,1,-0
2920,IRAK4,1,-0
3147,KLHL3,1,-0
847,CD300LB,1,-0
NA,KDM4D,1,-0
3429,MAOA,1,-0
4117,ONECUT2,1,-0
4699,PPP3CB,1,-0
4483,PIP4K2A,1,-0
3201,LAMP2,1,-0
4435,PHOX2B,1,-0
4974,RAD54L,1,-0
4214,PAX8,1,-0
5643,SLC40A1,1,-0
6097,TFCP2,1,-0
1898,ESR2,1,-0
3517,MBTPS2,1,-0
2989,JAG2,1,-0
5595,SLAMF6,1,-0
2543,HDAC5,1,-0
6249,TNIP1,1,-0
1600,DOK2,1,-0
4380,PEX5,1,-0
3892,NFIB,1,-0
3572,MELK,1,-0
5446,SEMA4G,1,-0
2805,IL10RA,1,-0
5594,SLAMF1,1,-0
4439,PI16,1,-0
1324,CSNK2A1,1,-0
824,CD19,1,-0
1112,CKAP4,1,-0
5137,RIN1,1,-0
3725,MUC20,1,-0
1005,CEL,1,-0
4087,NUMB,1,-0
4290,PCSK7,1,-0
4028,NR2F2,1,-0
3363,LRSAM1,1,-0
2504,GXYLT1,1,-0
4132,OSBPL11,1,-0
3807,NASP,1,-0
4025,NR2C2,1,-0
196,AMHR2,1,-0
2581,HIF1A,1,-0
803,CCNT2,1,-0
1483,DDX25,1,-0
1839,EPB42,1,-0
6063,TCTN2,1,-0
2274,GEMIN4,1,-0
5471,SERPINE1,1,-0
155,AIRE,1,-0
4320,PDE8A,1,-0
6467,TUBA3D,1,-0
2118,FNBP1,1,-0
692,CAPN1,1,-0
2382,GP5,1,-0
914,CDC7,1,-0
2082,FHL1,1,-0
6213,TNFAIP3,1,-0
4153,P2RY1,1,-0
4790,PRSS55,1,-0
1026,CEP63,1,-0
6659,VRK2,1,-0
4417,PHF21A,1,-0
5974,SYNPO,1,-0
4042,NRG2,1,-0
2782,IGF1,1,-0
5368,SCARA3,1,-0
3875,NET1,1,-0
5612,SLC18A2,1,-0
1471,DDHD1,1,-0
5550,SIGLEC14,1,-0
1615,DPYSL2,1,-0
1604,DOK6,1,-0
1773,EIF3B,1,-0
2801,IKBKE,1,-0
3521,MC4R,1,-0
657,CADM1,1,-0
1708,EDA,1,-0
1533,DIO2,1,-0
5797,SPATA13,1,-0
5966,SYN1,1,-0
2413,GPR26,1,-0
6368,TRIM5,1,-0
3364,LRTM2,1,-0
244,AP2M1,1,-0
6285,TP73,1,-0
213,ANGPTL2,1,-0
3544,MCRS1,1,-0
4776,PRPF19,1,-0
5098,RFWD3,1,-0
6071,TEAD2,1,-0
1752,EHD1,1,-0
1423,CYTH2,1,-0
814,CCR8,1,-0
740,CBS,1,-0
2196,G6PD,1,-0
2572,HEY2,1,-0
3621,MKRN1,1,-0
3956,NMUR1,1,-0
686,CAMKK2,1,-0
862,CD44,1,-0
3113,KIR3DL2,1,-0
3893,NFIC,1,-0
4166,PABPC4,1,-0
3868,NEK3,1,-0
3701,MST1,1,-0
2701,HSPA5,1,-0
2657,HOXA7,1,-0
4762,PRMT6,1,-0
3097,KIF2A,1,-0
5591,SKP2,1,-0
3205,LARP7,1,-0
6062,TCTN1,1,-0
6469,TUBA4A,1,-0
5600,SLC11A2,1,-0
1055,CHAF1B,1,-0
6335,TRIM15,1,-0
1291,CRYBA4,1,-0
808,CCR2,1,-0
5024,RASGEF1C,1,-0
5460,SERINC3,1,-0
163,AKAP8,1,-0
5830,SREBF1,1,-0
3204,LARP6,1,-0
727,CAT,1,-0
2620,HMGCR,1,-0
6068,TDP1,1,-0
536,BIRC3,1,-0
3150,KLK2,1,-0
6592,USP20,1,-0
4209,PAX2,1,-0
2144,FOXM1,1,-0
6000,TAF15,1,-0
1032,CETN1,1,-0
1395,CXCR4,1,-0
713,CASP14,1,-0
2151,FOXP3,1,-0
5528,SHC1,1,-0
1352,CTPS2,1,-0
4606,POLM,1,-0
3367,LSR,1,-0
4389,PFKFB4,1,-0
5239,RNMT,1,-0
1645,DTX3L,1,-0
6376,TRIM6,1,-0
6165,TLE2,1,-0
3152,KLK4,1,-0
6035,TBK1,1,-0
2240,GATA1,1,-0
113,ADORA3,1,-0
6812,ZMYND11,1,-0
4551,PLEKHG6,1,-0
2315,GLDN,1,-0
2633,HNRNPA1,1,-0
1416,CYP3A4,1,-0
4454,PIGK,1,-0
4213,PAX7,1,-0
1723,EEF1A2,1,-0
5983,SYVN1,1,-0
5097,RFPL4B,1,-0
1035,CFB,1,-0
5893,STEAP3,1,-0
98,ADD1,1,-0
3995,NPNT,1,-0
30,ACAP1,1,-0
3291,LLGL1,1,-0
2558,HELLS,1,-0
4777,PRPF3,1,-0
5320,RUVBL1,1,-0
6107,TFR2,1,-0
47,ACSS2,1,-0
1717,EDN3,1,-0
6771,ZBTB17,1,-0
2314,GLCCI1,1,-0
2036,FERMT3,1,-0
5737,SNPH,1,-0
556,BMP6,1,-0
2671,HOXD10,1,-0
5180,RNF139,1,-0
3163,KPNA1,1,-0
137,AGT,1,-0
4631,POU4F3,1,-0
5082,REPS2,1,-0
3689,MS4A4A,1,-0
5978,SYT2,1,-0
6831,ZNF622,1,-0
5309,RSPRY1,1,-0
5910,STK39,1,-0
3924,NKD1,1,-0
3341,LRP3,1,-0
1148,CLEC4M,1,-0
1782,EIF4B,1,-0
4879,PTPN9,1,-0
609,BTNL9,1,-0
1083,CHRM4,1,-0
1093,CHRNB3,1,-0
4293,PCYT1B,1,-0
3824,NCK2,1,-0
2038,FEZ1,1,-0
175,ALDH1A1,1,-0
332,ARHGAP4,1,-0
5718,SMYD3,1,-0
1986,FBXL17,1,-0
5201,RNF180,1,-0
1420,CYSLTR1,1,-0
2204,GABPA,1,-0
5716,SMURF2,1,-0
3613,MINK1,1,-0
2152,FPR1,1,-0
3070,KDM4B,1,-0
1809,ELL,1,-0
5450,SEMA6B,1,-0
4024,NR2C1,1,-0
254,APC2,1,-0
3036,KCNIP4,1,-0
3109,KIR2DL3,1,-0
6367,TRIM49,1,-0
6743,XRCC1,1,-0
5036,RBBP5,1,-0
2302,GIT1,1,-0
5703,SMARCD1,1,-0
2687,HRH4,1,-0
6541,UBXN2B,1,-0
6014,TANK,1,-0
4023,NR1I3,1,-0
1435,DAP3,1,-0
4169,PACSIN2,1,-0
2357,GNAZ,1,-0
3794,NAB1,1,-0
6322,TREML2,1,-0
855,CD38,1,-0
1924,EYA3,1,-0
404,ATF2,1,-0
685,CAMKK1,1,-0
6142,TIAL1,1,-0
3594,MFN2,1,-0
4695,PPP2R5B,1,-0
5984,TAB1,1,-0
6343,TRIM26,1,-0
1935,F2RL2,1,-0
5021,RASD2,1,-0
5014,RARA,1,-0
6395,TRIP10,1,-0
2165,FSTL1,1,-0
280,APOH,1,-0
4731,PRKACG,1,-0
2287,GGCX,1,-0
4965,RAD17,1,-0
2974,ITLN1,1,-0
920,CDCA7,1,-0
6207,TMPRSS2,1,-0
5796,SPAST,1,-0
4815,PSMC4,1,-0
5587,SKAP2,1,-0
954,CDK18,1,-0
5685,SMAD1,1,-0
1154,CLK2,1,-0
6312,TRAF7,1,-0
3123,KLC2,1,-0
149,AICDA,1,-0
6661,VSIG10,1,-0
1540,DKK1,1,-0
2400,GPR119,1,-0
3714,MTMR2,1,-0
3822,NCF4,1,-0
787,CCNA2,1,-0
2598,HLA-B,1,-0
1933,F2R,1,-0
2469,GRN,1,-0
102,ADH4,1,-0
3755,MYL1,1,-0
5683,SLU7,1,-0
5876,STAP1,1,-0
5456,SENP2,1,-0
5748,SNW1,1,-0
2659,HOXB1,1,-0
3631,MLLT3,1,-0
5038,RBBP7,1,-0
5754,SNX9,1,-0
6390,TRIM8,1,-0
6137,THRB,1,-0
5183,RNF144A,1,-0
17,ABI1,1,-0
3282,LIN7A,1,-0
2316,GLE1,1,-0
1947,FAF1,1,-0
186,ALPL,1,-0
4818,PSMD11,1,-0
4146,OTX2,1,-0
6355,TRIM38,1,-0
5174,RNF128,1,-0
4910,PWP1,1,-0
424,ATOH1,1,-0
4696,PPP2R5C,1,-0
1964,FANCC,1,-0
5499,SGK2,1,-0
895,CDC16,1,-0
6310,TRAF5,1,-0
5692,SMAD9,1,-0
5608,SLC16A1,1,-0
6067,TDO2,1,-0
5532,SHCBP1,1,-0
2477,GSK3B,1,-0
5002,RAP1GAP,1,-0
520,BDNF,1,-0
441,ATRIP,1,-0
967,CDK8,1,-0
5453,SEMA7A,1,-0
535,BIRC2,1,-0
1166,CLUL1,1,-0
3643,MMP15,1,-0
3601,MGRN1,1,-0
6808,ZKSCAN3,1,-0
794,CCNE1,1,-0
4648,PPM1A,1,-0
519,BDKRB2,1,-0
4743,PRKCH,1,-0
5906,STK3,1,-0
5197,RNF169,1,-0
873,CD6,1,-0
3584,MEX3B,1,-0
3046,KCNJ5,1,-0
6817,ZNF239,1,-0
6361,TRIM43,1,-0
1267,CRHR1,1,-0
2326,GLP1R,1,-0
3710,MTA3,1,-0
2497,GTF3C4,1,-0
6729,XAB2,1,-0
2170,FTO,1,-0
40,ACO2,1,-0
3655,MMRN2,1,-0
259,API5,1,-0
637,CA3,1,-0
2983,ITPRIPL1,1,-0
6005,TAF6,1,-0
6816,ZNF224,1,-0
6338,TRIM21,1,-0
3221,LCP2,1,-0
1643,DTX2,1,-0
2054,FGF14,1,-0
4348,PDXDC1,1,-0
4592,PODXL,1,-0
846,CD300E,1,-0
4279,PCK2,1,-0
2730,HVCN1,1,-0
3764,MYLIP,1,-0
2358,GNB1,1,-0
3863,NEIL1,1,-0
4694,PPP2R5A,1,-0
2708,HSPD1,1,-0
4705,PPP6C,1,-0
2510,GZMB,1,-0
2656,HOXA5,1,-0
5370,SCARB1,1,-0
4966,RAD18,1,-0
6691,WIPI1,1,-0
643,CABYR,1,-0
2814,IL13RA1,1,-0
4398,PGC,1,-0
4173,PAF1,1,-0
6675,WDFY1,1,-0
5795,SPARC,1,-0
633,C9orf72,1,-0
5141,RIOK2,1,-0
2773,IFNG,1,-0
5299,RRM2,1,-0
5908,STK38,1,-0
5023,RASGEF1B,1,-0
2422,GPR84,1,-0
2096,FKBP8,1,-0
3224,LDB1,1,-0
852,CD34,1,-0
3237,LETM1,1,-0
4972,RAD51C,1,-0
3165,KPNA3,1,-0
62,ACVR2B,1,-0
4124,OPTN,1,-0
2540,HDAC2,1,-0
5596,SLAMF9,1,-0
5909,STK38L,1,-0
5496,SFTPD,1,-0
2646,HOMER1,1,-0
1989,FBXL5,1,-0
53,ACTL6A,1,-0
3415,MAGEA3,1,-0
6356,TRIM39,1,-0
4220,PBX3,1,-0
1111,CKAP2,1,-0
3628,MLKL,1,-0
1222,COL8A2,1,-0
679,CAMK1G,1,-0
6158,TJAP1,1,-0
6783,ZDHHC9,1,-0
4640,PPAT,1,-0
4691,PPP2R2D,1,-0
2311,GJC1,1,-0
3567,MEF2D,1,-0
4445,PIAS1,1,-0
802,CCNT1,1,-0
5388,SCN3B,1,-0
3142,KLHL17,1,-0
1768,EIF2B5,1,-0
4747,PRKCZ,1,-0
5652,SLC5A3,1,-0
6583,USP1,1,-0
2421,GPR83,1,-0
4673,PPP1R15A,1,-0
374,ARVCF,1,-0
6830,ZNF598,1,-0
6319,TREM1,1,-0
4189,PANX1,1,-0
551,BMP2,1,-0
5397,SCP2,1,-0
2478,GSN,1,-0
44,ACOX1,1,-0
6720,WRNIP1,1,-0
999,CEACAM8,1,-0
2132,FOXC2,1,-0
5185,RNF145,1,-0
5704,SMARCD3,1,-0
5068,RDX,1,-0
6027,TBC1D10A,1,-0
3605,MIB2,1,-0
4735,PRKAR1B,1,-0
2186,FZD4,1,-0
5767,SORBS3,1,-0
3012,KAT2A,1,-0
4162,P4HA2,1,-0
682,CAMK2D,1,-0
3642,MMP14,1,-0
2541,HDAC3,1,-0
1227,COLQ,1,-0
2189,FZD7,1,-0
348,ARHGEF3,1,-0
1710,EDAR,1,-0
6228,TNFRSF19,1,-0
4583,PMPCB,1,-0
3651,MMP3,1,-0
1028,CEP72,1,-0
1096,CHRNG,1,-0
4524,PLAG1,1,-0
897,CDC23,1,-0
2531,HCN2,1,-0
2022,FCGR3A,1,-0
5887,STAT5A,1,-0
6352,TRIM35,1,-0
5636,SLC30A9,1,-0
2236,GAS2,1,-0
1507,DES,1,-0
5257,RPAP2,1,-0
1857,EPHX2,1,-0
NA,FCHO2,1,-0
5281,RPS6KA1,1,-0
3360,LRRTM2,1,-0
4145,OTX1,1,-0
4147,OXGR1,1,-0
5443,SEMA4C,1,-0
554,BMP4,1,-0
5292,RRAD,1,-0
118,ADRA2B,1,-0
2522,HAVCR2,1,-0
6330,TRIB2,1,-0
NA,SETDB2,1,-0
1817,EML3,1,-0
2739,ICAM5,1,-0
3575,MEOX2,1,-0
2853,IL23R,1,-0
3450,MAP3K2,1,-0
115,ADRA1B,1,-0
2346,GNA14,1,-0
3055,KCNQ1,1,-0
27,ACADM,1,-0
3717,MTNR1A,1,-0
101,ADH1A,1,-0
4690,PPP2R2C,1,-0
992,CEACAM20,1,-0
2034,FERMT1,1,-0
5095,RFPL2,1,-0
3650,MMP26,1,-0
4756,PRL,1,-0
853,CD36,1,-0
4471,PIK3R6,1,-0
1966,FANCE,1,-0
391,ASGR2,1,-0
6320,TREM2,1,-0
6552,UGT1A7,1,-0
691,CAP1,1,-0
792,CCND2,1,-0
4601,POLDIP3,1,-0
2609,HLA-DRA,1,-0
1238,CORO1C,1,-0
6141,TIA1,1,-0
6257,TNNT2,1,-0
6333,TRIM11,1,-0
4958,RABGGTA,1,-0
5040,RBCK1,1,-0
4022,NR1I2,1,-0
2592,HIRIP3,1,-0
1560,DLL4,1,-0
2476,GSK3A,1,-0
849,CD300LG,1,-0
1577,DNAJC3,1,-0
6850,ZYX,1,-0
290,AQP9,1,-0
5472,SERPINE2,1,-0
3065,KDM1A,1,-0
1449,DCAF7,1,-0
3528,MCHR1,1,-0
3294,LMAN2,1,-0
4482,PIP,1,-0
899,CDC25B,1,-0
6186,TM9SF4,1,-0
3703,MSTN,1,-0
306,ARFIP1,1,-0
5693,SMAP1,1,-0
6778,ZC3HC1,1,-0
1292,CRYBB1,1,-0
5592,SLA,1,-0
574,BRAP,1,-0
4122,OPRL1,1,-0
6274,TOR1AIP1,1,-0
5305,RSPO1,1,-0
4997,RANBP3,1,-0
2414,GPR34,1,-0
708,CASC3,1,-0
5772,SORT1,1,-0
4999,RANGAP1,1,-0
6680,WDR48,1,-0
3930,NKX2-2,1,-0
3507,MAVS,1,-0
1674,DYM,1,-0
6132,THOC5,1,-0
1320,CSNK1E,1,-0
2490,GTF2F1,1,-0
5954,SUV39H1,1,-0
1524,DHX58,1,-0
2348,GNAI1,1,-0
518,BDKRB1,1,-0
1639,DTL,1,-0
6640,VGLL1,1,-0
3915,NHLRC1,1,-0
6463,TUBA1A,1,-0
6686,WEE1,1,-0
6665,VTN,1,-0
2480,GSTA1,1,-0
4337,PDK3,1,-0
1665,DUSP6,1,-0
5537,SHMT2,1,-0
737,CBLC,1,-0
3143,KLHL18,1,-0
1258,CRAT,1,-0
4720,PRG2,1,-0
5751,SNX27,1,-0
1572,DNAJB11,1,-0
6689,WIF1,1,-0
5500,SGK3,1,-0
3320,LPCAT2,1,-0
4568,PLXDC1,1,-0
993,CEACAM21,1,-0
995,CEACAM4,1,-0
1249,CPNE3,1,-0
5193,RNF165,1,-0
6342,TRIM25,1,-0
6844,ZRANB1,1,-0
5145,RIPK3,1,-0
5786,SP1,1,-0
911,CDC45,1,-0
2012,FBXW8,1,-0
4120,OPRD1,1,-0
4388,PFKFB3,1,-0
5165,RNF113A,1,-0
4730,PRKACB,1,-0
6557,UHRF2,1,-0
2575,HGS,1,-0
5358,SASS6,1,-0
482,BANP,1,-0
5721,SNAI2,1,-0
164,AKAP8L,1,-0
2025,FCN2,1,-0
1753,EHD4,1,-0
1165,CLU,1,-0
1393,CXCR2,1,-0
2994,JAM2,1,-0
5862,SSTR3,1,-0
5033,RAVER1,1,-0
6345,TRIM28,1,-0
420,ATG9A,1,-0
3514,MBL2,1,-0
5399,SCTR,1,-0
6373,TRIM56,1,-0
6130,THOC1,1,-0
2004,FBXO7,1,-0
1007,CELF2,1,-0
716,CASP4,1,-0
6737,XK,1,-0
2063,FGF23,1,-0
2525,HBB,1,-0
2238,GAS6,1,-0
5164,RNF112,1,-0
2649,HOMEZ,1,-0
5892,STC2,1,-0
2439,GREM2,1,-0
4302,PDCD6IP,1,-0
495,BCAR1,1,-0
3462,MAP4K5,1,-0
721,CASP8AP2,1,-0
2931,IRF9,1,-0
1771,EIF2S3,1,-0
2333,GLS2,1,-0
4708,PRCC,1,-0
28,ACADVL,1,-0
5930,STX4,1,-0
5166,RNF113B,1,-0
6145,TICAM1,1,-0
2925,IRF2BP2,1,-0
3081,KHK,1,-0
499,BCKDK,1,-0
3592,MFGE8,1,-0
4795,PSEN1,1,-0
5468,SERPINB9,1,-0
2432,GRAP2,1,-0
752,CCDC65,1,-0
4277,PCIF1,1,-0
2725,HTRA2,1,-0
6555,UHMK1,1,-0
5455,SENP1,1,-0
3082,KHSRP,1,-0
4399,PGD,1,-0
2079,FGR,1,-0
214,ANGPTL3,1,-0
5203,RNF182,1,-0
5912,STK40,1,-0
49,ACTA2,1,-0
6705,WNT2B,1,-0
241,AP1M1,1,-0
6658,VRK1,1,-0
3125,KLF10,1,-0
3095,KIF22,1,-0
3155,KLRC1,1,-0
4700,PPP3CC,1,-0
1743,EFS,1,-0
4687,PPP2R1B,1,-0
3577,MEPCE,1,-0
1824,ENG,1,-0
179,ALDOA,1,-0
1,A1BG,1,-0
2505,GXYLT2,1,-0
4963,RACGAP1,1,-0
2986,IYD,1,-0
6258,TNNT3,1,-0
785,CCM2,1,-0
3257,LHX4,1,-0
5631,SLC29A1,1,-0
2779,IGBP1,1,-0
4473,PILRA,1,-0
6001,TAF1A,1,-0
4181,PAK2,1,-0
4781,PRPS2,1,-0
4018,NR1D1,1,-0
4540,PLD3,1,-0
437,ATP6V1H,1,-0
2271,GDI1,1,-0
2573,HFE,1,-0
5311,RTKN,1,-0
4096,NUSAP1,1,-0
795,CCNE2,1,-0
110,ADORA1,1,-0
5470,SERPIND1,1,-0
832,CD200R1L,1,-0
5221,RNF25,1,-0
845,CD300C,1,-0
4032,NR4A1,1,-0
4971,RAD51AP1,1,-0
5287,RPS6KB1,1,-0
111,ADORA2A,1,-0
2067,FGF6,1,-0
34,ACD,1,-0
2668,HOXC6,1,-0
4163,P4HB,1,-0
5140,RIOK1,1,-0
5802,SPHK2,1,-0
6336,TRIM17,1,-0
5809,SPNS1,1,-0
6485,TXLNA,1,-0
1195,COL10A1,1,-0
2387,GPC2,1,-0
829,CD2,1,-0
3243,LGALS9,1,-0
2270,GDF9,1,-0
5119,RHO,1,-0
474,BAG3,1,-0
5924,STRN4,1,-0
5755,SOAT2,1,-0
4522,PLAA,1,-0
4027,NR2F1,1,-0
5950,SUN2,1,-0
4707,PRC1,1,-0
2861,IL2RG,1,-0
1356,CTSE,1,-0
2419,GPR55,1,-0
6582,USO1,1,-0
6746,XRCC4,1,-0
4942,RAB3C,1,-0
2276,GFAP,1,-0
3170,KREMEN1,1,-0
3911,NGFR,1,-0
301,ARFGAP1,1,-0
415,ATG4A,1,-0
3280,LIN28B,1,-0
468,BACE2,1,-0
1545,DLD,1,-0
1993,FBXO3,1,-0
4959,RABGGTB,1,-0
1820,ENAH,1,-0
NA,RRAGB,1,-0
6318,TRDMT1,1,-0
2191,FZD9,1,-0
3092,KIF20A,1,-0
732,CBFA2T2,1,-0
4829,PTAFR,1,-0
6384,TRIM69,1,-0
1919,EXOC7,1,-0
4930,RAB11FIP3,1,-0
2449,GRIN1,1,-0
2324,GLMN,1,-0
1869,ERAP1,1,-0
2401,GPR132,1,-0
6078,TELO2,1,-0
1619,DRD1,1,-0
1030,CER1,1,-0
5090,REXO1,1,-0
949,CDK11B,1,-0
4666,PPP1R12C,1,-0
5967,SYN2,1,-0
1270,CRISP2,1,-0
822,CD177,1,-0
2159,FRS3,1,-0
900,CDC25C,1,-0
6236,TNFRSF9,1,-0
5506,SH2D2A,1,-0
974,CDKN2AIP,1,-0
528,BHLHE40,1,-0
3212,LAYN,1,-0
5181,RNF14,1,-0
2923,IRF2,1,-0
4822,PSMD7,1,-0
5142,RIOK3,1,-0
707,CARM1,1,-0
5267,RPLP0,1,-0
3867,NEK2,1,-0
3953,NMS,1,-0
966,CDK7,1,-0
6477,TUBG1,1,-0
560,BMPR1A,1,-0
743,CBX4,1,-0
3376,LTBR,1,-0
1644,DTX3,1,-0
181,ALG2,1,-0
3481,MAPKAPK2,1,-0
3470,MAPK14,1,-0
4816,PSMC5,1,-0
6305,TRAF1,1,-0
NA,RAB3IL1,1,-0
1949,FAM102A,1,-0
3552,MDM2,1,-0
6357,TRIM4,1,-0
5790,SP7,1,-0
3079,KHDRBS1,1,-0
5639,SLC38A2,1,-0
1987,FBXL2,1,-0
6204,TMIGD2,1,-0
5929,STX3,1,-0
3129,KLF15,1,-0
140,AHCYL1,1,-0
5777,SOX10,1,-0
1960,FAM53C,1,-0
704,CARD8,1,-0
272,APOBEC3B,1,-0
2479,GSR,1,-0
3958,NNMT,1,-0
5646,SLC47A1,1,-0
4869,PTPN18,1,-0
2769,IFNAR1,1,-0
3582,METTL3,1,-0
614,BVES,1,-0
1730,EFEMP2,1,-0
1693,E2F5,1,-0
1321,CSNK1G1,1,-0
NA,ZNF774,1,-0
3176,KRT20,1,-0
5515,SH3GLB1,1,-0
3625,MLF1,1,-0
1303,CSF1,1,-0
1012,CENPB,1,-0
806,CCR1,1,-0
3832,NCOA4,1,-0
NA,ABCE1,1,-0
6194,TMEM161A,1,-0
2826,IL17RE,1,-0
3119,KITLG,1,-0
4429,PHLDA1,1,-0
4864,PTPN1,1,-0
5200,RNF175,1,-0
1641,DTNBP1,1,-0
3662,MOG,1,-0
NA,NR1D2,1,-0
5573,SIRT2,1,-0
680,CAMK2A,1,-0
1800,ELAVL3,1,-0
1194,COIL,1,-0
5505,SH2D1A,1,-0
6636,VDR,1,-0
5981,SYTL1,1,-0
2013,FCAMR,1,-0
4142,OTUD5,1,-0
3731,MUTYH,1,-0
434,ATP6AP1,1,-0
6065,TDG,1,-0
6122,TH,1,-0
3186,LAG3,1,-0
1975,FASLG,1,-0
6833,ZNF692,1,-0
3782,MYOD1,1,-0
4621,POU1F1,1,-0
3690,MSC,1,-0
6734,XCR1,1,-0
6703,WNT16,1,-0
3326,LRFN1,1,-0
4292,PCYT1A,1,-0
6398,TRIP13,1,-0
2158,FRS2,1,-0
1814,ELP3,1,-0
5638,SLC37A1,1,-0
4179,PAK1,1,-0
4654,PPM1H,1,-0
6535,UBQLN4,1,-0
534,BIN1,1,-0
5431,SELL,1,-0
5131,RIMBP3,1,-0
86,ADARB1,1,-0
5827,SRC,1,-0
4514,PKP3,1,-0
1559,DLL3,1,-0
4160,P2RY4,1,-0
4077,NTSR2,1,-0
2106,FLRT1,1,-0
3351,LRRC52,1,-0
578,BRD3,1,-0
4766,PROC,1,-0
5003,RAP1GAP2,1,-0
2008,FBXW11,1,-0
606,BTN3A2,1,-0
3459,MAP4K2,1,-0
5779,SOX17,1,-0
6688,WFS1,1,-0
750,CCDC50,1,-0
1331,CSTF2,1,-0
3934,NKX6-1,1,-0
6,AATK,1,-0
4688,PPP2R2A,1,-0
1517,DHCR7,1,-0
5778,SOX11,1,-0
382,ASB3,1,-0
6020,TAPBP,1,-0
5781,SOX3,1,-0
4113,OLFM2,1,-0
3557,MECP2,1,-0
3986,NPBWR1,1,-0
5539,SHOX,1,-0
2095,FKBP6,1,-0
4067,NTN1,1,-0
2383,GP6,1,-0
2184,FZD2,1,-0
2614,HLA-G,1,-0
4164,PA2G4,1,-0
1543,DKK4,1,-0
476,BAG5,1,-0
2408,GPR182,1,-0
5717,SMYD2,1,-0
121,ADRB2,1,-0
898,CDC25A,1,-0
2020,FCGR2B,1,-0
2379,GORASP1,1,-0
6069,TDP2,1,-0
6514,UBE2J1,1,-0
2518,HAT1,1,-0
2723,HTR6,1,-0
2360,GNB3,1,-0
1236,CORO1A,1,-0
4304,PDCL3,1,-0
4020,NR1H3,1,-0
6545,UCHL5,1,-0
4203,PARP2,1,-0
2900,INHBE,1,-0
2404,GPR151,1,-0
1469,DDB2,1,-0
5617,SLC1A5,1,-0
3441,MAP2K5,1,-0
4775,PROZ,1,-0
3565,MEF2B,1,-0
6021,TARBP2,1,-0
5301,RRN3,1,-0
1929,F11R,1,-0
2735,ICAM1,1,-0
547,BMI1,1,-0
5176,RNF130,1,-0
1080,CHRM1,1,-0
3136,KLF7,1,-0
4813,PSMC2,1,-0
2760,IFNA16,1,-0
6033,TBC1D7,1,-0
4956,RABEPK,1,-0
5578,SIRT7,1,-0
4075,NTS,1,-0
2344,GNA12,1,-0
1664,DUSP5,1,-0
3328,LRFN3,1,-0
4680,PPP1R3C,1,-0
4968,RAD23B,1,-0
869,CD55,1,-0
5262,RPL10,1,-0
6308,TRAF3IP2,1,-0
3564,MEF2A,1,-0
4563,PLSCR1,1,-0
3054,KCNN4,1,-0
2456,GRK1,1,-0
2251,GCG,1,-0
2005,FBXO8,1,-0
1490,DDX6,1,-0
5735,SNIP1,1,-0
2285,GGA1,1,-0
4158,P2RY14,1,-0
2277,GFI1,1,-0
719,CASP7,1,-0
5926,STX11,1,-0
5237,RNFT1,1,-0
4106,ODC1,1,-0
207,ANAPC7,1,-0
NA,USP3,1,-0
3015,KATNA1,1,-0
1070,CHKA,1,-0
269,APOA5,1,-0
597,BTG1,1,-0
3290,LIPH,1,-0
1739,EFNB1,1,-0
4088,NUMBL,1,-0
5808,SPN,1,-0
5365,SCAMP3,1,-0
4474,PILRB,1,-0
5798,SPDEF,1,-0
6551,UGT1A6,1,-0
1376,CX3CL1,1,-0
4944,RAB3IP,1,-0
5058,RBPJ,1,-0
4726,PRKAA1,1,-0
868,CD53,1,-0
3618,MKKS,1,-0
5586,SKAP1,1,-0
5526,SHB,1,-0
167,AKR1C1,1,-0
5094,RFPL1,1,-0
5442,SEMA4B,1,-0
4352,PDZD3,1,-0
5642,SLC3A2,1,-0
5557,SIK1,1,-0
3177,KRT8,1,-0
6714,WNT8A,1,-0
6835,ZNF76,1,-0
3471,MAPK15,1,-0
147,AHSG,1,-0
1697,E4F1,1,-0
683,CAMK2G,1,-0
2385,GPAA1,1,-0
3451,MAP3K3,1,-0
2426,GPS1,1,-0
6163,TKT,1,-0
6615,VAC14,1,-0
655,CACNG2,1,-0
1247,CPM,1,-0
2417,GPR37L1,1,-0
5840,SRP54,1,-0
2770,IFNAR2,1,-0
5191,RNF152,1,-0
2031,FDXR,1,-0
1803,ELF2,1,-0
6387,TRIM72,1,-0
6369,TRIM50,1,-0
1995,FBXO32,1,-0
5077,RELB,1,-0
3247,LGI4,1,-0
204,ANAPC2,1,-0
4637,PPARG,1,-0
5825,SPTLC1,1,-0
1265,CREM,1,-0
4323,PDGFC,1,-0
6315,TRAP1,1,-0
4693,PPP2R3B,1,-0
197,AMIGO2,1,-0
1316,CSN2,1,-0
4111,OGG1,1,-0
5484,SETMAR,1,-0
3133,KLF4,1,-0
2182,FZD1,1,-0
5743,SNTB1,1,-0
733,CBFA2T3,1,-0
3114,KIR3DL3,1,-0
1815,EMB,1,-0
1097,CHTF18,1,-0
718,CASP6,1,-0
3248,LGMN,1,-0
3132,KLF3,1,-0
2873,IL6,1,-0
4870,PTPN2,1,-0
817,CCT2,1,-0
2599,HLA-C,1,-0
2607,HLA-DQA2,1,-0
4977,RAET1E,1,-0
5902,STK17B,1,-0
4496,PITX1,1,-0
3837,NCR2,1,-0
6399,TRIP4,1,-0
105,ADIPOR2,1,-0
505,BCL2L11,1,-0
4275,PCGF5,1,-0
5994,TACR2,1,-0
1173,CNN1,1,-0
2887,IMP4,1,-0
6713,WNT7B,1,-0
2520,HAUS8,1,-0
3649,MMP25,1,-0
NA,CLCC1,1,-0
6685,WDSUB1,1,-0
6076,TECTB,1,-0
3018,KCMF1,1,-0
1378,CXADR,1,-0
6264,TOB1,1,-0
5226,RNF38,1,-0
5662,SLC7A11,1,-0
4300,PDCD4,1,-0
3242,LGALS8,1,-0
1361,CTSS,1,-0
5875,STAMBP,1,-0
1181,CNTFR,1,-0
3366,LSP1,1,-0
5208,RNF19B,1,-0
1179,CNR2,1,-0
5253,RPA1,1,-0
103,ADIPOQ,1,-0
3324,LPXN,1,-0
3877,NEU1,1,-0
883,CD80,1,-0
523,BEST1,1,-0
1988,FBXL3,1,-0
2866,IL33,1,-0
1679,DYNC1LI2,1,-0
6482,TWF1,1,-0
303,ARFGAP3,1,-0
5459,SERBP1,1,-0
3987,NPBWR2,1,-0
3553,MDM4,1,-0
5232,RNF44,1,-0
1781,EIF4A3,1,-0
5236,RNF8,1,-0
904,CDC37,1,-0
6716,WNT9A,1,-0
705,CARD9,1,-0
46,ACP5,1,-0
3954,NMT1,1,-0
3758,MYL2,1,-0
237,ANXA4,1,-0
1457,DCLRE1B,1,-0
346,ARHGEF19,1,-0
6223,TNFRSF13B,1,-0
1090,CHRNA9,1,-0
6700,WNT10A,1,-0
6710,WNT5B,1,-0
2135,FOXF1,1,-0
5076,RELA,1,-0
1407,CYP17A1,1,-0
3226,LDHB,1,-0
4345,PDPN,1,-0
385,ASB9,1,-0
6134,THPO,1,-0
2349,GNAI2,1,-0
4484,PIP4K2B,1,-0
1778,EIF3I,1,-0
863,CD46,1,-0
4422,PHGDH,1,-0
4973,RAD52,1,-0
3122,KLC1,1,-0
5319,RUNX3,1,-0
2145,FOXN2,1,-0
4448,PIAS4,1,-0
5106,RGS14,1,-0
3827,NCKIPSD,1,-0
3161,KLRK1,1,-0
4940,RAB39B,1,-0
4333,PDIA6,1,-0
5304,RSPH3,1,-0
2928,IRF5,1,-0
NA,DNPEP,1,-0
3895,NFIX,1,-0
3940,NLK,1,-0
6476,TUBE1,1,-0
6750,YAP1,1,-0
5,AATF,1,-0
4157,P2RY13,1,-0
6105,TFPI,1,-0
3585,MEX3C,1,-0
4019,NR1H2,1,-0
3925,NKD2,1,-0
5022,RASGEF1A,1,-0
4636,PPARD,1,-0
3127,KLF12,1,-0
1568,DMPK,1,-0
4152,P2RX7,1,-0
6731,XBP1,1,-0
5307,RSPO3,1,-0
2674,HOXD13,1,-0
4553,PLIN1,1,-0
359,ARIH1,1,-0
3639,MMP11,1,-0
5545,SIAH3,1,-0
1892,ESAM,1,-0
1874,ERCC1,1,-0
3456,MAP3K8,1,-0
3503,MAT2B,1,-0
2680,HPN,1,-0
3939,NLGN4Y,1,-0
5371,SCARF1,1,-0
4184,PAK6,1,-0
1087,CHRNA3,1,-0
5284,RPS6KA4,1,-0
4110,OGFR,1,-0
1044,CFLAR,1,-0
6383,TRIM68,1,-0
4801,PSG7,1,-0
4626,POU3F2,1,-0
4964,RAD1,1,-0
6103,TFG,1,-0
406,ATF4,1,-0
2126,FOSB,1,-0
6504,UBE2A,1,-0
5155,RMND5B,1,-0
2810,IL12B,1,-0
6055,TCF7,1,-0
813,CCR7,1,-0
994,CEACAM3,1,-0
3060,KCTD10,1,-0
427,ATP1B1,1,-0
6294,TPM3,1,-0
896,CDC20,1,-0
236,ANXA2,1,-0
3381,LY6G6F,1,-0
4555,PLIN3,1,-0
544,BLVRA,1,-0
2775,IFNGR2,1,-0
5853,SSBP3,1,-0
3676,MPZL1,1,-0
6331,TRIB3,1,-0
6229,TNFRSF1A,1,-0
3483,MAPKAPK5,1,-0
524,BEX1,1,-0
3951,NMI,1,-0
4379,PEX3,1,-0
3908,NFYC,1,-0
289,AQP6,1,-0
1978,FBLIM1,1,-0
848,CD300LF,1,-0
2856,IL26,1,-0
1808,ELK4,1,-0
5087,RETNLB,1,-0
1141,CLEC1B,1,-0
1826,ENO1,1,-0
1657,DUSP19,1,-0
797,CCNG1,1,-0
2459,GRK6,1,-0
570,BPHL,1,-0
5832,SRF,1,-0
1601,DOK3,1,-0
403,ATF1,1,-0
5046,RBM17,1,-0
6465,TUBA1C,1,-0
1232,COPS3,1,-0
2771,IFNB1,1,-0
2040,FFAR2,1,-0
6070,TEAD1,1,-0
525,BFAR,1,-0
624,C1RL,1,-0
6135,THRA,1,-0
5787,SP2,1,-0
2686,HRH3,1,-0
798,CCNH,1,-0
4853,PTHLH,1,-0
3976,NOVA2,1,-0
2846,IL20RB,1,-0
6663,VSIG8,1,-0
2750,IDH3G,1,-0
1313,CSK,1,-0
4287,PCSK4,1,-0
1296,CRYGC,1,-0
6439,TSPAN17,1,-0
2009,FBXW2,1,-0
NA,SUV39H2,1,-0
4729,PRKACA,1,-0
1273,CRKL,1,-0
5561,SIL1,1,-0
3789,MZF1,1,-0
749,CCDC106,1,-0
888,CD8A,1,-0
1136,CLEC10A,1,-0
1718,EDNRA,1,-0
3001,JMJD6,1,-0
2123,FNTA,1,-0
5327,RXRB,1,-0
5877,STAP2,1,-0
402,ATE1,1,-0
2347,GNA15,1,-0
620,C1QC,1,-0
6706,WNT3,1,-0
5494,SFTPA2,1,-0
1492,DEF6,1,-0
6435,TSPAN12,1,-0
4912,PXN,1,-0
800,CCNL2,1,-0
4737,PRKAR2B,1,-0
2292,GHITM,1,-0
3823,NCK1,1,-0
3241,LGALS3BP,1,-0
5345,S1PR4,1,-0
1286,CRY2,1,-0
5598,SLC10A1,1,-0
268,APOA4,1,-0
4428,PHKG2,1,-0
5813,SPP1,1,-0
1890,ERP44,1,-0
4652,PPM1F,1,-0
5476,SESN1,1,-0
5533,SHD,1,-0
997,CEACAM6,1,-0
1149,CLEC7A,1,-0
6474,TUBB6,1,-0
1392,CXCR1,1,-0
2336,GMCL1,1,-0
4653,PPM1G,1,-0
2164,FST,1,-0
4004,NPTN,1,-0
1706,ECSIT,1,-0
NA,GPR171,1,-0
3167,KPNA6,1,-0
2788,IGFBP3,1,-0
4175,PAG1,1,-0
796,CCNF,1,-0
2764,IFNA4,1,-0
1370,CUL4A,1,-0
6133,THOP1,1,-0
2313,GKAP1,1,-0
1813,ELOVL7,1,-0
4427,PHKG1,1,-0
212,ANGPTL1,1,-0
3039,KCNJ11,1,-0
64,ADA,1,-0
1156,CLK4,1,-0
5144,RIPK2,1,-0
2237,GAS2L1,1,-0
2494,GTF2I,1,-0
5933,STX8,1,-0
6053,TCF3,1,-0
2850,IL22RA1,1,-0
4051,NRSN1,1,-0
5659,SLC6A8,1,-0
6707,WNT3A,1,-0
6010,TAL1,1,-0
1766,EIF2B3,1,-0
1725,EEF1D,1,-0
5011,RAPGEF6,1,-0
2244,GATA6,1,-0
6806,ZIC2,1,-0
3799,NAIP,1,-0
1562,DLX3,1,-0
1891,ERRFI1,1,-0
2731,HYAL2,1,-0
2749,IDH3A,1,-0
5942,SUFU,1,-0
5845,SRPRB,1,-0
6096,TFAP4,1,-0
1402,CYC1,1,-0
3157,KLRD1,1,-0
1295,CRYGB,1,-0
NA,MSL1,1,-0
3619,MKNK1,1,-0
702,CARD16,1,-0
3545,MCTS1,1,-0
6217,TNFRSF10B,1,-0
4128,ORM1,1,-0
2808,IL11RA,1,-0
1914,EVL,1,-0
3900,NFKBIE,1,-0
3184,LACRT,1,-0
2888,IMPDH2,1,-0
5225,RNF34,1,-0
4224,PCBP2,1,-0
6287,TPD52,1,-0
5905,STK25,1,-0
660,CADM4,1,-0
2377,GOLPH3,1,-0
445,ATXN10,1,-0
1934,F2RL1,1,-0
2676,HOXD4,1,-0
104,ADIPOR1,1,-0
2359,GNB2,1,-0
6550,UGT1A3,1,-0
6701,WNT10B,1,-0
2987,IZUMO1,1,-0
2539,HDAC11,1,-0
162,AKAP5,1,-0
6205,TMOD1,1,-0
4821,PSMD4,1,-0
151,AIFM2,1,-0
4101,NXPH3,1,-0
3049,KCNK3,1,-0
5689,SMAD5,1,-0
NA,CENPN,1,-0
6464,TUBA1B,1,-0
6148,TIGIT,1,-0
2924,IRF2BP1,1,-0
4363,PELI3,1,-0
465,B4GALT1,1,-0
2423,GPRC5A,1,-0
4904,PUF60,1,-0
4200,PARL,1,-0
4782,PRR5L,1,-0
1343,CTHRC1,1,-0
1509,DFFB,1,-0
3405,MAEA,1,-0
4919,PYGO2,1,-0
4381,PEX6,1,-0
878,CD70,1,-0
2161,FSCN1,1,-0
6842,ZP3,1,-0
2527,HBP1,1,-0
5614,SLC1A1,1,-0
284,APTX,1,-0
1008,CELF6,1,-0
6442,TSPAN5,1,-0
2907,INSL5,1,-0
4438,PHYHIP,1,-0
5921,STRADA,1,-0
2136,FOXF2,1,-0
4635,PPARA,1,-0
1807,ELK3,1,-0
815,CCR9,1,-0
2899,INHBC,1,-0
355,ARID3A,1,-0
5509,SH3BP2,1,-0
2205,GABPB1,1,-0
5321,RWDD3,1,-0
6112,TGFB1I1,1,-0
1571,DNAJB1,1,-0
6609,UTP3,1,-0
4156,P2RY12,1,-0
2371,GNRHR,1,-0
986,CDX2,1,-0
215,ANGPTL4,1,-0
3607,MICB,1,-0
5582,SIX3,1,-0
991,CEACAM19,1,-0
4828,PSTPIP1,1,-0
2380,GORASP2,1,-0
1591,DOC2A,1,-0
1962,FAM8A1,1,-0
1948,FAIM2,1,-0
4787,PRSS21,1,-0
2934,IRS2,1,-0
4746,PRKCSH,1,-0
4343,PDP2,1,-0
4780,PRPS1,1,-0
1565,DMC1,1,-0
6645,VIP,1,-0
6293,TPM2,1,-0
1894,ESM1,1,-0
372,ART1,1,-0
527,BGN,1,-0
4062,NSUN5,1,-0
5903,STK19,1,-0
NA,RTN4RL2,1,-0
2473,GRSF1,1,-0
3188,LAIR2,1,-0
1438,DAPK3,1,-0
2999,JKAMP,1,-0
6267,TOM1L1,1,-0
5308,RSPO4,1,-0
2142,FOXK2,1,-0
2090,FIZ1,1,-0
6692,WIPI2,1,-0
1465,DCTN4,1,-0
4561,PLP1,1,-0
1709,EDA2R,1,-0
153,AIMP2,1,-0
2206,GABPB2,1,-0
1954,FAM187B,1,-0
2050,FGF10,1,-0
640,CABLES1,1,-0
789,CCNB1IP1,1,-0
6064,TCTN3,1,-0
4442,PI4K2B,1,-0
621,C1QTNF1,1,-0
989,CEACAM1,1,-0
2018,FCGR1A,1,-0
6717,WNT9B,1,-0
5493,SFTPA1,1,-0
2409,GPR183,1,-0
1091,CHRNB1,1,-0
1605,DOK7,1,-0
5373,SCD5,1,-0
894,CDC14B,1,-0
3438,MAP2K2,1,-0
1907,ETV3,1,-0
1881,ERCC8,1,-0
2192,FZR1,1,-0
2673,HOXD12,1,-0
3801,NAMPT,1,-0
5922,STRAP,1,-0
5103,RGMB,1,-0
6089,TEX101,1,-0
3297,LMNB1,1,-0
1299,CRYZ,1,-0
1329,CST4,1,-0
5357,SASH3,1,-0
5838,SRMS,1,-0
414,ATG3,1,-0
1311,CSH2,1,-0
4755,PRKX,1,-0
3795,NAB2,1,-0
4125,OR1G1,1,-0
3295,LMBR1L,1,-0
4945,RAB4A,1,-0
2002,FBXO5,1,-0
463,AZI2,1,-0
5599,SLC11A1,1,-0
1312,CSHL1,1,-0
2898,INHBB,1,-0
194,AMFR,1,-0
5780,SOX2,1,-0
5535,SHH,1,-0
2692,HSF2,1,-0
3110,KIR2DL4,1,-0
5298,RRM1,1,-0
3298,LMNB2,1,-0
4704,PPP5C,1,-0
6533,UBOX5,1,-0
5354,SARM1,1,-0
6620,VAMP7,1,-0
117,ADRA2A,1,-0
1281,CRTC1,1,-0
1089,CHRNA7,1,-0
4586,PNKP,1,-0
2234,GAR1,1,-0
6153,TIMP3,1,-0
1328,CSRP3,1,-0
1589,DNMT3L,1,-0
601,BTLA,1,-0
4728,PRKAB1,1,-0
4195,PAQR3,1,-0
NA,CCNB2,1,-0
2482,GSTA4,1,-0
2754,IFIT1,1,-0
3443,MAP2K7,1,-0
4450,PICK1,1,-0
6245,TNFSF4,1,-0
6246,TNFSF8,1,-0
5372,SCD,1,-0
6283,TP53TG5,1,-0
1776,EIF3F,1,-0
2635,HNRNPA3,1,-0
5574,SIRT3,1,-0
628,C4A,1,-0
4950,RAB6B,1,-0
1862,EPOR,1,-0
146,AHSA1,1,-0
5826,SQSTM1,1,-0
6081,TERF2,1,-0
2356,GNAT2,1,-0
5405,SDC3,1,-0
905,CDC42,1,-0
5230,RNF41,1,-0
5465,SERPINB1,1,-0
1748,EGLN2,1,-0
5315,RTN4RL1,1,-0
810,CCR4,1,-0
2655,HOXA4,1,-0
6232,TNFRSF25,1,-0
4597,POLB,1,-0
6244,TNFSF18,1,-0
6564,ULK3,1,-0
6511,UBE2E3,1,-0
1575,DNAJB9,1,-0
3482,MAPKAPK3,1,-0
3728,MUL1,1,-0
4126,ORAI1,1,-0
3677,MPZL2,1,-0
2174,FUS,1,-0
2410,GPR19,1,-0
2619,HMGB2,1,-0
24,ACAA2,1,-0
4789,PRSS3,1,-0
4183,PAK4,1,-0
2883,ILK,1,-0
5107,RGS16,1,-0
5064,RCC1,1,-0
964,CDK5RAP3,1,-0
804,CCNY,1,-0
NA,CS,1,-0
4007,NPTXR,1,-0
2762,IFNA2,1,-0
2538,HDAC10,1,-0
6200,TMEM59L,1,-0
2290,GH1,1,-0
4161,P2RY6,1,-0
690,CANX,1,-0
4180,PAK1IP1,1,-0
2125,FOS,1,-0
4717,PREB,1,-0
3633,MLNR,1,-0
742,CBX3,1,-0
2019,FCGR2A,1,-0
6571,UNG,1,-0
6321,TREML1,1,-0
1868,ERAL1,1,-0
4476,PIM2,1,-0
5891,STBD1,1,-0
3805,NAP1L1,1,-0
6242,TNFSF14,1,-0
793,CCND3,1,-0
6344,TRIM27,1,-0
5663,SLC7A5,1,-0
5799,SPDYA,1,-0
1000,CEBPA,1,-0
3434,MAP1LC3C,1,-0
1155,CLK3,1,-0
4814,PSMC3,1,-0
6118,TGIF1,1,-0
4511,PKNOX1,1,-0
480,BAMBI,1,-0
6313,TRAIP,1,-0
1668,DUSP9,1,-0
4375,PEX14,1,-0
6072,TEAD3,1,-0
4758,PRLHR,1,-0
5945,SULT4A1,1,-0
6114,TGFB3,1,-0
1570,DNAJA3,1,-0
3629,MLLT1,1,-0
830,CD200,1,-0
3174,KRT18,1,-0
3225,LDHA,1,-0
5544,SIAH2,1,-0
3218,LCN1,1,-0
2289,GGT1,1,-0
2475,GSDMD,1,-0
2411,GPR20,1,-0
6309,TRAF4,1,-0
4656,PPM1K,1,-0
NA,FRG1,1,-0
5224,RNF32,1,-0
1883,ERF,1,-0
2039,FFAR1,1,-0
NA,KDM5D,1,-0
6779,ZDHHC13,1,-0
1956,FAM200A,1,-0
4480,PINK1,1,-0
6238,TNFSF11,1,-0
4811,PSMB8,1,-0
1447,DBNL,1,-0
953,CDK16,1,-0
1065,CHEK1,1,-0
5288,RPS6KB2,1,-0
6216,TNFRSF10A,1,-0
5491,SFRP2,1,-0
1158,CLN8,1,-0
6744,XRCC2,1,-0
NA,LHFPL5,1,-0
4525,PLAGL1,1,-0
2353,GNAQ,1,-0
1939,F7,1,-0
2647,HOMER2,1,-0
5218,RNF217,1,-0
4998,RANBP9,1,-0
5534,SHE,1,-0
5563,SIM2,1,-0
1740,EFNB2,1,-0
3599,MGMT,1,-0
1936,F2RL3,1,-0
4412,PHF1,1,-0
5807,SPINT1,1,-0
4451,PIGA,1,-0
1920,EXOC8,1,-0
369,ARRB1,1,-0
1677,DYNC1I2,1,-0
2511,HABP4,1,-0
1071,CHKB,1,-0
5864,SSTR5,1,-0
4361,PELI1,1,-0
3151,KLK3,1,-0
5294,RRAGD,1,-0
3231,LEFTY1,1,-0
2278,GFI1B,1,-0
4840,PTGER2,1,-0
812,CCR6,1,-0
5583,SIX6,1,-0
3860,NEFL,1,-0
6042,TBX2,1,-0
5238,RNFT2,1,-0
119,ADRA2C,1,-0
5566,SIPA1,1,-0
2282,GFRA3,1,-0
4629,POU4F1,1,-0
5473,SERPINF1,1,-0
4684,PPP2CA,1,-0
NA,UBE2Q2,1,-0
4716,PRDX6,1,-0
6212,TNFAIP1,1,-0
2904,INSIG1,1,-0
5116,RHBDL2,1,-0
1135,CLDN9,1,-0
308,ARG1,1,-0
3634,MLST8,1,-0
4936,RAB2A,1,-0
178,ALDH6A1,1,-0
4685,PPP2CB,1,-0
3469,MAPK13,1,-0
384,ASB8,1,-0
715,CASP3,1,-0
6460,TTR,1,-0
258,APH1B,1,-0
500,BCL10,1,-0
3159,KLRG1,1,-0
6681,WDR5,1,-0
1765,EIF2B2,1,-0
4321,PDGFA,1,-0
1908,ETV4,1,-0
6250,TNIP2,1,-0
2822,IL17F,1,-0
2068,FGF7,1,-0
2483,GSTM2,1,-0
4826,PSMF1,1,-0
5881,STARD3NL,1,-0
5878,STAR,1,-0
6092,TFAM,1,-0
4754,PRKRA,1,-0
2639,HNRNPH1,1,-0
2078,FGL1,1,-0
2666,HOXB8,1,-0
6154,TINF2,1,-0
5931,STX5,1,-0
4334,PDIK1L,1,-0
4274,PCGF3,1,-0
5168,RNF115,1,-0
2819,IL17A,1,-0
2367,GNL3,1,-0
3400,MAD2L1,1,-0
1146,CLEC4A,1,-0
2736,ICAM2,1,-0
5632,SLC2A1,1,-0
5861,SSTR2,1,-0
6655,VPS4A,1,-0
5359,SAT1,1,-0
6400,TRIP6,1,-0
6441,TSPAN33,1,-0
364,ARPC1B,1,-0
6255,TNNI2,1,-0
5138,RING1,1,-0
4616,PON2,1,-0
5186,RNF146,1,-0
4093,NUP50,1,-0
3391,LYVE1,1,-0
2691,HSF1,1,-0
4441,PI4K2A,1,-0
3652,MMP7,1,-0
5280,RPS6,1,-0
5123,RHOH,1,-0
2905,INSIG2,1,-0
6728,WWTR1,1,-0
3898,NFKBIA,1,-0
5426,SEC62,1,-0
5213,RNF212,1,-0
5270,RPN1,1,-0
235,ANXA1,1,-0
3300,LMO2,1,-0
6641,VGLL4,1,-0
3668,MPG,1,-0
1666,DUSP7,1,-0
1840,EPCAM,1,-0
2799,IHH,1,-0
6843,ZPBP2,1,-0
1340,CTDSPL2,1,-0
1068,CHGA,1,-0
4633,POU6F1,1,-0
1715,EDN1,1,-0
617,C1QA,1,-0
2849,IL22,1,-0
1274,CRLF1,1,-0
2737,ICAM3,1,-0
5621,SLC22A18,1,-0
522,BECN1,1,-0
615,BZW2,1,-0
3843,NDEL1,1,-0
4793,PSAP,1,-0
6265,TOB2,1,-0
6080,TERF1,1,-0
981,CDR2,1,-0
2658,HOXA9,1,-0
5576,SIRT5,1,-0
1703,ECD,1,-0
3232,LEFTY2,1,-0
842,CD28,1,-0
4594,POFUT1,1,-0
3472,MAPK3,1,-0
2263,GDF11,1,-0
6780,ZDHHC16,1,-0
4174,PAFAH1B1,1,-0
5818,SPRY4,1,-0
2843,IL2,1,-0
190,AMBP,1,-0
6721,WSB1,1,-0
2653,HOXA10,1,-0
1276,CRLF3,1,-0
3200,LAMP1,1,-0
6578,USF2,1,-0
3485,MAPRE2,1,-0
3678,MPZL3,1,-0
4846,PTGIR,1,-0
4150,OXTR,1,-0
6718,WRAP53,1,-0
4366,PEPD,1,-0
2582,HIF1AN,1,-0
1439,DAPP1,1,-0
3587,MFAP1,1,-0
2226,GALP,1,-0
4190,PANX2,1,-0
3164,KPNA2,1,-0
1086,CHRNA10,1,-0
2995,JAM3,1,-0
877,CD7,1,-0
2162,FSHB,1,-0
4993,RAMP3,1,-0
NA,MTAP,1,-0
674,CALR,1,-0
5937,STXBP6,1,-0
287,AQP4,1,-0
3729,MUS81,1,-0
860,CD40,1,-0
5976,SYP,1,-0
1784,EIF4E2,1,-0
5641,SLC39A8,1,-0
3255,LHX2,1,-0
6470,TUBA8,1,-0
664,CALCA,1,-0
6099,TFEB,1,-0
1134,CLDN8,1,-0
3648,MMP24,1,-0
4296,PDCD1,1,-0
32,ACAT1,1,-0
3145,KLHL21,1,-0
2613,HLA-F,1,-0
4134,OSGIN1,1,-0
6792,ZFPM1,1,-0
3254,LHX1,1,-0
2010,FBXW5,1,-0
3849,NDRG2,1,-0
6546,UCKL1,1,-0
5508,SH3BP1,1,-0
2147,FOXO3,1,-0
5211,RNF207,1,-0
3296,LMNA,1,-0
2896,INHA,1,-0
595,BTC,1,-0
641,CABP1,1,-0
451,AURKB,1,-0
5527,SHBG,1,-0
2281,GFRA2,1,-0
3449,MAP3K14,1,-0
3406,MAF,1,-0
4627,POU3F3,1,-0
2847,IL21,1,-0
5820,SPSB2,1,-0
5962,SYCP3,1,-0
1042,CFL1,1,-0
5386,SCN2B,1,-0
4985,RALA,1,-0
6189,TMED10,1,-0
2127,FOSL1,1,-0
4767,PROCR,1,-0
4402,PGLYRP1,1,-0
NA,GTF3A,1,-0
1016,CENPK,1,-0
4002,NPS,1,-0
6732,XCL1,1,-0
1651,DUSP11,1,-0
2832,IL1A,1,-0
5478,SET,1,-0
4806,PSMA6,1,-0
5362,SAV1,1,-0
2662,HOXB4,1,-0
3595,MFNG,1,-0
238,ANXA5,1,-0
6738,XPA,1,-0
2767,IFNA7,1,-0
1100,CIB2,1,-0
2654,HOXA11,1,-0
NA,HPGDS,1,-0
5803,SPI1,1,-0
3486,MAPRE3,1,-0
6625,VASP,1,-0
885,CD82,1,-0
1076,CHMP4C,1,-0
3368,LTA,1,-0
3206,LASP1,1,-0
584,BRMS1,1,-0
2741,ICOS,1,-0
365,ARPC2,1,-0
1950,FAM107A,1,-0
3952,NMNAT1,1,-0
1325,CSNK2A2,1,-0
3626,MLF2,1,-0
2378,GOPC,1,-0
3319,LPAR6,1,-0
2105,FLOT2,1,-0
3622,MKRN2,1,-0
2728,HUS1,1,-0
6760,YWHAE,1,-0
1930,F12,1,-0
3284,LIN7C,1,-0
256,APEX1,1,-0
1520,DHPS,1,-0
1398,CXXC4,1,-0
790,CCNC,1,-0
2768,IFNA8,1,-0
6379,TRIM62,1,-0
2824,IL17RB,1,-0
839,CD27,1,-0
1257,CRADD,1,-0
3302,LMO4,1,-0
6664,VTCN1,1,-0
2499,GUCA1B,1,-0
5065,RCHY1,1,-0
3384,LY96,1,-0
6781,ZDHHC2,1,-0
5741,SNRPB,1,-0
NA,ASPSCR1,1,-0
799,CCNK,1,-0
6199,TMEM53,1,-0
6380,TRIM63,1,-0
239,ANXA9,1,-0
4679,PPP1R3B,1,-0
2566,HERPUD1,1,-0
6256,TNNI3,1,-0
6273,TOR1A,1,-0
4970,RAD51,1,-0
2175,FUT11,1,-0
699,CAPZB,1,-0
2831,IL19,1,-0
1396,CXCR5,1,-0
4139,OSTN,1,-0
5543,SIAH1,1,-0
618,C1QB,1,-0
3842,NDE1,1,-0
634,C9orf78,1,-0
2486,GTF2A1,1,-0
2000,FBXO44,1,-0
761,CCL13,1,-0
1738,EFNA5,1,-0
2246,GBGT1,1,-0
449,AURKA,1,-0
1749,EGLN3,1,-0
5941,SUDS3,1,-0
1125,CLDN14,1,-0
2104,FLOT1,1,-0
4489,PIRT,1,-0
3513,MBIP,1,-0
965,CDK6,1,-0
3315,LPAR2,1,-0
2816,IL15,1,-0
2334,GLUD1,1,-0
3275,LIMD1,1,-0
152,AIMP1,1,-0
5105,RGS13,1,-0
154,AIP,1,-0
4978,RAET1G,1,-0
1047,CGA,1,-0
1344,CTLA4,1,-0
2017,FCER2,1,-0
1806,ELK1,1,-0
6448,TSSK3,1,-0
4336,PDK2,1,-0
2006,FBXO9,1,-0
5404,SDC2,1,-0
6586,USP14,1,-0
6326,TRH,1,-0
57,ACTR2,1,-0
3658,MNT,1,-0
5343,S1PR2,1,-0
2570,HEXIM1,1,-0
5511,SH3BP5,1,-0
1516,DHCR24,1,-0
6298,TPSAB1,1,-0
4005,NPTX1,1,-0
1653,DUSP13,1,-0
1896,ESPN,1,-0
2546,HDAC8,1,-0
3802,NANOG,1,-0
3017,KATNB1,1,-0
5031,RASSF5,1,-0
2890,INA,1,-0
3820,NCF1,1,-0
360,ARIH2,1,-0
2355,GNAT1,1,-0
2301,GIPR,1,-0
87,ADCK5,1,-0
5102,RGMA,1,-0
3981,NOXA1,1,-0
1759,EIF2A,1,-0
4170,PACSIN3,1,-0
1123,CLDN11,1,-0
NA,EMX2,1,-0
6751,YBX1,1,-0
5154,RMND5A,1,-0
NA,EIF1AX,1,-0
2742,ICOSLG,1,-0
1478,DDX19B,1,-0
6508,UBE2D3,1,-0
858,CD3G,1,-0
5053,RBM8A,1,-0
673,CALML3,1,-0
1779,EIF3J,1,-0
4702,PPP4C,1,-0
1033,CETN2,1,-0
2679,HPCA,1,-0
5263,RPL11,1,-0
3657,MNAT1,1,-0
3006,JUN,1,-0
2844,IL20,1,-0
370,ARRB2,1,-0
4924,QRFP,1,-0
4010,NPY,1,-0
6155,TIPIN,1,-0
841,CD276,1,-0
1886,ERGIC3,1,-0
2069,FGF8,1,-0
1233,COPS5,1,-0
4810,PSMB4,1,-0
6684,WDR83,1,-0
3279,LIN28A,1,-0
278,APOD,1,-0
1317,CSNK1A1,1,-0
3679,MRAP,1,-0
1794,EIF5A,1,-0
4299,PDCD2,1,-0
3258,LIF,1,-0
1937,F3,1,-0
663,CALB1,1,-0
5512,SH3GL1,1,-0
NA,SBDS,1,-0
4523,PLAC8,1,-0
1293,CRYBB2,1,-0
6371,TRIM54,1,-0
5414,SEC14L2,1,-0
1816,EMD,1,-0
1052,CH25H,1,-0
5960,SYAP1,1,-0
5052,RBM7,1,-0
6733,XCL2,1,-0
5490,SFRP1,1,-0
6520,UBE2R2,1,-0
4986,RALB,1,-0
3370,LTB,1,-0
881,CD79A,1,-0
309,ARHGAP1,1,-0
892,CD99,1,-0
5122,RHOC,1,-0
3971,NOSIP,1,-0
5914,STMN2,1,-0
3238,LFNG,1,-0
1074,CHMP2A,1,-0
1326,CSNK2B,1,-0
3509,MAZ,1,-0
NA,TPST1,1,-0
3217,LCMT1,1,-0
1691,E2F3,1,-0
1174,CNN3,1,-0
6827,ZNF511,1,-0
5457,SENP3,1,-0
1678,DYNC1LI1,1,-0
3612,MIIP,1,-0
3910,NGF,1,-0
919,CDCA5,1,-0
5819,SPSB1,1,-0
1229,COMMD5,1,-0
2665,HOXB7,1,-0
4952,RAB7A,1,-0
636,CA2,1,-0
3256,LHX3,1,-0
3550,MDH1,1,-0
2228,GALR2,1,-0
2636,HNRNPC,1,-0
4114,OLR1,1,-0
338,ARHGDIB,1,-0
2719,HTR2B,1,-0
4661,PPP1CB,1,-0
1699,EAF2,1,-0
591,BSPRY,1,-0
1984,FBXL12,1,-0
1441,DAZAP1,1,-0
854,CD37,1,-0
6041,TBX1,1,-0
3869,NEK6,1,-0
NA,LBX1,1,-0
1177,CNP,1,-0
4374,PEX13,1,-0
3722,MUC1,1,-0
2711,HTATIP2,1,-0
307,ARFIP2,1,-0
677,CAMK1,1,-0
6797,ZFYVE19,1,-0
3806,NAPG,1,-0
NA,MTX2,1,-0
6430,TSKU,1,-0
6323,TREML4,1,-0
517,BCS1L,1,-0
6670,WASF2,1,-0
4615,POMC,1,-0
3906,NFYA,1,-0
1861,EPO,1,-0
6437,TSPAN14,1,-0
1564,DMAP1,1,-0
6306,TRAF2,1,-0
5092,RFFL,1,-0
6715,WNT8B,1,-0
1333,CTBP1,1,-0
1330,CSTF1,1,-0
1732,EFHD1,1,-0
4457,PIGS,1,-0
2513,HAND1,1,-0
4903,PTX3,1,-0
45,ACP1,1,-0
6057,TCL1A,1,-0
4655,PPM1J,1,-0
285,AQP1,1,-0
1690,E2F2,1,-0
6334,TRIM13,1,-0
485,BARHL1,1,-0
811,CCR5,1,-0
4339,PDLIM1,1,-0
1542,DKK3,1,-0
3870,NEK7,1,-0
4906,PURB,1,-0
1437,DAPK2,1,-0
5156,RNASE2,1,-0
2625,HMOX1,1,-0
6458,TTL,1,-0
5152,RLN2,1,-0
3931,NKX2-5,1,-0
4634,PPA1,1,-0
2310,GJB6,1,-0
5300,RRM2B,1,-0
4102,NYX,1,-0
5817,SPRY2,1,-0
6123,THBD,1,-0
96,ADCYAP1,1,-0
2081,FHIT,1,-0
3783,MYOG,1,-0
1261,CREB3L1,1,-0
1414,CYP2D6,1,-0
1058,CHCHD3,1,-0
5752,SNX5,1,-0
2926,IRF3,1,-0
5071,RECQL4,1,-0
1150,CLIC5,1,-0
6219,TNFRSF10D,1,-0
1334,CTBP2,1,-0
116,ADRA1D,1,-0
1275,CRLF2,1,-0
4198,PARG,1,-0
122,ADRB3,1,-0
2190,FZD8,1,-0
3763,MYL9,1,-0
2922,IRF1,1,-0
532,BID,1,-0
4322,PDGFB,1,-0
4580,PMCH,1,-0
3032,KCNE1,1,-0
778,CCL3,1,-0
1637,DSTN,1,-0
2637,HNRNPD,1,-0
5475,SERTAD1,1,-0
3927,NKIRAS2,1,-0
976,CDKN2C,1,-0
6776,ZC3H8,1,-0
5001,RAP1B,1,-0
5000,RAP1A,1,-0
5560,SIKE1,1,-0
5121,RHOB,1,-0
4611,POLR2E,1,-0
216,ANGPTL7,1,-0
3845,NDFIP2,1,-0
2804,IL10,1,-0
5209,RNF2,1,-0
6140,THY1,1,-0
3996,NPPA,1,-0
6233,TNFRSF4,1,-0
3208,LAT2,1,-0
1043,CFL2,1,-0
4660,PPP1CA,1,-0
5159,RND3,1,-0
5691,SMAD7,1,-0
5410,SDHAF2,1,-0
5172,RNF125,1,-0
762,CCL14,1,-0
2966,ITGB3BP,1,-0
1122,CLDN1,1,-0
2842,IL1RN,1,-0
231,ANP32A,1,-0
4060,NSMCE2,1,-0
5851,SSB,1,-0
2612,HLA-E,1,-0
772,CCL23,1,-0
818,CD14,1,-0
33,ACAT2,1,-0
1234,COPS6,1,-0
3864,NEIL2,1,-0
1624,DRG1,1,-0
5184,RNF144B,1,-0
4768,PROK1,1,-0
6209,TMX1,1,-0
6279,TP53I3,1,-0
2308,GJB1,1,-0
2626,HMOX2,1,-0
4863,PTP4A3,1,-0
2766,IFNA6,1,-0
2402,GPR135,1,-0
6656,VPS72,1,-0
4941,RAB3A,1,-0
599,BTG3,1,-0
5866,ST13,1,-0
1011,CENPA,1,-0
6111,TGFB1,1,-0
4015,NQO2,1,-0
507,BCL2L14,1,-0
4544,PLEKHF2,1,-0
3062,KCTD13,1,-0
4938,RAB34,1,-0
6218,TNFRSF10C,1,-0
2865,IL32,1,-0
3732,MVD,1,-0
1557,DLK2,1,-0
5178,RNF135,1,-0
4395,PGAM1,1,-0
6049,TCEA2,1,-0
1259,CREB1,1,-0
1959,FAM3D,1,-0
2976,ITM2B,1,-0
1442,DAZL,1,-0
946,CDK1,1,-0
5222,RNF26,1,-0
6009,TAGLN2,1,-0
5816,SPRY1,1,-0
2365,GNG4,1,-0
3382,LY86,1,-0
840,CD274,1,-0
1298,CRYGS,1,-0
731,CAV3,1,-0
3791,NAA10,1,-0
NA,ATF5,1,-0
6559,ULBP1,1,-0
2549,HDGF,1,-0
2032,FEN1,1,-0
5744,SNTB2,1,-0
2481,GSTA2,1,-0
4297,PDCD10,1,-0
783,CCL7,1,-0
1638,DTD1,1,-0
2256,GCLM,1,-0
6120,TGOLN2,1,-0
4413,PHF10,1,-0
5939,STYX,1,-0
2939,ISG20,1,-0
3961,NODAL,1,-0
4765,PRNP,1,-0
2604,HLA-DPA1,1,-0
5901,STK17A,1,-0
4038,NRBF2,1,-0
2601,HLA-DMB,1,-0
1319,CSNK1D,1,-0
3913,NHEJ1,1,-0
3035,KCNIP3,1,-0
5346,S1PR5,1,-0
3602,MGST1,1,-0
1339,CTDSPL,1,-0
1297,CRYGD,1,-0
2705,HSPB2,1,-0
4659,PPME1,1,-0
5501,SGTA,1,-0
5740,SNRNP70,1,-0
2506,GYPC,1,-0
6754,YIF1B,1,-0
5017,RARRES1,1,-0
2350,GNAI3,1,-0
5742,SNTA1,1,-0
3312,LOX,1,-0
910,CDC42EP4,1,-0
2243,GATA4,1,-0
1354,CTSB,1,-0
1355,CTSD,1,-0
4215,PAX9,1,-0
4736,PRKAR2A,1,-0
6185,TLX3,1,-0
4909,PVRIG,1,-0
2024,FCGRT,1,-0
6128,THEM4,1,-0
454,AVEN,1,-0
3346,LRPAP1,1,-0
1017,CENPQ,1,-0
6292,TPM1,1,-0
2415,GPR35,1,-0
273,APOBEC3G,1,-0
6045,TBXA2R,1,-0
3583,MEX3A,1,-0
589,BSG,1,-0
6230,TNFRSF1B,1,-0
983,CDT1,1,-0
6247,TNFSF9,1,-0
5503,SH2B2,1,-0
2787,IGFBP1,1,-0
NA,RAB38,1,-0
529,BHLHE41,1,-0
6286,TPBG,1,-0
6711,WNT6,1,-0
5753,SNX6,1,-0
3505,MATN1,1,-0
1970,FANCL,1,-0
4137,OSR1,1,-0
4057,NSF,1,-0
2677,HOXD9,1,-0
6646,VIPR1,1,-0
1310,CSH1,1,-0
2759,IFNA14,1,-0
4760,PRMT1,1,-0
1764,EIF2B1,1,-0
1747,EGLN1,1,-0
6753,YIF1A,1,-0
5278,RPS3,1,-0
5684,SLURP1,1,-0
361,ARMC10,1,-0
741,CBX1,1,-0
5722,SNAP23,1,-0
777,CCL28,1,-0
6215,TNFAIP8L2,1,-0
2026,FCN3,1,-0
2341,GMNN,1,-0
1142,CLEC2B,1,-0
4564,PLSCR3,1,-0
6801,ZG16B,1,-0
4491,PITPNB,1,-0
2264,GDF15,1,-0
4294,PDAP1,1,-0
2789,IGFBP4,1,-0
2820,IL17B,1,-0
4883,PTPRCAP,1,-0
1658,DUSP2,1,-0
6543,UCHL1,1,-0
2867,IL34,1,-0
3899,NFKBIB,1,-0
2670,HOXC9,1,-0
6674,WBP2,1,-0
1667,DUSP8,1,-0
4207,PAWR,1,-0
1518,DHFR,1,-0
5254,RPA2,1,-0
223,ANKRD2,1,-0
1444,DBI,1,-0
5057,RBP4,1,-0
4017,NR0B2,1,-0
257,APH1A,1,-0
6622,VAPA,1,-0
NA,UBE2U,1,-0
2061,FGF21,1,-0
4954,RAB9A,1,-0
1692,E2F4,1,-0
5047,RBM3,1,-0
1360,CTSK,1,-0
876,CD69,1,-0
1102,CIDEC,1,-0
4849,PTH,1,-0
698,CAPZA1,1,-0
886,CD83,1,-0
3762,MYL6B,1,-0
3484,MAPRE1,1,-0
5852,SSBP1,1,-0
2172,FUNDC1,1,-0
5206,RNF186,1,-0
1942,FA2H,1,-0
6507,UBE2D2,1,-0
4115,OMG,1,-0
5943,SUGT1,1,-0
5073,REEP2,1,-0
4582,PMP22,1,-0
6560,ULBP2,1,-0
875,CD68,1,-0
3734,MXD1,1,-0
NA,UBE2J2,1,-0
3903,NFU1,1,-0
2784,IGF2,1,-0
5252,RP9,1,-0
1180,CNTF,1,-0
6225,TNFRSF14,1,-0
1885,ERGIC1,1,-0
1322,CSNK1G2,1,-0
6008,TAGLN,1,-0
635,CA12,1,-0
2648,HOMER3,1,-0
1882,EREG,1,-0
6764,YWHAZ,1,-0
2862,IL3,1,-0
642,CABP2,1,-0
5050,RBM4,1,-0
947,CDK10,1,-0
2571,HEY1,1,-0
5811,SPON2,1,-0
390,ASGR1,1,-0
2977,ITM2C,1,-0
2617,HMGA2,1,-0
3409,MAFB,1,-0
4282,PCNA,1,-0
5784,SOX8,1,-0
2929,IRF7,1,-0
5126,RHOU,1,-0
5353,SAR1A,1,-0
4405,PGRMC1,1,-0
5110,RGS2,1,-0
4946,RAB5A,1,-0
3301,LMO3,1,-0
4408,PHB2,1,-0
1110,CITED2,1,-0
1359,CTSH,1,-0
4732,PRKAG1,1,-0
2489,GTF2B,1,-0
6358,TRIM40,1,-0
286,AQP2,1,-0
5575,SIRT4,1,-0
1574,DNAJB2,1,-0
5584,SKA1,1,-0
3847,NDP,1,-0
5546,SIGIRR,1,-0
2093,FKBP4,1,-0
1649,DUSP1,1,-0
4197,PARD6A,1,-0
5169,RNF121,1,-0
6082,TERF2IP,1,-0
4507,PKMYT1,1,-0
6730,XAF1,1,-0
2138,FOXH1,1,-0
2763,IFNA21,1,-0
4394,PFN2,1,-0
917,CDCA3,1,-0
4276,PCGF6,1,-0
1337,CTDSP1,1,-0
4295,PDC,1,-0
1618,DRAP1,1,-0
2224,GALM,1,-0
5868,ST6GAL1,1,-0
5762,SOD2,1,-0
6243,TNFSF15,1,-0
1991,FBXO2,1,-0
3467,MAPK11,1,-0
2064,FGF3,1,-0
6761,YWHAG,1,-0
2738,ICAM4,1,-0
6472,TUBB2A,1,-0
4835,PTCRA,1,-0
6573,UNKL,1,-0
4856,PTK6,1,-0
5792,SPAG11B,1,-0
816,CCRL2,1,-0
6381,TRIM65,1,-0
6288,TPD52L2,1,-0
NA,ETFB,1,-0
5917,STOML2,1,-0
3318,LPAR5,1,-0
5013,RAPSN,1,-0
5063,RCAN1,1,-0
498,BCKDHA,1,-0
1899,ESRRA,1,-0
2534,HCRTR1,1,-0
6241,TNFSF13B,1,-0
6495,TYSND1,1,-0
4779,PRPH,1,-0
251,APBA3,1,-0
2187,FZD5,1,-0
375,ARX,1,-0
2912,IP6K2,1,-0
4035,NR5A1,1,-0
408,ATF7,1,-0
1767,EIF2B4,1,-0
504,BCL2L1,1,-0
2247,GBX2,1,-0
2361,GNB5,1,-0
4105,OCLN,1,-0
2672,HOXD11,1,-0
3586,MEX3D,1,-0
NA,UBE2H,1,-0
1694,E2F6,1,-0
2501,GUCA2B,1,-0
1075,CHMP4B,1,-0
6755,YKT6,1,-0
1654,DUSP14,1,-0
5593,SLA2,1,-0
1255,CRABP1,1,-0
2438,GREM1,1,-0
671,CALM2,1,-0
5109,RGS19,1,-0
5377,SCGB2A1,1,-0
4225,PCBP4,1,-0
486,BATF,1,-0
2772,IFNE,1,-0
2309,GJB2,1,-0
6436,TSPAN13,1,-0
6759,YWHAB,1,-0
2169,FTL,1,-0
6211,TNF,1,-0
4927,RAB11A,1,-0
1366,CUEDC2,1,-0
NA,PIK3IP1,1,-0
2322,GLIS2,1,-0
565,BNIP1,1,-0
6110,TGFA,1,-0
2669,HOXC8,1,-0
5836,SRGN,1,-0
511,BCL7C,1,-0
2577,HHEX,1,-0
968,CDK9,1,-0
1792,EIF4H,1,-0
4825,PSME3,1,-0
2058,FGF19,1,-0
2667,HOXB9,1,-0
4272,PCGF1,1,-0
4900,PTTG1,1,-0
763,CCL15,1,-0
6449,TSSK4,1,-0
1034,CETN3,1,-0
288,AQP5,1,-0
2834,IL1F10,1,-0
5504,SH2B3,1,-0
6157,TIRAP,1,-0
4082,NUDC,1,-0
2663,HOXB5,1,-0
1143,CLEC2D,1,-0
2761,IFNA17,1,-0
2603,HLA-DOB,1,-0
3760,MYL4,1,-0
6203,TMEM95,1,-0
509,BCL3,1,-0
300,ARF6,1,-0
4353,PDZK1,1,-0
3620,MKNK2,1,-0
3025,KCNAB2,1,-0
2124,FNTB,1,-0
5279,RPS5,1,-0
4990,RALY,1,-0
6431,TSLP,1,-0
299,ARF5,1,-0
768,CCL2,1,-0
5182,RNF141,1,-0
NA,UBE2L6,1,-0
6296,TPPP,1,-0
3923,NIPSNAP1,1,-0
6540,UBXN1,1,-0
6280,TP53INP1,1,-0
4065,NTF4,1,-0
4824,PSME2,1,-0
NA,RAB32,1,-0
2070,FGF9,1,-0
2260,GDE1,1,-0
3235,LEP,1,-0
NA,IGFBP7,1,-0
1508,DFFA,1,-0
6623,VAPB,1,-0
3372,LTB4R2,1,-0
675,CALU,1,-0
503,BCL2A1,1,-0
5347,SAA1,1,-0
4715,PRDX4,1,-0
5240,RNPS1,1,-0
592,BST1,1,-0
1137,CLEC11A,1,-0
3395,M6PR,1,-0
4351,PDZD11,1,-0
6769,ZBTB12,1,-0
NA,NECAP1,1,-0
5627,SLC25A5,1,-0
2305,GJA4,1,-0
4947,RAB5B,1,-0
4951,RAB6C,1,-0
6837,ZNHIT1,1,-0
6434,TSPAN10,1,-0
1602,DOK4,1,-0
4204,PARVA,1,-0
784,CCL8,1,-0
1499,DEK,1,-0
1237,CORO1B,1,-0
6510,UBE2E2,1,-0
4935,RAB23,1,-0
957,CDK20,1,-0
6443,TSPAN7,1,-0
NA,RAB22A,1,-0
3694,MSI1,1,-0
5188,RNF149,1,-0
487,BAX,1,-0
2386,GPC1,1,-0
3468,MAPK12,1,-0
837,CD247,1,-0
4340,PDLIM2,1,-0
4477,PIM3,1,-0
3371,LTB4R,1,-0
6106,TFPT,1,-0
3926,NKIRAS1,1,-0
6058,TCL1B,1,-0
2678,HP,1,-0
NA,RRAGA,1,-0
85,ADAP1,1,-0
979,CDO1,1,-0
5384,SCN1B,1,-0
3797,NACC1,1,-0
2269,GDF7,1,-0
5227,RNF39,1,-0
6006,TAF7,1,-0
5925,STUB1,1,-0
558,BMP8A,1,-0
5551,SIGLEC15,1,-0
559,BMP8B,1,-0
3530,MCL1,1,-0
4382,PEX7,1,-0
2300,GIPC1,1,-0
2083,FHL2,1,-0
4908,PVR,1,-0
4344,PDPK1,1,-0
1382,CXCL12,1,-0
2133,FOXD3,1,-0
371,ARSA,1,-0
3596,MFRP,1,-0
1315,CSN1S1,1,-0
6649,VPS11,1,-0
1003,CEBPE,1,-0
120,ADRB1,1,-0
5810,SPON1,1,-0
703,CARD18,1,-0
4701,PPP3R1,1,-0
4141,OTUB2,1,-0
3907,NFYB,1,-0
1943,FABP3,1,-0
6497,UBA52,1,-0
1256,CRABP2,1,-0
3603,MIA,1,-0
5118,RHEBL1,1,-0
3632,MLN,1,-0
1726,EEF1E1,1,-0
3392,LYZ,1,-0
6197,TMEM219,1,-0
2131,FOXC1,1,-0
3138,KLF9,1,-0
6795,ZFY,1,-0
5255,RPA3,1,-0
4994,RAN,1,-0
1996,FBXO33,1,-0
4127,ORAI2,1,-0
2732,IAPP,1,-0
1057,CHCHD2,1,-0
3670,MPHOSPH6,1,-0
2895,ING5,1,-0
546,BMF,1,-0
389,ASF1B,1,-0
2220,GADD45B,1,-0
4934,RAB1A,1,-0
918,CDCA4,1,-0
1049,CGB7,1,-0
6544,UCHL3,1,-0
4612,POLR2F,1,-0
1830,ENSA,1,-0
6438,TSPAN15,1,-0
984,CDV3,1,-0
3736,MXD4,1,-0
6787,ZFP36,1,-0
6433,TSPAN1,1,-0
2364,GNG3,1,-0
596,BTF3,1,-0
450,AURKAIP1,1,-0
6493,TYROBP,1,-0
6039,TBP,1,-0
5724,SNAP29,1,-0
3838,NCR3,1,-0
6483,TWIST1,1,-0
820,CD160,1,-0
4948,RAB5C,1,-0
4902,PTTG2,1,-0
4641,PPBP,1,-0
2978,ITPKA,1,-0
4589,PNP,1,-0
5352,SAP30,1,-0
5579,SIT1,1,-0
4097,NUTF2,1,-0
5577,SIRT6,1,-0
3402,MAD2L2,1,-0
6214,TNFAIP8,1,-0
756,CCK,1,-0
5775,SOST,1,-0
1716,EDN2,1,-0
5728,SNCA,1,-0
1506,DERL1,1,-0
5276,RPS27A,1,-0
6634,VDAC1,1,-0
3997,NPPB,1,-0
1958,FAM3C,1,-0
2049,FGF1,1,-0
1472,DDIT3,1,-0
5580,SIVA1,1,-0
5228,RNF4,1,-0
2828,IL18BP,1,-0
4914,PYDC1,1,-0
3839,NCS1,1,-0
3563,MED28,1,-0
4979,RAET1L,1,-0
3598,MGLL,1,-0
4151,P2RX6,1,-0
5761,SOD1,1,-0
472,BAG1,1,-0
3955,NMU,1,-0
2001,FBXO45,1,-0
479,BAK1,1,-0
232,ANP32B,1,-0
1389,CXCL5,1,-0
2176,FXN,1,-0
6440,TSPAN3,1,-0
6509,UBE2E1,1,-0
6370,TRIM52,1,-0
5839,SRP19,1,-0
889,CD9,1,-0
5865,SSU72,1,-0
4923,QDPR,1,-0
921,CDCA8,1,-0
2606,HLA-DQA1,1,-0
6765,YY1,1,-0
2765,IFNA5,1,-0
3711,MTCH2,1,-0
418,ATG5,1,-0
387,ASCL1,1,-0
3932,NKX3-1,1,-0
2740,ICMT,1,-0
5233,RNF5,1,-0
3111,KIR2DS4,1,-0
2470,GRP,1,-0
2790,IGFBPL1,1,-0
4809,PSMB10,1,-0
6266,TOLLIP,1,-0
5059,RBPMS,1,-0
1424,CYTL1,1,-0
5205,RNF185,1,-0
5747,SNUPN,1,-0
1127,CLDN19,1,-0
5030,RASSF1,1,-0
850,CD320,1,-0
2758,IFNA13,1,-0
388,ASF1A,1,-0
5411,SDHB,1,-0
4769,PROK2,1,-0
5626,SLC25A4,1,-0
801,CCNO,1,-0
6447,TSSC4,1,-0
1797,ELANE,1,-0
6490,TYMS,1,-0
2618,HMGB1,1,-0
2869,IL4,1,-0
2312,GJC2,1,-0
NA,SEC22B,1,-0
6156,TIPRL,1,-0
43,ACOT4,1,-0
908,CDC42EP1,1,-0
5492,SFRP5,1,-0
6425,TSC22D3,1,-0
5776,SOSTDC1,1,-0
4068,NTN3,1,-0
5199,RNF170,1,-0
1946,FADD,1,-0
2602,HLA-DOA,1,-0
2252,GCH1,1,-0
1139,CLEC12B,1,-0
3387,LYPD3,1,-0
6708,WNT4,1,-0
1711,EDC3,1,-0
2412,GPR25,1,-0
2140,FOXI2,1,-0
4812,PSMB9,1,-0
6612,UTS2R,1,-0
2060,FGF20,1,-0
3739,MXRA8,1,-0
5330,RYK,1,-0
3160,KLRG2,1,-0
1289,CRYBA1,1,-0
5536,SHISA4,1,-0
5590,SKP1,1,-0
5597,SLBP,1,-0
6515,UBE2K,1,-0
4783,PRRG4,1,-0
1841,EPGN,1,-0
1379,CXCL1,1,-0
1473,DDIT4,1,-0
5190,RNF151,1,-0
NA,TOR2A,1,-0
1682,DYNLRB1,1,-0
706,CARHSP1,1,-0
5973,SYNJ2BP,1,-0
1724,EEF1B2,1,-0
6762,YWHAH,1,-0
4014,NQO1,1,-0
5074,REEP5,1,-0
4396,PGAM2,1,-0
2056,FGF17,1,-0
2233,GAPDH,1,-0
4560,PLN,1,-0
593,BST2,1,-0
5341,S100B,1,-0
4712,PRDX1,1,-0
5525,SHARPIN,1,-0
2471,GRPEL1,1,-0
4283,PCNP,1,-0
2299,GIP,1,-0
5495,SFTPC,1,-0
4898,PTRH2,1,-0
1647,DTYMK,1,-0
NA,PIH1D1,1,-0
4376,PEX19,1,-0
4400,PGF,1,-0
6147,TIFA,1,-0
1796,EIF6,1,-0
1107,CISH,1,-0
4722,PRH2,1,-0
629,C4B,1,-0
4975,RAD9A,1,-0
281,APOO,1,-0
5335,S100A11,1,-0
4681,PPP1R8,1,-0
2485,GSTP1,1,-0
3737,MXI1,1,-0
5212,RNF208,1,-0
NA,BET1,1,-0
1260,CREB3,1,-0
2743,ID1,1,-0
1819,EN2,1,-0
3844,NDFIP1,1,-0
1673,DYDC1,1,-0
2813,IL13,1,-0
1390,CXCL6,1,-0
6699,WNT1,1,-0
5273,RPS11,1,-0
6561,ULBP3,1,-0
1503,DENR,1,-0
2997,JAZF1,1,-0
3064,KDELR1,1,-0
2551,HEBP1,1,-0
5913,STMN1,1,-0
4135,OSM,1,-0
4199,PARK7,1,-0
4490,PITPNA,1,-0
6101,TFF2,1,-0
3600,MGP,1,-0
5859,SST,1,-0
1700,EBAG9,1,-0
1957,FAM20C,1,-0
1953,FAM162A,1,-0
2664,HOXB6,1,-0
1515,DGUOK,1,-0
271,APOBEC3A,1,-0
NA,UBE2W,1,-0
4675,PPP1R1A,1,-0
NA,IGFL3,1,-0
5488,SFN,1,-0
6190,TMED5,1,-0
466,B9D1,1,-0
5804,SPIB,1,-0
1228,COMMD1,1,-0
4588,PNOC,1,-0
1287,CRYAA,1,-0
962,CDK5R1,1,-0
2608,HLA-DQB1,1,-0
3388,LYPD6,1,-0
2111,FLT3LG,1,-0
5167,RNF114,1,-0
3609,MID1IP1,1,-0
2230,GAMT,1,-0
879,CD72,1,-0
744,CBX5,1,-0
5998,TAF10,1,-0
3007,JUNB,1,-0
NA,UBE2Z,1,-0
6452,TTC19,1,-0
405,ATF3,1,-0
2707,HSPB8,1,-0
1114,CKLF,1,-0
4273,PCGF2,1,-0
6673,WBP1,1,-0
123,ADRM1,1,-0
2567,HES1,1,-0
3178,KRTAP4-12,1,-0
2059,FGF2,1,-0
2343,GNA11,1,-0
566,BNIP2,1,-0
6556,UHRF1,1,-0
1663,DUSP4,1,-0
1147,CLEC4G,1,-0
2051,FGF11,1,-0
1294,CRYBB3,1,-0
5055,RBP1,1,-0
1519,DHH,1,-0
990,CEACAM16,1,-0
5996,TACSTD2,1,-0
3851,NDUFS4,1,-0
3659,MNX1,1,-0
6038,TBL1Y,1,-0
4625,POU3F1,1,-0
5948,SUMO3,1,-0
1756,EID1,1,-0
2852,IL23A,1,-0
5334,S100A10,1,-0
277,APOC4,1,-0
2331,GLRX,1,-0
1825,ENHO,1,-0
5195,RNF167,1,-0
2239,GAST,1,-0
3630,MLLT11,1,-0
3687,MRTO4,1,-0
4859,PTMS,1,-0
5730,SNCB,1,-0
276,APOC3,1,-0
909,CDC42EP2,1,-0
1466,DCTN6,1,-0
5162,RNF11,1,-0
4861,PTP4A1,1,-0
533,BIK,1,-0
6506,UBE2D1,1,-0
267,APOA2,1,-0
5336,S100A12,1,-0
5854,SSBP4,1,-0
6524,UBE2V2,1,-0
780,CCL4,1,-0
6301,TPT1,1,-0
3916,NHP2,1,-0
6234,TNFRSF6B,1,-0
3239,LGALS1,1,-0
4518,PLA2G2A,1,-0
2807,IL11,1,-0
2141,FOXJ1,1,-0
112,ADORA2B,1,-0
5093,RFNG,1,-0
5429,SECTM1,1,-0
5202,RNF181,1,-0
2878,IL9,1,-0
5337,S100A2,1,-0
4356,PEA15,1,-0
1133,CLDN7,1,-0
6549,UCN3,1,-0
1144,CLEC2L,1,-0
2908,INSM1,1,-0
6503,UBD,1,-0
4823,PSME1,1,-0
5946,SUMO1,1,-0
6638,VEGFB,1,-0
41,ACOT1,1,-0
774,CCL25,1,-0
6138,THRSP,1,-0
1338,CTDSP2,1,-0
6471,TUBB,1,-0
3850,NDUFB6,1,-0
5406,SDC4,1,-0
3252,LHB,1,-0
2296,GHRL,1,-0
4953,RAB8A,1,-0
4048,NRL,1,-0
2368,GNMT,1,-0
537,BIRC5,1,-0
1120,CLCF1,1,-0
2623,HMGN2,1,-0
2817,IL15RA,1,-0
1383,CXCL13,1,-0
2937,ISCU,1,-0
4932,RAB12,1,-0
6162,TK1,1,-0
337,ARHGDIA,1,-0
4805,PSMA5,1,-0
1656,DUSP18,1,-0
NA,AK3,1,-0
5782,SOX4,1,-0
2321,GLIPR2,1,-0
5805,SPIN1,1,-0
4645,PPIF,1,-0
NA,NANOS3,1,-0
874,CD63,1,-0
3947,NMB,1,-0
4632,POU5F1,1,-0
6432,TSNAX,1,-0
1945,FABP5,1,-0
134,AGR2,1,-0
5204,RNF183,1,-0
1578,DNAJC30,1,-0
1527,DIABLO,1,-0
5078,RELL1,1,-0
4642,PPCDC,1,-0
5314,RTN4R,1,-0
6611,UTS2,1,-0
4349,PDXP,1,-0
3982,NOXO1,1,-0
2384,GP9,1,-0
4677,PPP1R2,1,-0
106,ADM,1,-0
6282,TP53RK,1,-0
NA,UBE2D4,1,-0
3403,MADCAM1,1,-0
3511,MBD3,1,-0
4044,NRG4,1,-0
961,CDK5,1,-0
5927,STX17,1,-0
3759,MYL3,1,-0
665,CALCB,1,-0
6513,UBE2I,1,-0
5290,RPSA,1,-0
1162,CLTB,1,-0
3041,KCNJ13,1,-0
6191,TMEM123,1,-0
2221,GADD45GIP1,1,-0
4298,PDCD1LG2,1,-0
5104,RGS10,1,-0
3124,KLF1,1,-0
1448,DBP,1,-0
759,CCL1,1,-0
1702,EBI3,1,-0
3063,KCTD15,1,-0
1741,EFNB3,1,-0
539,BIRC7,1,-0
5216,RNF215,1,-0
5396,SCO2,1,-0
4504,PKIA,1,-0
6299,TPSB2,1,-0
3329,LRFN4,1,-0
6152,TIMP2,1,-0
5295,RRAS,1,-0
409,ATG10,1,-0
5987,TAC1,1,-0
3398,MACROD1,1,-0
2611,HLA-DRB5,1,-0
3852,NDUFV2,1,-0
5850,SS18L1,1,-0
2777,IFNW1,1,-0
5588,SKI,1,-0
6183,TLX1,1,-0
1983,FBP1,1,-0
506,BCL2L12,1,-0
3640,MMP12,1,-0
3929,NKX2-1,1,-0
4683,PPP1R9B,1,-0
4962,RAC3,1,-0
2362,GNG12,1,-0
2610,HLA-DRB1,1,-0
NA,EIF1,1,-0
6522,UBE2T,1,-0
274,APOC1,1,-0
3283,LIN7B,1,-0
2283,GFRA4,1,-0
3746,MYCBP,1,-0
3735,MXD3,1,-0
3988,NPFF,1,-0
5340,S100A9,1,-0
5736,SNN,1,-0
771,CCL22,1,-0
5060,RBX1,1,-0
4933,RAB14,1,-0
260,APIP,1,-0
2756,IFITM3,1,-0
3299,LMO1,1,-0
6517,UBE2M,1,-0
769,CCL20,1,-0
1036,CFC1,1,-0
6239,TNFSF12,1,-0
NA,UBE2G1,1,-0
3963,NOL3,1,-0
2120,FNDC5,1,-0
5265,RPL13A,1,-0
2199,GABARAP,1,-0
2585,HINT1,1,-0
4,AANAT,1,-0
NA,SVIP,1,-0
3407,MAF1,1,-0
5170,RNF122,1,-0
NA,IGFL1,1,-0
2393,GPHB5,1,-0
1609,DPH5,1,-0
2338,GMFG,1,-0
5635,SLC2A4RG,1,-0
4949,RAB6A,1,-0
773,CCL24,1,-0
1736,EFNA3,1,-0
4600,POLD4,1,-0
1385,CXCL16,1,-0
2428,GPSM3,1,-0
3756,MYL12A,1,-0
695,CAPNS1,1,-0
5018,RARRES2,1,-0
NA,UBE2C,1,-0
5625,SLC25A1,1,-0
3518,MC1R,1,-0
770,CCL21,1,-0
4797,PSENEN,1,-0
3757,MYL12B,1,-0
5890,STATH,1,-0
567,BNIP3,1,-0
5915,STMN3,1,-0
2886,IMP3,1,-0
471,BAD,1,-0
NA,AGTRAP,1,-0
4217,PBK,1,-0
193,AMELY,1,-0
1272,CRK,1,-0
5756,SOCS1,1,-0
5173,RNF126,1,-0
2776,IFNK,1,-0
5151,RLN1,1,-0
131,AGER,1,-0
1113,CKB,1,-0
5837,SRI,1,-0
2876,IL7,1,-0
1384,CXCL14,1,-0
4713,PRDX2,1,-0
2491,GTF2F2,1,-0
1573,DNAJB12,1,-0
2396,GPIHBP1,1,-0
297,ARF1,1,-0
4347,PDX1,1,-0
3348,LRRC45,1,-0
5916,STOM,1,-0
568,BNIP3L,1,-0
NA,IGFL2,1,-0
4808,PSMB1,1,-0
4084,NUDT11,1,-0
376,ASAH2B,1,-0
1109,CITED1,1,-0
2003,FBXO6,1,-0
729,CAV1,1,-0
2474,GSC,1,-0
1783,EIF4E,1,-0
109,ADO,1,-0
296,AREG,1,-0
3488,MARCKS,1,-0
2134,FOXE3,1,-0
312,ARHGAP11B,1,-0
4178,PAIP2,1,-0
3240,LGALS3,1,-0
5989,TAC4,1,-0
1681,DYNLL2,1,-0
5333,S100A1,1,-0
776,CCL27,1,-0
3433,MAP1LC3B,1,-0
4149,OXT,1,-0
4372,PEX10,1,-0
455,AVP,1,-0
4663,PPP1R11,1,-0
4706,PPY,1,-0
2536,HCST,1,-0
6240,TNFSF13,1,-0
3551,MDK,1,-0
3698,MSMP,1,-0
3033,KCNE3,1,-0
6196,TMEM216,1,-0
2219,GADD45A,1,-0
3804,NANOS2,1,-0
3276,LIME1,1,-0
2755,IFITM1,1,-0
1169,CNBP,1,-0
1403,CYCS,1,-0
5947,SUMO2,1,-0
2016,FCER1G,1,-0
1493,DEFA5,1,-0
2891,INCA1,1,-0
775,CCL26,1,-0
5379,SCGB3A2,1,-0
5153,RLN3,1,-0
4913,PYCARD,1,-0
1434,DAP,1,-0
1381,CXCL11,1,-0
1240,CORT,1,-0
6300,TPSG1,1,-0
4452,PIGF,1,-0
6198,TMEM222,1,-0
6276,TP53AIP1,1,-0
1785,EIF4EBP1,1,-0
766,CCL18,1,-0
975,CDKN2B,1,-0
2745,ID3,1,-0
1380,CXCL10,1,-0
4714,PRDX3,1,-0
1290,CRYBA2,1,-0
2325,GLO1,1,-0
819,CD151,1,-0
1698,EAF1,1,-0
2200,GABARAPL1,1,-0
6512,UBE2G2,1,-0
4843,PTGES3,1,-0
676,CALY,1,-0
298,ARF3,1,-0
5220,RNF24,1,-0
4901,PTTG1IP,1,-0
2062,FGF22,1,-0
1004,CEBPG,1,-0
2526,HBEGF,1,-0
1446,DBNDD1,1,-0
1734,EFNA1,1,-0
1241,COTL1,1,-0
208,ANG,1,-0
6304,TRADD,1,-0
1735,EFNA2,1,-0
2569,HES6,1,-0
4672,PPP1R14D,1,-0
3606,MICA,1,-0
2223,GAL,1,-0
5667,SLC9A3R2,1,-0
1485,DDX3Y,1,-0
1106,CISD2,1,-0
5351,SAP18,1,-0
1161,CLTA,1,-0
745,CBY1,1,-0
5731,SNCG,1,-0
5681,SLPI,1,-0
6227,TNFRSF18,1,-0
3660,MOBP,1,-0
5124,RHOQ,1,-0
3989,NPFFR1,1,-0
2697,HSPA1A,1,-0
3130,KLF16,1,-0
6839,ZNRF2,1,-0
4358,PEBP1,1,-0
1400,CYBA,1,-0
760,CCL11,1,-0
5801,SPHK1,1,-0
1288,CRYAB,1,-0
6763,YWHAQ,1,-0
1662,DUSP3,1,-0
6226,TNFRSF17,1,-0
1131,CLDN5,1,-0
1652,DUSP12,1,-0
3061,KCTD12,1,-0
985,CDX1,1,-0
2660,HOXB2,1,-0
6624,VASN,1,-0
4026,NR2E3,1,-0
2021,FCGR2C,1,-0
4436,PHPT1,1,-0
1733,EFHD2,1,-0
4669,PPP1R14A,1,-0
4222,PCBD1,1,-0
6505,UBE2B,1,-0
3950,NME2,1,-0
4757,PRLH,1,-0
1758,EIF1B,1,-0
1116,CKS1B,1,-0
2178,FXYD1,1,-0
978,CDKN3,1,-0
807,CCR10,1,-0
481,BANF1,1,-0
373,ARTN,1,-0
5849,SRY,1,-0
5338,S100A4,1,-0
1117,CKS2,1,-0
NA,VAMP8,1,-0
616,C1D,1,-0
5235,RNF7,1,-0
1397,CXCR6,1,-0
5264,RPL12,1,-0
1242,COX5B,1,-0
1129,CLDN3,1,-0
148,AHSP,1,-0
764,CCL16,1,-0
1387,CXCL2,1,-0
6521,UBE2S,1,-0
2430,GPX2,1,-0
2493,GTF2H2,1,-0
765,CCL17,1,-0
2294,GHRH,1,-0
6616,VAMP1,1,-0
687,CAMP,1,-0
3527,MCFD2,1,-0
2938,ISG15,1,-0
NA,NRARP,1,-0
4992,RAMP2,1,-0
5275,RPS19BP1,1,-0
6516,UBE2L3,1,-0
4851,PTH2,1,-0
3427,MANF,1,-0
5274,RPS19,1,-0
366,ARPC5,1,-0
958,CDK2AP1,1,-0
6011,TAL2,1,-0
2871,IL5,1,-0
5272,RPS10,1,-0
2906,INSL3,1,-0
3281,LIN52,1,-0
6618,VAMP3,1,-0
6745,XRCC3,1,-0
136,AGRP,1,-0
3547,MDFI,1,-0
2827,IL18,1,-0
4505,PKIB,1,-0
6184,TLX2,1,-0
NA,CRB3,1,-0
4899,PTS,1,-0
4937,RAB33B,1,-0
4085,NUDT3,1,-0
5814,SPR,1,-0
6224,TNFRSF13C,1,-0
4926,RAB10,1,-0
4301,PDCD5,1,-0
6034,TBCB,1,-0
473,BAG2,1,-0
730,CAV2,1,-0
977,CDKN2D,1,-0
2065,FGF4,1,-0
5129,RILPL2,1,-0
3401,MAD2L1BP,1,-0
739,CBR3,1,-0
3008,JUND,1,-0
4176,PAGE4,1,-0
4792,PRTN3,1,-0
42,ACOT13,1,-0
1906,ETV2,1,-0
5763,SOD3,1,-0
1269,CRIP2,1,-0
2802,IKBKG,1,-0
1622,DRD4,1,-0
4479,PIN4,1,-0
5999,TAF12,1,-0
490,BBC3,1,-0
1460,DCP1A,1,-0
2632,HNRNPA0,1,-0
4839,PTGER1,1,-0
4434,PHOX2A,1,-0
4133,OSCAR,1,-0
1037,CFC1B,1,-0
2366,GNGT1,1,-0
4921,PYY,1,-0
1115,CKMT1A,1,-0
5690,SMAD6,1,-0
3949,NME1,1,-0
3385,LYL1,1,-0
5806,SPINK1,1,-0
2201,GABARAPL2,1,-0
5269,RPLP2,1,-0
4613,POLR2L,1,-0
2751,IER3,1,-0
2488,GTF2A2,1,-0
3962,NOG,1,-0
2370,GNRH2,1,-0
867,CD52,1,-0
5940,SUB1,1,-0
6486,TXN,1,-0
2622,HMGN1,1,-0
5376,SCGB1A1,1,-0
5366,SCAND1,1,-0
107,ADM2,1,-0
1386,CXCL17,1,-0
2369,GNRH1,1,-0
367,ARPP19,1,-0
2903,INS,1,-0
1341,CTF1,1,-0
3712,MTCP1,1,-0
5132,RIMBP3B,1,-0
1308,CSF3,1,-0
1305,CSF2,1,-0
2616,HMGA1,1,-0
1680,DYNLL1,1,-0
4478,PIN1,1,-0
1388,CXCL3,1,-0
1985,FBXL15,1,-0
3432,MAP1LC3A,1,-0
1494,DEFB1,1,-0
4138,OSTF1,1,-0
5378,SCGB3A1,1,-0
2688,HSBP1,1,-0
2744,ID2,1,-0
4384,PF4V1,1,-0
5329,RYBP,1,-0
6445,TSPY1,1,-0
2500,GUCA2A,1,-0
2179,FXYD6,1,-0
3410,MAFF,1,-0
1579,DNAJC5,1,-0
2166,FSTL3,1,-0
6100,TFF1,1,-0
5988,TAC3,1,-0
3761,MYL5,1,-0
6388,TRIM73,1,-0
5758,SOCS3,1,-0
4498,PITX3,1,-0
2605,HLA-DPB1,1,-0
3914,NHLH2,1,-0
619,C1QBP,1,-0
4671,PPP1R14C,1,-0
903,CDC34,1,-0
1266,CRH,1,-0
1001,CEBPB,1,-0
6542,UBXN8,1,-0
6050,TCEAL1,1,-0
3408,MAFA,1,-0
2229,GALR3,1,-0
2698,HSPA1B,1,-0
767,CCL19,1,-0
6025,TAX1BP3,1,-0
1349,CTNNBIP1,1,-0
1787,EIF4EBP3,1,-0
4670,PPP1R14B,1,-0
3706,MT2A,1,-0
5680,SLN,1,-0
1713,EDF1,1,-0
436,ATP6V0C,1,-0
4516,PLA2G10,1,-0
6222,TNFRSF12A,1,-0
335,ARHGAP8,1,-0
4045,NRGN,1,-0
6838,ZNRF1,1,-0
672,CALM3,1,-0
2580,HIC1,1,-0
6047,TCAP,1,-0
203,ANAPC11,1,-0
2704,HSPB1,1,-0
4083,NUDCD2,1,-0
3411,MAFG,1,-0
4517,PLA2G1B,1,-0
2487,GTF2A1L,1,-0
1774,EIF3C,1,-0
2375,GOLGA7,1,-0
5727,SNAPIN,1,-0
782,CCL5,1,-0
2092,FKBP1A,1,-0
3803,NANOS1,1,-0
3412,MAFK,1,-0
884,CD81,1,-0
1786,EIF4EBP2,1,-0
2821,IL17C,1,-0
3707,MT3,1,-0
2235,GAS1,1,-0
1496,DEFB104A,1,-0
5194,RNF166,1,-0
1498,DEFB4A,1,-0
3116,KISS1,1,-0
4658,PPM1M,1,-0
3998,NPPC,1,-0
3966,NOP10,1,-0
3117,KISS1R,1,-0
2055,FGF16,1,-0
1038,CFD,1,-0
1048,CGB5,1,-0
6389,TRIM74,1,-0
5435,SEMA3B,1,-0
5364,SCAMP1,1,-0
5133,RIMBP3C,1,-0
1497,DEFB106A,1,-0
6523,UBE2V1,1,-0
3171,KREMEN2,1,-0
5918,STON1,1,-0
262,APLN,1,-0
275,APOC2,1,-0
393,ASIP,1,-0
779,CCL3L3,1,-0
781,CCL4L1,1,-0
972,CDKN1C,1,-0
1300,CSAG2,1,-0
1495,DEFB103B,1,-0
1669,DUT,1,-0
2155,FRAT1,1,-0
2429,GPX1,1,-0
2706,HSPB6,1,-0
3128,KLF13,1,-0
3377,LTC4S,1,-0
3985,NPB,1,-0
4155,P2RY11,1,-0
4786,PRSS2,1,-0
6329,TRIAP1,1,-0
6362,TRIM43B,1,-0
6548,UCN2,1,-0
6617,VAMP2,1,-0
