index1,gene1,index2,gene2
1,A1BG,1271,CRISP3
2,A2M,1356,CTSE
2,A2M,3335,LRP1
2,A2M,3646,MMP2
2,A2M,3654,MMP9
3,AAK1,241,AP1M1
3,AAK1,244,AP2M1
3,AAK1,946,CDK1
3,AAK1,956,CDK2
3,AAK1,2477,GSK3B
3,AAK1,3465,MAPK1
3,AAK1,3476,MAPK8
3,AAK1,4087,NUMB
3,AAK1,4739,PRKCB
3,AAK1,5908,STK38
4,AANAT,3717,MTNR1A
4,AANAT,3718,MTNR1B
4,AANAT,4729,PRKACA
4,AANAT,4738,PRKCA
4,AANAT,5283,RPS6KA3
5,AATF,421,ATM
5,AATF,1066,CHEK2
5,AATF,3481,MAPKAPK2
6,AATK,962,CDK5R1
6,AATK,2181,FYN
6,AATK,5910,STK39
7,ABCA1,266,APOA1
7,ABCA1,279,APOE
7,ABCA1,1324,CSNK2A1
7,ABCA1,1746,EGFR
7,ABCA1,1946,FADD
7,ABCA1,3284,LIN7C
7,ABCA1,3569,MEGF10
7,ABCA1,4566,PLTP
7,ABCA1,4729,PRKACA
7,ABCA1,4739,PRKCB
7,ABCA1,4752,PRKG1
7,ABCA1,5135,RIMS2
7,ABCA1,5283,RPS6KA3
7,ABCA1,5522,SHANK1
7,ABCA1,5744,SNTB2
8,ABCA7,266,APOA1
9,ABCB1,2146,FOXO1
9,ABCB1,2147,FOXO3
9,ABCB1,4729,PRKACA
9,ABCB1,4738,PRKCA
9,ABCB1,5283,RPS6KA3
9,ABCB1,6275,TP53
10,ABCB9,946,CDK1
10,ABCB9,2477,GSK3B
10,ABCB9,3476,MAPK8
11,ABCC1,1324,CSNK2A1
11,ABCC1,3890,NFE2L2
12,ABCC2,3890,NFE2L2
12,ABCC2,5014,RARA
13,ABCC3,3890,NFE2L2
13,ABCC3,5786,SP1
14,ABCC8,4729,PRKACA
15,ABCF1,1320,CSNK1E
15,ABCF1,1324,CSNK2A1
15,ABCF1,4730,PRKACB
16,ABCG2,4475,PIM1
17,ABI1,19,ABL1
17,ABI1,680,CAMK2A
17,ABI1,735,CBL
17,ABI1,946,CDK1
17,ABI1,1641,DTNBP1
17,ABI1,3465,MAPK1
17,ABI1,3472,MAPK3
18,ABI2,3917,NHS
19,ABL1,20,ABL2
19,ABL1,31,ACAP2
19,ABL1,50,ACTB
19,ABL1,146,AHSA1
19,ABL1,235,ANXA1
19,ABL1,252,APBB1
19,ABL1,282,APP
19,ABL1,330,ARHGAP35
19,ABL1,338,ARHGDIB
19,ABL1,421,ATM
19,ABL1,440,ATR
19,ABL1,495,BCAR1
19,ABL1,516,BCR
19,ABL1,575,BRCA1
19,ABL1,600,BTK
19,ABL1,722,CASP9
19,ABL1,727,CAT
19,ABL1,729,CAV1
19,ABL1,735,CBL
19,ABL1,824,CD19
19,ABL1,915,CDC73
19,ABL1,946,CDK1
19,ABL1,961,CDK5
19,ABL1,971,CDKN1B
19,ABL1,980,CDON
19,ABL1,984,CDV3
19,ABL1,1001,CEBPB
19,ABL1,1057,CHCHD2
19,ABL1,1091,CHRNB1
19,ABL1,1115,CKMT1A
19,ABL1,1153,CLK1
19,ABL1,1156,CLK4
19,ABL1,1272,CRK
19,ABL1,1273,CRKL
19,ABL1,1348,CTNNB1
19,ABL1,1350,CTNND1
19,ABL1,1362,CTTN
19,ABL1,1370,CUL4A
19,ABL1,1426,DAB1
19,ABL1,1450,DCBLD2
19,ABL1,1467,DCX
19,ABL1,1469,DDB2
19,ABL1,1489,DDX5
19,ABL1,1510,DGCR8
19,ABL1,1584,DNM2
19,ABL1,1599,DOK1
19,ABL1,1746,EGFR
19,ABL1,1815,EMB
19,ABL1,1816,EMD
19,ABL1,1820,ENAH
19,ABL1,1826,ENO1
19,ABL1,1832,EP300
19,ABL1,1852,EPHB2
19,ABL1,1876,ERCC3
19,ABL1,1879,ERCC6
19,ABL1,1891,ERRFI1
19,ABL1,1897,ESR1
19,ABL1,1898,ESR2
19,ABL1,2129,FOXA1
19,ABL1,2181,FYN
19,ABL1,2338,GMFG
19,ABL1,2429,GPX1
19,ABL1,2431,GRAP
19,ABL1,2433,GRB10
19,ABL1,2435,GRB2
19,ABL1,2477,GSK3B
19,ABL1,2529,HCK
19,ABL1,2530,HCLS1
19,ABL1,2540,HDAC2
19,ABL1,2588,HIPK2
19,ABL1,2697,HSPA1A
19,ABL1,2902,INPPL1
19,ABL1,2909,INSR
19,ABL1,2933,IRS1
19,ABL1,2991,JAK2
19,ABL1,3006,JUN
19,ABL1,3007,JUNB
19,ABL1,3014,KAT5
19,ABL1,3206,LASP1
19,ABL1,3210,LATS2
19,ABL1,3216,LCK
19,ABL1,3240,LGALS3
19,ABL1,3386,LYN
19,ABL1,3442,MAP2K6
19,ABL1,3444,MAP3K1
19,ABL1,3458,MAP4K1
19,ABL1,3476,MAPK8
19,ABL1,3487,MAPT
19,ABL1,3507,MAVS
19,ABL1,3552,MDM2
19,ABL1,3553,MDM4
19,ABL1,3580,MET
19,ABL1,3692,MSH5
19,ABL1,3719,MTOR
19,ABL1,3722,MUC1
19,ABL1,3765,MYLK
19,ABL1,3782,MYOD1
19,ABL1,3823,NCK1
19,ABL1,3831,NCOA3
19,ABL1,3858,NEDD9
19,ABL1,3883,NFAT5
19,ABL1,3898,NFKBIA
19,ABL1,3970,NOS3
19,ABL1,3980,NOX5
19,ABL1,4072,NTRK1
19,ABL1,4086,NUMA1
19,ABL1,4109,OGDH
19,ABL1,4179,PAK1
19,ABL1,4181,PAK2
19,ABL1,4326,PDGFRB
19,ABL1,4335,PDK1
19,ABL1,4458,PIK3AP1
19,ABL1,4501,PKD1
19,ABL1,4515,PKP4
19,ABL1,4535,PLCG1
19,ABL1,4556,PLK1
19,ABL1,4563,PLSCR1
19,ABL1,4565,PLSCR4
19,ABL1,4609,POLR2A
19,ABL1,4610,POLR2B
19,ABL1,4637,PPARG
19,ABL1,4649,PPM1B
19,ABL1,4738,PRKCA
19,ABL1,4740,PRKCD
19,ABL1,4748,PRKD1
19,ABL1,4749,PRKD2
19,ABL1,4751,PRKDC
19,ABL1,4807,PSMA7
19,ABL1,4828,PSTPIP1
19,ABL1,4864,PTPN1
19,ABL1,4865,PTPN11
19,ABL1,4866,PTPN12
19,ABL1,4869,PTPN18
19,ABL1,4877,PTPN6
19,ABL1,4887,PTPRG
19,ABL1,4912,PXN
19,ABL1,4913,PYCARD
19,ABL1,4970,RAD51
19,ABL1,4973,RAD52
19,ABL1,4975,RAD9A
19,ABL1,5006,RAPGEF1
19,ABL1,5012,RAPH1
19,ABL1,5034,RB1
19,ABL1,5049,RBM39
19,ABL1,5099,RFX1
19,ABL1,5137,RIN1
19,ABL1,5241,ROBO1
19,ABL1,5329,RYBP
19,ABL1,5528,SHC1
19,ABL1,5533,SHD
19,ABL1,5534,SHE
19,ABL1,5728,SNCA
19,ABL1,5748,SNW1
19,ABL1,5765,SORBS1
19,ABL1,5766,SORBS2
19,ABL1,5767,SORBS3
19,ABL1,5773,SOS1
19,ABL1,5825,SPTLC1
19,ABL1,5827,SRC
19,ABL1,5829,SRCIN1
19,ABL1,5883,STAT1
19,ABL1,5885,STAT3
19,ABL1,5887,STAT5A
19,ABL1,5888,STAT5B
19,ABL1,5889,STAT6
19,ABL1,5906,STK3
19,ABL1,5911,STK4
19,ABL1,5934,STXBP1
19,ABL1,5972,SYNJ2
19,ABL1,6043,TBX21
19,ABL1,6083,TERT
19,ABL1,6268,TOP1
19,ABL1,6277,TP53BP1
19,ABL1,6284,TP63
19,ABL1,6285,TP73
19,ABL1,6350,TRIM33
19,ABL1,6395,TRIP10
19,ABL1,6457,TTK
19,ABL1,6462,TUB
19,ABL1,6469,TUBA4A
19,ABL1,6471,TUBB
19,ABL1,6525,UBE3A
19,ABL1,6626,VAV1
19,ABL1,6627,VAV2
19,ABL1,6670,WASF2
19,ABL1,6671,WASF3
19,ABL1,6672,WASL
19,ABL1,6719,WRN
19,ABL1,6750,YAP1
19,ABL1,6757,YTHDC1
19,ABL1,6765,YY1
19,ABL1,6766,ZAP70
19,ABL1,6780,ZDHHC16
20,ABL2,330,ARHGAP35
20,ABL2,727,CAT
20,ABL2,1001,CEBPB
20,ABL2,1272,CRK
20,ABL2,1362,CTTN
20,ABL2,1445,DBN1
20,ABL2,1534,DIP2A
20,ABL2,1852,EPHB2
20,ABL2,2429,GPX1
20,ABL2,2529,HCK
20,ABL2,2682,HRAS
20,ABL2,2909,INSR
20,ABL2,2962,ITGB1
20,ABL2,3216,LCK
20,ABL2,3240,LGALS3
20,ABL2,3487,MAPT
20,ABL2,3752,MYH10
20,ABL2,3899,NFKBIB
20,ABL2,4326,PDGFRB
20,ABL2,4610,POLR2B
20,ABL2,4807,PSMA7
20,ABL2,5012,RAPH1
20,ABL2,5137,RIN1
20,ABL2,5580,SIVA1
20,ABL2,5766,SORBS2
20,ABL2,5827,SRC
20,ABL2,6672,WASL
20,ABL2,6728,WWTR1
21,ABLIM1,421,ATM
21,ABLIM1,946,CDK1
21,ABLIM1,956,CDK2
21,ABLIM1,2909,INSR
21,ABLIM1,2973,ITK
21,ABLIM1,3472,MAPK3
21,ABLIM1,3480,MAPK9
21,ABLIM1,4738,PRKCA
21,ABLIM1,4751,PRKDC
21,ABLIM1,5283,RPS6KA3
21,ABLIM1,5827,SRC
22,ABLIM2,956,CDK2
22,ABLIM2,2477,GSK3B
23,ABR,4960,RAC1
24,ACAA2,567,BNIP3
25,ACACA,575,BRCA1
25,ACACA,677,CAMK1
25,ACACA,678,CAMK1D
25,ACACA,679,CAMK1G
25,ACACA,1324,CSNK2A1
25,ACACA,1325,CSNK2A2
25,ACACA,3609,MID1IP1
25,ACACA,4702,PPP4C
25,ACACA,4726,PRKAA1
25,ACACA,4727,PRKAA2
25,ACACA,4729,PRKACA
25,ACACA,4738,PRKCA
25,ACACA,4751,PRKDC
25,ACACA,6331,TRIB3
26,ACACB,3609,MID1IP1
26,ACACB,4726,PRKAA1
26,ACACB,4727,PRKAA2
26,ACACB,6331,TRIB3
27,ACADM,2630,HNF4A
27,ACADM,4637,PPARG
28,ACADVL,4729,PRKACA
29,ACAN,83,ADAMTS4
29,ACAN,84,ADAMTS5
29,ACAN,3505,MATN1
29,ACAN,3642,MMP14
29,ACAN,3645,MMP19
29,ACAN,3647,MMP20
29,ACAN,3651,MMP3
30,ACAP1,169,AKT1
31,ACAP2,2529,HCK
31,ACAP2,3216,LCK
31,ACAP2,4751,PRKDC
32,ACAT1,2072,FGFR1
32,ACAT1,2110,FLT3
32,ACAT1,2748,IDH2
32,ACAT1,4327,PDHA1
32,ACAT1,4328,PDHA2
32,ACAT1,4342,PDP1
33,ACAT2,2629,HNF1B
34,ACD,3869,NEK6
34,ACD,5253,RPA1
34,ACD,5254,RPA2
34,ACD,5255,RPA3
34,ACD,6083,TERT
35,ACE,137,AGT
35,ACE,139,AGTR2
35,ACE,519,BDKRB2
35,ACE,1324,CSNK2A1
36,ACE2,137,AGT
36,ACE2,262,APLN
36,ACE2,1324,CSNK2A1
36,ACE2,2629,HNF1B
36,ACE2,6148,TIGIT
36,ACE2,6220,TNFRSF11A
36,ACE2,6221,TNFRSF11B
37,ACIN1,169,AKT1
37,ACIN1,715,CASP3
37,ACIN1,1755,EHMT2
37,ACIN1,5844,SRPK2
38,ACLY,169,AKT1
38,ACLY,946,CDK1
38,ACLY,956,CDK2
38,ACLY,2476,GSK3A
38,ACLY,2477,GSK3B
38,ACLY,2783,IGF1R
38,ACLY,3216,LCK
38,ACLY,3386,LYN
38,ACLY,3470,MAPK14
38,ACLY,4436,PHPT1
38,ACLY,4729,PRKACA
38,ACLY,5283,RPS6KA3
39,ACO1,4738,PRKCA
39,ACO1,5283,RPS6KA3
40,ACO2,2079,FGR
41,ACOT1,4635,PPARA
42,ACOT13,2630,HNF4A
43,ACOT4,169,AKT1
43,ACOT4,2697,HSPA1A
44,ACOX1,4635,PPARA
44,ACOX1,5576,SIRT5
44,ACOX1,6285,TP73
44,ACOX1,6495,TYSND1
45,ACP1,169,AKT1
45,ACP1,171,AKT2
45,ACP1,172,AKT3
45,ACP1,1348,CTNNB1
45,ACP1,1746,EGFR
45,ACP1,1844,EPHA2
45,ACP1,1851,EPHB1
45,ACP1,1944,FABP4
45,ACP1,2019,FCGR2A
45,ACP1,2181,FYN
45,ACP1,2909,INSR
45,ACP1,3076,KDR
45,ACP1,3207,LAT
45,ACP1,3216,LCK
45,ACP1,4326,PDGFRB
45,ACP1,4854,PTK2
45,ACP1,5647,SLC4A1
45,ACP1,5827,SRC
45,ACP1,5887,STAT5A
45,ACP1,6766,ZAP70
46,ACP5,371,ARSA
47,ACSS2,4726,PRKAA1
48,ACTA1,2331,GLRX
49,ACTA2,6275,TP53
50,ACTB,365,ARPC2
50,ACTB,843,CD2AP
50,ACTB,1042,CFL1
50,ACTB,1113,CKB
50,ACTB,1362,CTTN
50,ACTB,2091,FKBP15
50,ACTB,2276,GFAP
50,ACTB,2785,IGF2BP1
50,ACTB,3065,KDM1A
50,ACTB,3775,MYO5A
50,ACTB,3893,NFIC
50,ACTB,4067,NTN1
50,ACTB,4538,PLD1
50,ACTB,4738,PRKCA
50,ACTB,5120,RHOA
50,ACTB,5966,SYN1
50,ACTB,5967,SYN2
50,ACTB,5968,SYN3
50,ACTB,6009,TAGLN2
51,ACTC1,1042,CFL1
51,ACTC1,1043,CFL2
51,ACTC1,1746,EGFR
51,ACTC1,2783,IGF1R
52,ACTG1,2478,GSN
52,ACTG1,4877,PTPN6
53,ACTL6A,421,ATM
54,ACTN1,692,CAPN1
54,ACTN1,2300,GIPC1
54,ACTN1,2909,INSR
54,ACTN1,4538,PLD1
54,ACTN1,4739,PRKCB
54,ACTN1,4751,PRKDC
54,ACTN1,4854,PTK2
54,ACTN1,4864,PTPN1
54,ACTN1,4877,PTPN6
54,ACTN1,5522,SHANK1
54,ACTN1,5523,SHANK2
54,ACTN1,5524,SHANK3
55,ACTN3,4854,PTK2
55,ACTN3,5516,SH3KBP1
56,ACTN4,4854,PTK2
57,ACTR2,59,ACVR1B
57,ACTR2,121,ADRB2
57,ACTR2,550,BMP15
57,ACTR2,551,BMP2
57,ACTR2,557,BMP7
57,ACTR2,2261,GDF1
57,ACTR2,2263,GDF11
57,ACTR2,2897,INHBA
57,ACTR2,3228,LDLR
57,ACTR2,3340,LRP2
57,ACTR2,3449,MAP3K14
58,ACVR1,61,ACVR2A
58,ACVR1,62,ACVR2B
58,ACVR1,195,AMH
58,ACVR1,196,AMHR2
58,ACVR1,549,BMP10
58,ACVR1,551,BMP2
58,ACVR1,554,BMP4
58,ACVR1,556,BMP6
58,ACVR1,557,BMP7
58,ACVR1,559,BMP8B
58,ACVR1,562,BMPR2
58,ACVR1,2261,GDF1
58,ACVR1,2265,GDF2
58,ACVR1,2267,GDF5
58,ACVR1,2896,INHA
58,ACVR1,2897,INHBA
58,ACVR1,2898,INHBB
58,ACVR1,2899,INHBC
58,ACVR1,5685,SMAD1
58,ACVR1,5689,SMAD5
58,ACVR1,5690,SMAD6
58,ACVR1,5691,SMAD7
58,ACVR1,6113,TGFB2
58,ACVR1,6653,VPS39
59,ACVR1B,61,ACVR2A
59,ACVR1B,62,ACVR2B
59,ACVR1B,553,BMP3
59,ACVR1B,557,BMP7
59,ACVR1B,1036,CFC1
59,ACVR1B,2261,GDF1
59,ACVR1B,2262,GDF10
59,ACVR1B,2263,GDF11
59,ACVR1B,2791,IGSF1
59,ACVR1B,2897,INHBA
59,ACVR1B,2898,INHBB
59,ACVR1B,2899,INHBC
59,ACVR1B,3231,LEFTY1
59,ACVR1B,3232,LEFTY2
59,ACVR1B,3961,NODAL
59,ACVR1B,5686,SMAD2
59,ACVR1B,5687,SMAD3
59,ACVR1B,6066,TDGF1
59,ACVR1B,6069,TDP2
60,ACVR1C,62,ACVR2B
60,ACVR1C,2263,GDF11
60,ACVR1C,2897,INHBA
60,ACVR1C,2898,INHBB
60,ACVR1C,3961,NODAL
60,ACVR1C,5686,SMAD2
60,ACVR1C,5687,SMAD3
60,ACVR1C,6066,TDGF1
61,ACVR2A,63,ACVRL1
61,ACVR2A,549,BMP10
61,ACVR2A,550,BMP15
61,ACVR2A,551,BMP2
61,ACVR2A,553,BMP3
61,ACVR2A,554,BMP4
61,ACVR2A,556,BMP6
61,ACVR2A,557,BMP7
61,ACVR2A,558,BMP8A
61,ACVR2A,1036,CFC1
61,ACVR2A,2261,GDF1
61,ACVR2A,2263,GDF11
61,ACVR2A,2265,GDF2
61,ACVR2A,2267,GDF5
61,ACVR2A,2269,GDF7
61,ACVR2A,2270,GDF9
61,ACVR2A,2896,INHA
61,ACVR2A,2897,INHBA
61,ACVR2A,2898,INHBB
61,ACVR2A,2899,INHBC
61,ACVR2A,2900,INHBE
61,ACVR2A,3231,LEFTY1
61,ACVR2A,3232,LEFTY2
61,ACVR2A,3961,NODAL
61,ACVR2A,6066,TDGF1
62,ACVR2B,63,ACVRL1
62,ACVR2B,549,BMP10
62,ACVR2B,550,BMP15
62,ACVR2B,551,BMP2
62,ACVR2B,553,BMP3
62,ACVR2B,556,BMP6
62,ACVR2B,557,BMP7
62,ACVR2B,558,BMP8A
62,ACVR2B,560,BMPR1A
62,ACVR2B,561,BMPR1B
62,ACVR2B,862,CD44
62,ACVR2B,1556,DLK1
62,ACVR2B,2261,GDF1
62,ACVR2B,2262,GDF10
62,ACVR2B,2263,GDF11
62,ACVR2B,2265,GDF2
62,ACVR2B,2267,GDF5
62,ACVR2B,2896,INHA
62,ACVR2B,2897,INHBA
62,ACVR2B,2898,INHBB
62,ACVR2B,2899,INHBC
62,ACVR2B,2900,INHBE
62,ACVR2B,3231,LEFTY1
62,ACVR2B,3232,LEFTY2
62,ACVR2B,3703,MSTN
62,ACVR2B,3961,NODAL
62,ACVR2B,5686,SMAD2
62,ACVR2B,5687,SMAD3
62,ACVR2B,6066,TDGF1
63,ACVRL1,480,BAMBI
63,ACVRL1,549,BMP10
63,ACVRL1,940,CDH5
63,ACVRL1,1824,ENG
63,ACVRL1,2265,GDF2
63,ACVRL1,4660,PPP1CA
63,ACVRL1,5685,SMAD1
63,ACVRL1,5691,SMAD7
63,ACVRL1,6111,TGFB1
63,ACVRL1,6114,TGFB3
63,ACVRL1,6115,TGFBR1
64,ADA,110,ADORA1
64,ADA,1612,DPP4
64,ADA,3891,NFIA
65,ADAM10,282,APP
65,ADAM10,461,AXL
65,ADAM10,595,BTC
65,ADAM10,657,CADM1
65,ADAM10,862,CD44
65,ADAM10,923,CDH1
65,ADAM10,1123,CLDN11
65,ADAM10,1474,DDR1
65,ADAM10,1736,EFNA3
65,ADAM10,1745,EGF
65,ADAM10,1798,ELAVL1
65,ADAM10,1799,ELAVL2
65,ADAM10,1800,ELAVL3
65,ADAM10,1801,ELAVL4
65,ADAM10,1845,EPHA3
65,ADAM10,1870,ERBB2
65,ADAM10,2399,GPNMB
65,ADAM10,2874,IL6R
65,ADAM10,3580,MET
65,ADAM10,3972,NOTCH1
65,ADAM10,3973,NOTCH2
65,ADAM10,3974,NOTCH3
65,ADAM10,4039,NRCAM
65,ADAM10,6320,TREM2
65,ADAM10,6434,TSPAN10
65,ADAM10,6435,TSPAN12
65,ADAM10,6437,TSPAN14
65,ADAM10,6438,TSPAN15
65,ADAM10,6439,TSPAN17
65,ADAM10,6440,TSPAN3
65,ADAM10,6441,TSPAN33
65,ADAM10,6442,TSPAN5
66,ADAM11,2950,ITGA4
66,ADAM11,3244,LGI1
66,ADAM11,3245,LGI2
66,ADAM11,3247,LGI4
67,ADAM12,2909,INSR
67,ADAM12,2955,ITGA9
67,ADAM12,2962,ITGB1
67,ADAM12,2965,ITGB3
67,ADAM12,4463,PIK3CA
67,ADAM12,5406,SDC4
67,ADAM12,5827,SRC
68,ADAM15,877,CD7
68,ADAM15,2529,HCK
68,ADAM15,2783,IGF1R
68,ADAM15,2951,ITGA5
68,ADAM15,2955,ITGA9
68,ADAM15,2960,ITGAV
68,ADAM15,2962,ITGB1
68,ADAM15,2965,ITGB3
68,ADAM15,3216,LCK
68,ADAM15,5827,SRC
69,ADAM17,282,APP
69,ADAM17,296,AREG
69,ADAM17,461,AXL
69,ADAM17,956,CDK2
69,ADAM17,1746,EGFR
69,ADAM17,1872,ERBB4
69,ADAM17,1882,EREG
69,ADAM17,2477,GSK3B
69,ADAM17,2526,HBEGF
69,ADAM17,2874,IL6R
69,ADAM17,2951,ITGA5
69,ADAM17,2962,ITGB1
69,ADAM17,3216,LCK
69,ADAM17,3470,MAPK14
69,ADAM17,3472,MAPK3
69,ADAM17,3480,MAPK9
69,ADAM17,3580,MET
69,ADAM17,3722,MUC1
69,ADAM17,3972,NOTCH1
69,ADAM17,4738,PRKCA
69,ADAM17,4874,PTPN3
69,ADAM17,4886,PTPRF
69,ADAM17,5115,RHBDF2
69,ADAM17,5283,RPS6KA3
69,ADAM17,5786,SP1
69,ADAM17,6110,TGFA
69,ADAM17,6153,TIMP3
69,ADAM17,6211,TNF
70,ADAM19,2173,FURIN
71,ADAM2,889,CD9
71,ADAM2,2952,ITGA6
71,ADAM2,2955,ITGA9
71,ADAM2,2962,ITGB1
71,ADAM2,2970,ITGB7
72,ADAM20,2838,IL1RAPL1
72,ADAM20,2839,IL1RAPL2
73,ADAM21,1139,CLEC12B
73,ADAM21,1280,CRTAM
73,ADAM21,2112,FLT4
73,ADAM21,2794,IGSF21
74,ADAM22,3244,LGI1
74,ADAM22,3245,LGI2
74,ADAM22,3246,LGI3
74,ADAM22,3247,LGI4
75,ADAM23,2950,ITGA4
75,ADAM23,2951,ITGA5
75,ADAM23,2965,ITGB3
75,ADAM23,3244,LGI1
75,ADAM23,3245,LGI2
75,ADAM23,3246,LGI3
75,ADAM23,3247,LGI4
76,ADAM28,2950,ITGA4
77,ADAM29,2950,ITGA4
78,ADAM7,2950,ITGA4
78,ADAM7,2970,ITGB7
79,ADAM9,282,APP
79,ADAM9,2073,FGFR2
79,ADAM9,2949,ITGA3
79,ADAM9,2952,ITGA6
79,ADAM9,2960,ITGAV
79,ADAM9,2962,ITGB1
79,ADAM9,2968,ITGB5
79,ADAM9,3642,MMP14
80,ADAMTS1,2173,FURIN
80,ADAMTS1,2630,HNF4A
80,ADAMTS1,6630,VCAN
81,ADAMTS13,6666,VWF
82,ADAMTS3,748,CCBE1
85,ADAP1,4738,PRKCA
85,ADAP1,4741,PRKCE
86,ADARB1,172,AKT3
86,ADARB1,1761,EIF2AK2
86,ADARB1,4747,PRKCZ
87,ADCK5,5785,SOX9
88,ADCY1,670,CALM1
88,ADCY1,671,CALM2
88,ADCY1,672,CALM3
88,ADCY1,2348,GNAI1
88,ADCY1,2349,GNAI2
88,ADCY1,2350,GNAI3
88,ADCY1,2351,GNAL
88,ADCY1,2354,GNAS
88,ADCY1,2357,GNAZ
88,ADCY1,2359,GNB2
88,ADCY1,2361,GNB5
89,ADCY2,2350,GNAI3
89,ADCY2,2354,GNAS
89,ADCY2,2359,GNB2
89,ADCY2,4738,PRKCA
90,ADCY3,680,CAMK2A
90,ADCY3,681,CAMK2B
90,ADCY3,682,CAMK2D
90,ADCY3,683,CAMK2G
91,ADCY5,687,CAMP
91,ADCY5,2348,GNAI1
91,ADCY5,2349,GNAI2
91,ADCY5,2350,GNAI3
91,ADCY5,2351,GNAL
91,ADCY5,2354,GNAS
91,ADCY5,2357,GNAZ
91,ADCY5,2361,GNB5
91,ADCY5,4738,PRKCA
91,ADCY5,4740,PRKCD
91,ADCY5,4741,PRKCE
92,ADCY6,687,CAMP
92,ADCY6,946,CDK1
92,ADCY6,2348,GNAI1
92,ADCY6,2349,GNAI2
92,ADCY6,2350,GNAI3
92,ADCY6,2477,GSK3B
92,ADCY6,3465,MAPK1
92,ADCY6,3476,MAPK8
92,ADCY6,4980,RAF1
93,ADCY7,2349,GNAI2
93,ADCY7,2354,GNAS
93,ADCY7,4740,PRKCD
93,ADCY7,4741,PRKCE
94,ADCY8,671,CALM2
94,ADCY8,672,CALM3
94,ADCY8,2349,GNAI2
94,ADCY8,2354,GNAS
95,ADCY9,956,CDK2
95,ADCY9,2349,GNAI2
95,ADCY9,2354,GNAS
95,ADCY9,3480,MAPK9
96,ADCYAP1,97,ADCYAP1R1
96,ADCYAP1,121,ADRB2
96,ADCYAP1,122,ADRB3
96,ADCYAP1,1612,DPP4
96,ADCYAP1,2411,GPR20
96,ADCYAP1,2422,GPR84
96,ADCYAP1,4850,PTH1R
96,ADCYAP1,4992,RAMP2
96,ADCYAP1,4993,RAMP3
96,ADCYAP1,5399,SCTR
96,ADCYAP1,6428,TSHR
96,ADCYAP1,6646,VIPR1
96,ADCYAP1,6647,VIPR2
97,ADCYAP1R1,106,ADM
97,ADCYAP1R1,107,ADM2
97,ADCYAP1R1,455,AVP
97,ADCYAP1R1,664,CALCA
97,ADCYAP1R1,665,CALCB
97,ADCYAP1R1,670,CALM1
97,ADCYAP1R1,1047,CGA
97,ADCYAP1R1,1266,CRH
97,ADCYAP1R1,2162,FSHB
97,ADCYAP1R1,2251,GCG
97,ADCYAP1R1,2294,GHRH
97,ADCYAP1R1,2299,GIP
97,ADCYAP1R1,2732,IAPP
97,ADCYAP1R1,2906,INSL3
97,ADCYAP1R1,3252,LHB
97,ADCYAP1R1,4002,NPS
97,ADCYAP1R1,4615,POMC
97,ADCYAP1R1,4849,PTH
97,ADCYAP1R1,4851,PTH2
97,ADCYAP1R1,4853,PTHLH
97,ADCYAP1R1,5152,RLN2
97,ADCYAP1R1,5153,RLN3
97,ADCYAP1R1,6427,TSHB
97,ADCYAP1R1,6645,VIP
98,ADD1,670,CALM1
98,ADD1,671,CALM2
98,ADD1,672,CALM3
98,ADD1,907,CDC42BPB
98,ADD1,946,CDK1
98,ADD1,956,CDK2
98,ADD1,1325,CSNK2A2
98,ADD1,2477,GSK3B
98,ADD1,3466,MAPK10
98,ADD1,3480,MAPK9
98,ADD1,4729,PRKACA
98,ADD1,4738,PRKCA
98,ADD1,4739,PRKCB
98,ADD1,4740,PRKCD
98,ADD1,4747,PRKCZ
98,ADD1,5245,ROCK1
98,ADD1,5246,ROCK2
98,ADD1,5283,RPS6KA3
99,ADD2,956,CDK2
99,ADD2,2181,FYN
99,ADD2,2477,GSK3B
99,ADD2,3476,MAPK8
99,ADD2,3480,MAPK9
99,ADD2,4729,PRKACA
99,ADD2,4738,PRKCA
99,ADD2,4739,PRKCB
99,ADD2,4740,PRKCD
99,ADD2,4747,PRKCZ
99,ADD2,4897,PTPRZ1
99,ADD2,5281,RPS6KA1
100,ADD3,956,CDK2
100,ADD3,2477,GSK3B
100,ADD3,4729,PRKACA
100,ADD3,4738,PRKCA
100,ADD3,4739,PRKCB
100,ADD3,5283,RPS6KA3
101,ADH1A,4803,PSIP1
102,ADH4,4803,PSIP1
103,ADIPOQ,104,ADIPOR1
103,ADIPOQ,105,ADIPOR2
103,ADIPOQ,1179,CNR2
103,ADIPOQ,4637,PPARG
104,ADIPOR1,283,APPL1
105,ADIPOR2,283,APPL1
106,ADM,121,ADRB2
106,ADM,122,ADRB3
106,ADM,667,CALCR
106,ADM,668,CALCRL
106,ADM,1455,DCLK3
106,ADM,2408,GPR182
106,ADM,2411,GPR20
106,ADM,2422,GPR84
106,ADM,3685,MRGPRX2
106,ADM,4850,PTH1R
106,ADM,4991,RAMP1
106,ADM,4992,RAMP2
106,ADM,4993,RAMP3
106,ADM,6428,TSHR
106,ADM,6646,VIPR1
107,ADM2,121,ADRB2
107,ADM2,122,ADRB3
107,ADM2,667,CALCR
107,ADM2,668,CALCRL
107,ADM2,1455,DCLK3
107,ADM2,2411,GPR20
107,ADM2,2422,GPR84
107,ADM2,4850,PTH1R
107,ADM2,4991,RAMP1
107,ADM2,4992,RAMP2
107,ADM2,4993,RAMP3
107,ADM2,6428,TSHR
107,ADM2,6646,VIPR1
108,ADNP,1335,CTCF
108,ADNP,1348,CTNNB1
108,ADNP,3433,MAP1LC3B
109,ADO,110,ADORA1
109,ADO,111,ADORA2A
109,ADO,112,ADORA2B
109,ADO,113,ADORA3
110,ADORA1,1831,ENTPD1
110,ADORA1,2348,GNAI1
110,ADORA1,2349,GNAI2
110,ADORA1,2350,GNAI3
110,ADORA1,2352,GNAO1
110,ADORA1,2354,GNAS
110,ADORA1,2357,GNAZ
110,ADORA1,2359,GNB2
110,ADORA1,2461,GRM1
110,ADORA1,6428,TSHR
111,ADORA2A,1831,ENTPD1
111,ADORA2A,2346,GNA14
111,ADORA2A,2348,GNAI1
111,ADORA2A,2350,GNAI3
111,ADORA2A,2351,GNAL
111,ADORA2A,2352,GNAO1
111,ADORA2A,2353,GNAQ
111,ADORA2A,2354,GNAS
111,ADORA2A,2357,GNAZ
111,ADORA2A,2359,GNB2
111,ADORA2A,2416,GPR37
111,ADORA2A,3801,NAMPT
112,ADORA2B,1451,DCC
112,ADORA2B,1831,ENTPD1
112,ADORA2B,2346,GNA14
112,ADORA2B,2348,GNAI1
112,ADORA2B,2350,GNAI3
112,ADORA2B,2351,GNAL
112,ADORA2B,2352,GNAO1
112,ADORA2B,2353,GNAQ
112,ADORA2B,2354,GNAS
112,ADORA2B,2357,GNAZ
112,ADORA2B,4067,NTN1
113,ADORA3,2348,GNAI1
113,ADORA3,2350,GNAI3
114,ADRA1A,1395,CXCR4
114,ADRA1A,2343,GNA11
114,ADRA1A,2345,GNA13
114,ADRA1A,2346,GNA14
114,ADRA1A,2351,GNAL
114,ADRA1A,2353,GNAQ
114,ADRA1A,2354,GNAS
114,ADRA1A,2359,GNB2
115,ADRA1B,1395,CXCR4
115,ADRA1B,2346,GNA14
115,ADRA1B,2351,GNAL
115,ADRA1B,2353,GNAQ
115,ADRA1B,2354,GNAS
115,ADRA1B,4738,PRKCA
115,ADRA1B,5283,RPS6KA3
116,ADRA1D,2346,GNA14
116,ADRA1D,2351,GNAL
116,ADRA1D,2353,GNAQ
116,ADRA1D,2354,GNAS
117,ADRA2A,137,AGT
117,ADRA2A,235,ANXA1
117,ADRA2A,262,APLN
117,ADRA2A,282,APP
117,ADRA2A,626,C3
117,ADRA2A,631,C5
117,ADRA2A,764,CCL16
117,ADRA2A,767,CCL19
117,ADRA2A,769,CCL20
117,ADRA2A,770,CCL21
117,ADRA2A,774,CCL25
117,ADRA2A,776,CCL27
117,ADRA2A,777,CCL28
117,ADRA2A,782,CCL5
117,ADRA2A,1240,CORT
117,ADRA2A,1379,CXCL1
117,ADRA2A,1380,CXCL10
117,ADRA2A,1381,CXCL11
117,ADRA2A,1382,CXCL12
117,ADRA2A,1383,CXCL13
117,ADRA2A,1385,CXCL16
117,ADRA2A,1387,CXCL2
117,ADRA2A,1388,CXCL3
117,ADRA2A,1389,CXCL5
117,ADRA2A,1390,CXCL6
117,ADRA2A,1391,CXCL9
117,ADRA2A,2223,GAL
117,ADRA2A,2348,GNAI1
117,ADRA2A,2349,GNAI2
117,ADRA2A,2350,GNAI3
117,ADRA2A,2352,GNAO1
117,ADRA2A,2357,GNAZ
117,ADRA2A,2359,GNB2
117,ADRA2A,2477,GSK3B
117,ADRA2A,2551,HEBP1
117,ADRA2A,2907,INSL5
117,ADRA2A,3162,KNG1
117,ADRA2A,3953,NMS
117,ADRA2A,3955,NMU
117,ADRA2A,3985,NPB
117,ADRA2A,4009,NPW
117,ADRA2A,4010,NPY
117,ADRA2A,4350,PDYN
117,ADRA2A,4365,PENK
117,ADRA2A,4383,PF4
117,ADRA2A,4580,PMCH
117,ADRA2A,4588,PNOC
117,ADRA2A,4615,POMC
117,ADRA2A,4641,PPBP
117,ADRA2A,4706,PPY
117,ADRA2A,4738,PRKCA
117,ADRA2A,4740,PRKCD
117,ADRA2A,4921,PYY
117,ADRA2A,5153,RLN3
117,ADRA2A,5347,SAA1
117,ADRA2A,5859,SST
118,ADRA2B,2344,GNA12
118,ADRA2B,2348,GNAI1
118,ADRA2B,2349,GNAI2
118,ADRA2B,2350,GNAI3
118,ADRA2B,2352,GNAO1
118,ADRA2B,2357,GNAZ
119,ADRA2C,2348,GNAI1
119,ADRA2C,2350,GNAI3
119,ADRA2C,2352,GNAO1
119,ADRA2C,2357,GNAZ
120,ADRB1,370,ARRB2
120,ADRB1,2300,GIPC1
120,ADRB1,2346,GNA14
120,ADRB1,2351,GNAL
120,ADRB1,2354,GNAS
120,ADRB1,2378,GOPC
120,ADRB1,3421,MAGI2
120,ADRB1,4010,NPY
120,ADRB1,4729,PRKACA
120,ADRB1,5014,RARA
120,ADRB1,6645,VIP
121,ADRB2,169,AKT1
121,ADRB2,270,APOB
121,ADRB2,366,ARPC5
121,ADRB2,369,ARRB1
121,ADRB2,370,ARRB2
121,ADRB2,421,ATM
121,ADRB2,449,AURKA
121,ADRB2,455,AVP
121,ADRB2,664,CALCA
121,ADRB2,665,CALCB
121,ADRB2,758,CCKBR
121,ADRB2,813,CCR7
121,ADRB2,961,CDK5
121,ADRB2,1047,CGA
121,ADRB2,1266,CRH
121,ADRB2,1395,CXCR4
121,ADRB2,1745,EGF
121,ADRB2,1746,EGFR
121,ADRB2,1749,EGLN3
121,ADRB2,1761,EIF2AK2
121,ADRB2,1925,EZH2
121,ADRB2,2162,FSHB
121,ADRB2,2251,GCG
121,ADRB2,2294,GHRH
121,ADRB2,2299,GIP
121,ADRB2,2346,GNA14
121,ADRB2,2351,GNAL
121,ADRB2,2353,GNAQ
121,ADRB2,2354,GNAS
121,ADRB2,2359,GNB2
121,ADRB2,2416,GPR37
121,ADRB2,2458,GRK5
121,ADRB2,2477,GSK3B
121,ADRB2,2641,HNRNPK
121,ADRB2,2702,HSPA8
121,ADRB2,2732,IAPP
121,ADRB2,2783,IGF1R
121,ADRB2,2833,IL1B
121,ADRB2,2906,INSL3
121,ADRB2,2909,INSR
121,ADRB2,2991,JAK2
121,ADRB2,3076,KDR
121,ADRB2,3252,LHB
121,ADRB2,3476,MAPK8
121,ADRB2,3481,MAPKAPK2
121,ADRB2,3515,MBP
121,ADRB2,3598,MGLL
121,ADRB2,3662,MOG
121,ADRB2,3665,MOS
121,ADRB2,4002,NPS
121,ADRB2,4010,NPY
121,ADRB2,4137,OSR1
121,ADRB2,4179,PAK1
121,ADRB2,4335,PDK1
121,ADRB2,4615,POMC
121,ADRB2,4729,PRKACA
121,ADRB2,4730,PRKACB
121,ADRB2,4738,PRKCA
121,ADRB2,4740,PRKCD
121,ADRB2,4751,PRKDC
121,ADRB2,4752,PRKG1
121,ADRB2,4765,PRNP
121,ADRB2,4849,PTH
121,ADRB2,4851,PTH2
121,ADRB2,4853,PTHLH
121,ADRB2,5152,RLN2
121,ADRB2,5153,RLN3
121,ADRB2,5283,RPS6KA3
121,ADRB2,5666,SLC9A3R1
121,ADRB2,5667,SLC9A3R2
121,ADRB2,5898,STK10
121,ADRB2,6091,TF
121,ADRB2,6116,TGFBR2
121,ADRB2,6427,TSHB
121,ADRB2,6622,VAPA
121,ADRB2,6645,VIP
121,ADRB2,6709,WNT5A
121,ADRB2,6763,YWHAQ
122,ADRB3,455,AVP
122,ADRB3,664,CALCA
122,ADRB3,665,CALCB
122,ADRB3,1047,CGA
122,ADRB3,1266,CRH
122,ADRB3,2162,FSHB
122,ADRB3,2251,GCG
122,ADRB3,2294,GHRH
122,ADRB3,2299,GIP
122,ADRB3,2351,GNAL
122,ADRB3,2354,GNAS
122,ADRB3,2732,IAPP
122,ADRB3,2906,INSL3
122,ADRB3,3252,LHB
122,ADRB3,4002,NPS
122,ADRB3,4615,POMC
122,ADRB3,4849,PTH
122,ADRB3,4851,PTH2
122,ADRB3,4853,PTHLH
122,ADRB3,5152,RLN2
122,ADRB3,5153,RLN3
122,ADRB3,6427,TSHB
122,ADRB3,6645,VIP
123,ADRM1,6545,UCHL5
124,ADSL,1748,EGLN2
125,AEBP1,3465,MAPK1
126,AFAP1,4738,PRKCA
126,AFAP1,5827,SRC
127,AFAP1L2,4463,PIK3CA
127,AFAP1L2,5085,RET
128,AFF1,956,CDK2
128,AFF1,2477,GSK3B
129,AFP,2630,HNF4A
129,AFP,6786,ZFHX3
130,AGAP2,169,AKT1
130,AGAP2,961,CDK5
130,AGAP2,1319,CSNK1D
130,AGAP2,2181,FYN
130,AGAP2,3470,MAPK14
130,AGAP2,4738,PRKCA
131,AGER,282,APP
131,AGER,1140,CLEC14A
131,AGER,2515,HAPLN1
131,AGER,2618,HMGB1
131,AGER,3378,LTF
131,AGER,3738,MXRA5
131,AGER,4747,PRKCZ
131,AGER,5333,S100A1
131,AGER,5339,S100A8
131,AGER,5340,S100A9
131,AGER,5341,S100B
132,AGL,3915,NHLRC1
133,AGPS,3470,MAPK14
134,AGR2,3387,LYPD3
134,AGR2,3724,MUC2
135,AGRN,426,ATP1A3
135,AGRN,1093,CHRNB3
135,AGRN,1432,DAG1
135,AGRN,2962,ITGB1
135,AGRN,3335,LRP1
135,AGRN,3340,LRP2
135,AGRN,3342,LRP4
135,AGRN,3730,MUSK
136,AGRP,2146,FOXO1
136,AGRP,3518,MC1R
136,AGRP,3519,MC2R
136,AGRP,3520,MC3R
136,AGRP,3521,MC4R
136,AGRP,3522,MC5R
136,AGRP,5403,SDC1
136,AGRP,5405,SDC3
137,AGT,138,AGTR1
137,AGT,139,AGTR2
137,AGT,1358,CTSG
137,AGT,1797,ELANE
137,AGT,1828,ENPEP
137,AGT,2467,GRM7
137,AGT,2630,HNF4A
137,AGT,3340,LRP2
137,AGT,3495,MAS1
137,AGT,3717,MTNR1A
137,AGT,4792,PRTN3
137,AGT,5081,REN
138,AGTR1,427,ATP1B1
138,AGTR1,2345,GNA13
138,AGTR1,2346,GNA14
138,AGTR1,2347,GNA15
138,AGTR1,2348,GNAI1
138,AGTR1,2350,GNAI3
138,AGTR1,2353,GNAQ
138,AGTR1,2362,GNG12
138,AGTR1,2682,HRAS
138,AGTR1,3495,MAS1
138,AGTR1,5827,SRC
138,AGTR1,6763,YWHAQ
139,AGTR2,2349,GNAI2
139,AGTR2,2350,GNAI3
139,AGTR2,2353,GNAQ
139,AGTR2,6153,TIMP3
140,AHCYL1,4192,PAPOLA
140,AHCYL1,4193,PAPOLB
140,AHCYL1,4344,PDPK1
140,AHCYL1,4660,PPP1CA
140,AHCYL1,4661,PPP1CB
140,AHCYL1,4662,PPP1CC
140,AHCYL1,4748,PRKD1
140,AHCYL1,5651,SLC4A4
141,AHCYL2,4192,PAPOLA
141,AHCYL2,4193,PAPOLB
142,AHI1,2514,HAP1
143,AHNAK,956,CDK2
143,AHNAK,1320,CSNK1E
143,AHNAK,2477,GSK3B
143,AHNAK,3465,MAPK1
143,AHNAK,3476,MAPK8
143,AHNAK,4729,PRKACA
143,AHNAK,4730,PRKACB
143,AHNAK,4739,PRKCB
143,AHNAK,5283,RPS6KA3
143,AHNAK,5498,SGK1
144,AHNAK2,3465,MAPK1
145,AHR,4738,PRKCA
146,AHSA1,2252,GCH1
146,AHSA1,2694,HSP90AA1
146,AHSA1,2695,HSP90AB1
147,AHSG,1957,FAM20C
147,AHSG,2909,INSR
148,AHSP,2524,HBA1
149,AICDA,1259,CREB1
149,AICDA,2008,FBXW11
149,AICDA,4729,PRKACA
150,AIFM1,479,BAK1
150,AIFM1,487,BAX
150,AIFM1,532,BID
150,AIFM1,714,CASP2
150,AIFM1,2697,HSPA1A
151,AIFM2,6275,TP53
152,AIMP1,3476,MAPK8
152,AIMP1,5716,SMURF2
153,AIMP2,3470,MAPK14
154,AIP,1324,CSNK2A1
154,AIP,5827,SRC
155,AIRE,1440,DAXX
155,AIRE,4751,PRKDC
156,AJUBA,449,AURKA
156,AJUBA,946,CDK1
157,AKAP1,956,CDK2
157,AKAP1,2477,GSK3B
157,AKAP1,3476,MAPK8
158,AKAP11,2477,GSK3B
159,AKAP12,440,ATR
159,AKAP12,946,CDK1
159,AKAP12,1319,CSNK1D
159,AKAP12,1325,CSNK2A2
159,AKAP12,3465,MAPK1
159,AKAP12,4729,PRKACA
159,AKAP12,4738,PRKCA
160,AKAP13,4729,PRKACA
160,AKAP13,5120,RHOA
161,AKAP4,3465,MAPK1
162,AKAP5,670,CALM1
162,AKAP5,671,CALM2
162,AKAP5,672,CALM3
162,AKAP5,4700,PPP3CC
162,AKAP5,4729,PRKACA
162,AKAP5,6781,ZDHHC2
163,AKAP8,1325,CSNK2A2
163,AKAP8,2541,HDAC3
163,AKAP8,3386,LYN
163,AKAP8,4729,PRKACA
164,AKAP8L,1526,DHX9
164,AKAP8L,2477,GSK3B
165,AKAP9,2958,ITGAL
165,AKAP9,6395,TRIP10
166,AKR1B1,3883,NFAT5
167,AKR1C1,3890,NFE2L2
168,AKR1C4,2630,HNF4A
168,AKR1C4,2631,HNF4G
169,AKT1,170,AKT1S1
169,AKT1,223,ANKRD2
169,AKT1,291,AR
169,AKT1,307,ARFIP2
169,AKT1,317,ARHGAP19
169,AKT1,320,ARHGAP22
169,AKT1,416,ATG4B
169,AKT1,421,ATM
169,AKT1,444,ATXN1
169,AKT1,471,BAD
169,AKT1,487,BAX
169,AKT1,500,BCL10
169,AKT1,505,BCL2L11
169,AKT1,522,BECN1
169,AKT1,524,BEX1
169,AKT1,547,BMI1
169,AKT1,573,BRAF
169,AKT1,575,BRCA1
169,AKT1,600,BTK
169,AKT1,685,CAMKK1
169,AKT1,686,CAMKK2
169,AKT1,700,CARD11
169,AKT1,706,CARHSP1
169,AKT1,715,CASP3
169,AKT1,722,CASP9
169,AKT1,745,CBY1
169,AKT1,754,CCDC88A
169,AKT1,796,CCNF
169,AKT1,817,CCT2
169,AKT1,899,CDC25B
169,AKT1,920,CDCA7
169,AKT1,951,CDK13
169,AKT1,956,CDK2
169,AKT1,970,CDKN1A
169,AKT1,971,CDKN1B
169,AKT1,972,CDKN1C
169,AKT1,1006,CELF1
169,AKT1,1044,CFLAR
169,AKT1,1065,CHEK1
169,AKT1,1098,CHUK
169,AKT1,1154,CLK2
169,AKT1,1234,COPS6
169,AKT1,1259,CREB1
169,AKT1,1319,CSNK1D
169,AKT1,1324,CSNK2A1
169,AKT1,1348,CTNNB1
169,AKT1,1351,CTNND2
169,AKT1,1403,CYCS
169,AKT1,1428,DAB2IP
169,AKT1,1527,DIABLO
169,AKT1,1544,DLC1
169,AKT1,1552,DLGAP2
169,AKT1,1563,DLX5
169,AKT1,1579,DNAJC5
169,AKT1,1586,DNMT1
169,AKT1,1711,EDC3
169,AKT1,1728,EEF2K
169,AKT1,1762,EIF2AK3
169,AKT1,1782,EIF4B
169,AKT1,1785,EIF4EBP1
169,AKT1,1832,EP300
169,AKT1,1844,EPHA2
169,AKT1,1897,ESR1
169,AKT1,1923,EYA1
169,AKT1,1925,EZH2
169,AKT1,1947,FAF1
169,AKT1,1963,FANCA
169,AKT1,1974,FAS
169,AKT1,1994,FBXO31
169,AKT1,2101,FLNA
169,AKT1,2103,FLNC
169,AKT1,2130,FOXA2
169,AKT1,2137,FOXG1
169,AKT1,2146,FOXO1
169,AKT1,2147,FOXO3
169,AKT1,2148,FOXO4
169,AKT1,2198,GAB2
169,AKT1,2214,GABRB2
169,AKT1,2240,GATA1
169,AKT1,2241,GATA2
169,AKT1,2304,GJA1
169,AKT1,2433,GRB10
169,AKT1,2452,GRIN2C
169,AKT1,2476,GSK3A
169,AKT1,2477,GSK3B
169,AKT1,2496,GTF3C1
169,AKT1,2513,HAND1
169,AKT1,2568,HES5
169,AKT1,2594,HJURP
169,AKT1,2595,HK1
169,AKT1,2596,HK2
169,AKT1,2625,HMOX1
169,AKT1,2633,HNRNPA1
169,AKT1,2694,HSP90AA1
169,AKT1,2697,HSPA1A
169,AKT1,2704,HSPB1
169,AKT1,2705,HSPB2
169,AKT1,2706,HSPB6
169,AKT1,2725,HTRA2
169,AKT1,2726,HTT
169,AKT1,2743,ID1
169,AKT1,2800,IKBKB
169,AKT1,2801,IKBKE
169,AKT1,2882,ILF3
169,AKT1,2883,ILK
169,AKT1,2888,IMPDH2
169,AKT1,2911,INVS
169,AKT1,2917,IRAK1
169,AKT1,2933,IRS1
169,AKT1,2934,IRS2
169,AKT1,2943,ITCH
169,AKT1,2962,ITGB1
169,AKT1,2965,ITGB3
169,AKT1,2980,ITPR1
169,AKT1,2984,ITSN1
169,AKT1,3072,KDM5A
169,AKT1,3082,KHSRP
169,AKT1,3175,KRT19
169,AKT1,3202,LARP1
169,AKT1,3214,LBR
169,AKT1,3296,LMNA
169,AKT1,3303,LMO7
169,AKT1,3307,LONP1
169,AKT1,3356,LRRK2
169,AKT1,3372,LTB4R2
169,AKT1,3435,MAP1S
169,AKT1,3436,MAP2
169,AKT1,3440,MAP2K4
169,AKT1,3446,MAP3K11
169,AKT1,3451,MAP3K3
169,AKT1,3453,MAP3K5
169,AKT1,3456,MAP3K8
169,AKT1,3465,MAPK1
169,AKT1,3476,MAPK8
169,AKT1,3481,MAPKAPK2
169,AKT1,3501,MASTL
169,AKT1,3552,MDM2
169,AKT1,3553,MDM4
169,AKT1,3581,METTL1
169,AKT1,3616,MITF
169,AKT1,3701,MST1
169,AKT1,3702,MST1R
169,AKT1,3712,MTCP1
169,AKT1,3719,MTOR
169,AKT1,3728,MUL1
169,AKT1,3732,MVD
169,AKT1,3734,MXD1
169,AKT1,3787,MYT1
169,AKT1,3820,NCF1
169,AKT1,3822,NCF4
169,AKT1,3834,NCOR1
169,AKT1,3849,NDRG2
169,AKT1,3856,NEDD4L
169,AKT1,3881,NF2
169,AKT1,3885,NFATC2
169,AKT1,3890,NFE2L2
169,AKT1,3898,NFKBIA
169,AKT1,3970,NOS3
169,AKT1,4014,NQO1
169,AKT1,4030,NR3C1
169,AKT1,4032,NR4A1
169,AKT1,4040,NRF1
169,AKT1,4078,NUAK1
169,AKT1,4123,OPRM1
169,AKT1,4179,PAK1
169,AKT1,4186,PALLD
169,AKT1,4199,PARK7
169,AKT1,4217,PBK
169,AKT1,4223,PCBP1
169,AKT1,4300,PDCD4
169,AKT1,4311,PDE3B
169,AKT1,4335,PDK1
169,AKT1,4336,PDK2
169,AKT1,4344,PDPK1
169,AKT1,4356,PEA15
169,AKT1,4387,PFKFB2
169,AKT1,4388,PFKFB3
169,AKT1,4408,PHB2
169,AKT1,4416,PHF20
169,AKT1,4432,PHLPP1
169,AKT1,4433,PHLPP2
169,AKT1,4445,PIAS1
169,AKT1,4462,PIK3C3
169,AKT1,4467,PIK3R1
169,AKT1,4471,PIK3R6
169,AKT1,4472,PIKFYVE
169,AKT1,4497,PITX2
169,AKT1,4507,PKMYT1
169,AKT1,4509,PKN2
169,AKT1,4523,PLAC8
169,AKT1,4533,PLCB3
169,AKT1,4535,PLCG1
169,AKT1,4560,PLN
169,AKT1,4632,POU5F1
169,AKT1,4634,PPA1
169,AKT1,4638,PPARGC1A
169,AKT1,4639,PPARGC1B
169,AKT1,4640,PPAT
169,AKT1,4660,PPP1CA
169,AKT1,4661,PPP1CB
169,AKT1,4662,PPP1CC
169,AKT1,4675,PPP1R1A
169,AKT1,4684,PPP2CA
169,AKT1,4685,PPP2CB
169,AKT1,4688,PPP2R2A
169,AKT1,4695,PPP2R5B
169,AKT1,4696,PPP2R5C
169,AKT1,4725,PRICKLE3
169,AKT1,4726,PRKAA1
169,AKT1,4727,PRKAA2
169,AKT1,4729,PRKACA
169,AKT1,4738,PRKCA
169,AKT1,4739,PRKCB
169,AKT1,4745,PRKCQ
169,AKT1,4747,PRKCZ
169,AKT1,4748,PRKD1
169,AKT1,4751,PRKDC
169,AKT1,4779,PRPH
169,AKT1,4837,PTEN
169,AKT1,4854,PTK2
169,AKT1,4856,PTK6
169,AKT1,4864,PTPN1
169,AKT1,4866,PTPN12
169,AKT1,4886,PTPRF
169,AKT1,4919,PYGO2
169,AKT1,4960,RAC1
169,AKT1,4980,RAF1
169,AKT1,4988,RALGAPA2
169,AKT1,4997,RANBP3
169,AKT1,5014,RARA
169,AKT1,5029,RASGRP3
169,AKT1,5085,RET
169,AKT1,5118,RHEBL1
169,AKT1,5127,RICTOR
169,AKT1,5162,RNF11
169,AKT1,5278,RPS3
169,AKT1,5287,RPS6KB1
169,AKT1,5318,RUNX2
169,AKT1,5332,RYR2
169,AKT1,5342,S1PR1
169,AKT1,5352,SAP30
169,AKT1,5401,SCYL1
169,AKT1,5455,SENP1
169,AKT1,5503,SH2B2
169,AKT1,5510,SH3BP4
169,AKT1,5519,SH3RF1
169,AKT1,5572,SIRT1
169,AKT1,5577,SIRT6
169,AKT1,5588,SKI
169,AKT1,5591,SKP2
169,AKT1,5662,SLC7A11
169,AKT1,5664,SLC9A1
169,AKT1,5666,SLC9A3R1
169,AKT1,5687,SMAD3
169,AKT1,5700,SMARCB1
169,AKT1,5701,SMARCC1
169,AKT1,5702,SMARCC2
169,AKT1,5780,SOX2
169,AKT1,5786,SP1
169,AKT1,5790,SP7
169,AKT1,5827,SRC
169,AKT1,5844,SRPK2
169,AKT1,5847,SRRM2
169,AKT1,5851,SSB
169,AKT1,5906,STK3
169,AKT1,5911,STK4
169,AKT1,5966,SYN1
169,AKT1,5981,SYTL1
169,AKT1,6010,TAL1
169,AKT1,6026,TBC1D1
169,AKT1,6031,TBC1D4
169,AKT1,6033,TBC1D7
169,AKT1,6035,TBK1
169,AKT1,6057,TCL1A
169,AKT1,6058,TCL1B
169,AKT1,6080,TERF1
169,AKT1,6083,TERT
169,AKT1,6128,THEM4
169,AKT1,6135,THRA
169,AKT1,6143,TIAM1
169,AKT1,6160,TJP2
169,AKT1,6163,TKT
169,AKT1,6251,TNK2
169,AKT1,6271,TOPBP1
169,AKT1,6277,TP53BP1
169,AKT1,6282,TP53RK
169,AKT1,6303,TRA2B
169,AKT1,6311,TRAF6
169,AKT1,6331,TRIB3
169,AKT1,6334,TRIM13
169,AKT1,6423,TSC1
169,AKT1,6424,TSC2
169,AKT1,6453,TTC3
169,AKT1,6483,TWIST1
169,AKT1,6521,UBE2S
169,AKT1,6532,UBN1
169,AKT1,6586,USP14
169,AKT1,6601,USP4
169,AKT1,6632,VCP
169,AKT1,6644,VIM
169,AKT1,6686,WEE1
169,AKT1,6695,WNK1
169,AKT1,6736,XIAP
169,AKT1,6750,YAP1
169,AKT1,6751,YBX1
169,AKT1,6764,YWHAZ
169,AKT1,6788,ZFP36L1
169,AKT1,6844,ZRANB1
169,AKT1,6850,ZYX
170,AKT1S1,171,AKT2
170,AKT1S1,172,AKT3
170,AKT1S1,946,CDK1
170,AKT1S1,956,CDK2
170,AKT1S1,1325,CSNK2A2
170,AKT1S1,1686,DYRK3
170,AKT1S1,3470,MAPK14
170,AKT1S1,3719,MTOR
170,AKT1S1,4475,PIM1
170,AKT1S1,5291,RPTOR
171,AKT2,223,ANKRD2
171,AKT2,438,ATP7A
171,AKT2,471,BAD
171,AKT2,547,BMI1
171,AKT2,573,BRAF
171,AKT2,710,CASKIN1
171,AKT2,722,CASP9
171,AKT2,745,CBY1
171,AKT2,852,CD34
171,AKT2,970,CDKN1A
171,AKT2,971,CDKN1B
171,AKT2,1098,CHUK
171,AKT2,1154,CLK2
171,AKT2,1259,CREB1
171,AKT2,1317,CSNK1A1
171,AKT2,1324,CSNK2A1
171,AKT2,1348,CTNNB1
171,AKT2,1711,EDC3
171,AKT2,1746,EGFR
171,AKT2,1762,EIF2AK3
171,AKT2,1785,EIF4EBP1
171,AKT2,1832,EP300
171,AKT2,1897,ESR1
171,AKT2,1926,EZR
171,AKT2,2103,FLNC
171,AKT2,2146,FOXO1
171,AKT2,2147,FOXO3
171,AKT2,2148,FOXO4
171,AKT2,2233,GAPDH
171,AKT2,2244,GATA6
171,AKT2,2362,GNG12
171,AKT2,2476,GSK3A
171,AKT2,2477,GSK3B
171,AKT2,2704,HSPB1
171,AKT2,2725,HTRA2
171,AKT2,2883,ILK
171,AKT2,3082,KHSRP
171,AKT2,3453,MAP3K5
171,AKT2,3552,MDM2
171,AKT2,3712,MTCP1
171,AKT2,3775,MYO5A
171,AKT2,3970,NOS3
171,AKT2,4085,NUDT3
171,AKT2,4186,PALLD
171,AKT2,4223,PCBP1
171,AKT2,4335,PDK1
171,AKT2,4344,PDPK1
171,AKT2,4432,PHLPP1
171,AKT2,4433,PHLPP2
171,AKT2,4488,PIP5K1C
171,AKT2,4497,PITX2
171,AKT2,4512,PKP1
171,AKT2,4632,POU5F1
171,AKT2,4638,PPARGC1A
171,AKT2,4684,PPP2CA
171,AKT2,4685,PPP2CB
171,AKT2,4747,PRKCZ
171,AKT2,4751,PRKDC
171,AKT2,4864,PTPN1
171,AKT2,4963,RACGAP1
171,AKT2,4980,RAF1
171,AKT2,4988,RALGAPA2
171,AKT2,5519,SH3RF1
171,AKT2,5558,SIK2
171,AKT2,5906,STK3
171,AKT2,5911,STK4
171,AKT2,5936,STXBP4
171,AKT2,6057,TCL1A
171,AKT2,6058,TCL1B
171,AKT2,6334,TRIM13
171,AKT2,6424,TSC2
171,AKT2,6483,TWIST1
171,AKT2,6690,WIPF1
171,AKT2,6736,XIAP
172,AKT3,471,BAD
172,AKT3,547,BMI1
172,AKT3,573,BRAF
172,AKT3,722,CASP9
172,AKT3,970,CDKN1A
172,AKT3,1098,CHUK
172,AKT3,1259,CREB1
172,AKT3,1319,CSNK1D
172,AKT3,1950,FAM107A
172,AKT3,2147,FOXO3
172,AKT3,2477,GSK3B
172,AKT3,2704,HSPB1
172,AKT3,2705,HSPB2
172,AKT3,2706,HSPB6
172,AKT3,2883,ILK
172,AKT3,2926,IRF3
172,AKT3,3456,MAP3K8
172,AKT3,3712,MTCP1
172,AKT3,3970,NOS3
172,AKT3,4335,PDK1
172,AKT3,4336,PDK2
172,AKT3,4344,PDPK1
172,AKT3,4432,PHLPP1
172,AKT3,4433,PHLPP2
172,AKT3,4632,POU5F1
172,AKT3,4684,PPP2CA
172,AKT3,4685,PPP2CB
172,AKT3,4740,PRKCD
172,AKT3,4745,PRKCQ
172,AKT3,4747,PRKCZ
172,AKT3,4837,PTEN
172,AKT3,5906,STK3
172,AKT3,5911,STK4
172,AKT3,6044,TBX3
172,AKT3,6057,TCL1A
172,AKT3,6311,TRAF6
173,ALB,3340,LRP2
173,ALB,6629,VCAM1
174,ALCAM,873,CD6
174,ALCAM,1072,CHL1
174,ALCAM,3182,L1CAM
174,ALCAM,4049,NRP1
174,ALCAM,5340,S100A9
174,ALCAM,5341,S100B
175,ALDH1A1,449,AURKA
175,ALDH1A1,5014,RARA
175,ALDH1A1,6183,TLX1
176,ALDH1A2,4803,PSIP1
176,ALDH1A2,6525,UBE3A
177,ALDH2,2541,HDAC3
177,ALDH2,2630,HNF4A
177,ALDH2,4726,PRKAA1
177,ALDH2,4741,PRKCE
178,ALDH6A1,2630,HNF4A
179,ALDOA,711,CASP1
179,ALDOA,3891,NFIA
180,ALDOB,2630,HNF4A
181,ALG2,4739,PRKCB
182,ALK,1814,ELP3
182,ALK,2435,GRB2
182,ALK,2477,GSK3B
182,ALK,2529,HCK
182,ALK,2783,IGF1R
182,ALK,3551,MDK
182,ALK,3994,NPM1
182,ALK,4469,PIK3R3
182,ALK,4535,PLCG1
182,ALK,4860,PTN
182,ALK,4865,PTPN11
182,ALK,4881,PTPRB
182,ALK,4897,PTPRZ1
182,ALK,5489,SFPQ
182,ALK,5528,SHC1
182,ALK,5530,SHC3
182,ALK,5829,SRCIN1
182,ALK,5885,STAT3
182,ALK,5976,SYP
182,ALK,6625,VASP
182,ALK,6631,VCL
182,ALK,6668,WAS
182,ALK,6778,ZC3HC1
183,ALOX15,1490,DDX6
183,ALOX15,2641,HNRNPK
183,ALOX15,4223,PCBP1
184,ALOX5,680,CAMK2A
184,ALOX5,2079,FGR
184,ALOX5,3465,MAPK1
184,ALOX5,3472,MAPK3
184,ALOX5,3481,MAPKAPK2
184,ALOX5,4729,PRKACA
184,ALOX5,4730,PRKACB
184,ALOX5,4848,PTGS2
185,ALPI,853,CD36
185,ALPI,2146,FOXO1
186,ALPL,471,BAD
187,ALPP,2507,GYS1
188,ALX4,3230,LEF1
189,AMBN,874,CD63
190,AMBP,2630,HNF4A
191,AMBRA1,522,BECN1
191,AMBRA1,1098,CHUK
191,AMBRA1,1680,DYNLL1
191,AMBRA1,1681,DYNLL2
191,AMBRA1,3719,MTOR
191,AMBRA1,6562,ULK1
192,AMELX,874,CD63
192,AMELX,3200,LAMP1
192,AMELX,3201,LAMP2
193,AMELY,874,CD63
193,AMELY,3200,LAMP1
193,AMELY,3201,LAMP2
194,AMFR,961,CDK5
194,AMFR,2395,GPI
194,AMFR,6513,UBE2I
195,AMH,196,AMHR2
195,AMH,561,BMPR1B
195,AMH,1746,EGFR
195,AMH,2143,FOXL2
195,AMH,2439,GREM2
195,AMH,5785,SOX9
196,AMHR2,556,BMP6
196,AMHR2,561,BMPR1B
197,AMIGO2,4066,NTM
198,AMOT,4744,PRKCI
198,AMOT,6728,WWTR1
198,AMOT,6750,YAP1
199,AMOTL1,4727,PRKAA2
200,AMOTL2,2072,FGFR1
200,AMOTL2,3210,LATS2
200,AMOTL2,3719,MTOR
200,AMOTL2,5827,SRC
200,AMOTL2,6726,WWP1
201,AMPH,946,CDK1
201,AMPH,956,CDK2
201,AMPH,961,CDK5
201,AMPH,969,CDKL5
201,AMPH,1324,CSNK2A1
201,AMPH,1683,DYRK1A
201,AMPH,2477,GSK3B
201,AMPH,3465,MAPK1
201,AMPH,3466,MAPK10
201,AMPH,3472,MAPK3
201,AMPH,3480,MAPK9
202,ANAPC1,946,CDK1
202,ANAPC1,956,CDK2
202,ANAPC1,1348,CTNNB1
202,ANAPC1,2476,GSK3A
202,ANAPC1,2477,GSK3B
202,ANAPC1,3476,MAPK8
202,ANAPC1,4556,PLK1
202,ANAPC1,4730,PRKACB
202,ANAPC1,4739,PRKCB
202,ANAPC1,4751,PRKDC
202,ANAPC1,4900,PTTG1
203,ANAPC11,896,CDC20
203,ANAPC11,923,CDH1
203,ANAPC11,2002,FBXO5
203,ANAPC11,6513,UBE2I
204,ANAPC2,1670,DVL1
204,ANAPC2,2477,GSK3B
204,ANAPC2,3466,MAPK10
205,ANAPC4,946,CDK1
205,ANAPC4,2909,INSR
205,ANAPC4,4556,PLK1
206,ANAPC5,421,ATM
206,ANAPC5,4751,PRKDC
207,ANAPC7,2002,FBXO5
207,ANAPC7,3400,MAD2L1
207,ANAPC7,4556,PLK1
208,ANG,1746,EGFR
208,ANG,4575,PLXNB2
209,ANGPT1,2951,ITGA5
209,ANGPT1,2962,ITGB1
209,ANGPT1,6077,TEK
209,ANGPT1,6146,TIE1
210,ANGPT2,2146,FOXO1
210,ANGPT2,6077,TEK
210,ANGPT2,6146,TIE1
211,ANGPT4,6077,TEK
211,ANGPT4,6146,TIE1
212,ANGPTL1,3270,LILRB2
212,ANGPTL1,3271,LILRB3
212,ANGPTL1,6077,TEK
213,ANGPTL2,2951,ITGA5
213,ANGPTL2,2962,ITGB1
213,ANGPTL2,3270,LILRB2
213,ANGPTL2,3271,LILRB3
213,ANGPTL2,6146,TIE1
213,ANGPTL2,6177,TLR4
214,ANGPTL3,2951,ITGA5
214,ANGPTL3,2960,ITGAV
214,ANGPTL3,2965,ITGB3
215,ANGPTL4,925,CDH11
215,ANGPTL4,940,CDH5
215,ANGPTL4,2396,GPIHBP1
215,ANGPTL4,5403,SDC1
215,ANGPTL4,5404,SDC2
215,ANGPTL4,5405,SDC3
215,ANGPTL4,5406,SDC4
215,ANGPTL4,6146,TIE1
216,ANGPTL7,3270,LILRB2
216,ANGPTL7,3271,LILRB3
217,ANK1,428,ATP2A1
217,ANK1,946,CDK1
217,ANK1,956,CDK2
217,ANK1,1072,CHL1
217,ANK1,1321,CSNK1G1
217,ANK1,2477,GSK3B
217,ANK1,3470,MAPK14
217,ANK1,3882,NFASC
217,ANK1,4039,NRCAM
217,ANK1,5680,SLN
218,ANK2,644,CACNA1A
218,ANK2,645,CACNA1B
218,ANK2,946,CDK1
218,ANK2,956,CDK2
218,ANK2,1072,CHL1
218,ANK2,1320,CSNK1E
218,ANK2,1325,CSNK2A2
218,ANK2,1465,DCTN4
218,ANK2,1566,DMD
218,ANK2,2477,GSK3B
218,ANK2,3476,MAPK8
218,ANK2,3882,NFASC
218,ANK2,4039,NRCAM
218,ANK2,4104,OBSCN
218,ANK2,4694,PPP2R5A
218,ANK2,4739,PRKCB
218,ANK2,5283,RPS6KA3
219,ANK3,923,CDH1
219,ANK3,1072,CHL1
219,ANK3,1432,DAG1
219,ANK3,1566,DMD
219,ANK3,1800,ELAVL3
219,ANK3,2199,GABARAP
219,ANK3,2315,GLDN
219,ANK3,2630,HNF4A
219,ANK3,3882,NFASC
219,ANK3,4039,NRCAM
219,ANK3,5822,SPTBN1
220,ANKIB1,6513,UBE2I
221,ANKRD11,6275,TP53
222,ANKRD17,956,CDK2
224,ANKRD28,682,CAMK2D
224,ANKRD28,2476,GSK3A
224,ANKRD28,4662,PPP1CC
225,ANKRD6,1320,CSNK1E
225,ANKRD6,1670,DVL1
225,ANKRD6,1671,DVL2
226,ANKS1A,4730,PRKACB
227,ANKS1B,680,CAMK2A
227,ANKS1B,1549,DLG4
228,ANLN,946,CDK1
228,ANLN,2477,GSK3B
228,ANLN,3470,MAPK14
228,ANLN,4738,PRKCA
228,ANLN,4751,PRKDC
228,ANLN,6275,TP53
229,ANO7,291,AR
230,ANO9,5883,STAT1
231,ANP32A,248,APAF1
231,ANP32A,722,CASP9
231,ANP32A,1324,CSNK2A1
231,ANP32A,1325,CSNK2A2
231,ANP32A,5034,RB1
232,ANP32B,1324,CSNK2A1
233,ANPEP,5430,SELE
234,ANTXR1,6322,TREML2
234,ANTXR1,6709,WNT5A
235,ANXA1,1687,DYSF
235,ANXA1,1746,EGFR
235,ANXA1,1871,ERBB3
235,ANXA1,2152,FPR1
235,ANXA1,2153,FPR2
235,ANXA1,2154,FPR3
235,ANXA1,2467,GRM7
235,ANXA1,2529,HCK
235,ANXA1,2783,IGF1R
235,ANXA1,3717,MTNR1A
235,ANXA1,4738,PRKCA
235,ANXA1,4739,PRKCB
235,ANXA1,4742,PRKCG
235,ANXA1,4743,PRKCH
235,ANXA1,4744,PRKCI
235,ANXA1,4752,PRKG1
235,ANXA1,5827,SRC
235,ANXA1,6414,TRPM7
236,ANXA2,738,CBLL1
236,ANXA2,1687,DYSF
236,ANXA2,1746,EGFR
236,ANXA2,2783,IGF1R
236,ANXA2,3240,LGALS3
236,ANXA2,4738,PRKCA
236,ANXA2,4739,PRKCB
236,ANXA2,5244,ROBO4
236,ANXA2,5827,SRC
236,ANXA2,6175,TLR2
236,ANXA2,6498,UBAP2
237,ANXA4,4745,PRKCQ
238,ANXA5,3076,KDR
239,ANXA9,1319,CSNK1D
240,AP1B1,440,ATR
240,AP1B1,1161,CLTA
240,AP1B1,1582,DNM1
240,AP1B1,2207,GABRA1
242,AP2A1,956,CDK2
242,AP2A1,4739,PRKCB
243,AP2B1,4748,PRKD1
243,AP2B1,5827,SRC
244,AP2M1,552,BMP2K
244,AP2M1,1746,EGFR
244,AP2M1,5163,RNF111
244,AP2M1,5624,SLC24A2
245,AP3B1,440,ATR
245,AP3B1,3100,KIF3A
246,AP3B2,1320,CSNK1E
246,AP3B2,1325,CSNK2A2
247,AP3D1,3470,MAPK14
248,APAF1,260,APIP
248,APAF1,487,BAX
248,APAF1,504,BCL2L1
248,APAF1,704,CARD8
248,APAF1,722,CASP9
248,APAF1,1242,COX5B
248,APAF1,1403,CYCS
248,APAF1,1689,E2F1
248,APAF1,1762,EIF2AK3
248,APAF1,1790,EIF4G2
248,APAF1,2695,HSP90AB1
248,APAF1,2697,HSPA1A
248,APAF1,5281,RPS6KA1
248,APAF1,6275,TP53
249,APBA1,709,CASK
249,APBA1,2371,GNRHR
249,APBA1,4053,NRXN1
249,APBA1,5934,STXBP1
250,APBA2,946,CDK1
250,APBA2,4053,NRXN1
250,APBA2,5934,STXBP1
251,APBA3,3719,MTOR
251,APBA3,5934,STXBP1
252,APBB1,421,ATM
252,APBB1,2477,GSK3B
252,APBB1,3465,MAPK1
252,APBB1,3472,MAPK3
252,APBB1,5498,SGK1
252,APBB1,6429,TSHZ3
253,APC,459,AXIN1
253,APC,460,AXIN2
253,APC,894,CDC14B
253,APC,956,CDK2
253,APC,1093,CHRNB3
253,APC,1317,CSNK1A1
253,APC,1318,CSNK1A1L
253,APC,1319,CSNK1D
253,APC,1320,CSNK1E
253,APC,1321,CSNK1G1
253,APC,1322,CSNK1G2
253,APC,1323,CSNK1G3
253,APC,1348,CTNNB1
253,APC,1670,DVL1
253,APC,2032,FEN1
253,APC,2477,GSK3B
253,APC,3172,KRT1
253,APC,4597,POLB
253,APC,4684,PPP2CA
253,APC,4729,PRKACA
253,APC,4739,PRKCB
253,APC,4752,PRKG1
253,APC,4767,PROCR
253,APC,6275,TP53
254,APC2,459,AXIN1
254,APC2,1319,CSNK1D
254,APC2,1348,CTNNB1
254,APC2,2477,GSK3B
255,APCDD1,3662,MOG
255,APCDD1,6707,WNT3A
256,APEX1,362,ARNT
256,APEX1,801,CCNO
256,APEX1,961,CDK5
256,APEX1,1324,CSNK2A1
256,APEX1,1325,CSNK2A2
256,APEX1,1750,EGR1
256,APEX1,1832,EP300
256,APEX1,1879,ERCC6
256,APEX1,2125,FOS
256,APEX1,2127,FOSL1
256,APEX1,2233,GAPDH
256,APEX1,2509,GZMA
256,APEX1,3552,MDM2
256,APEX1,4849,PTH
256,APEX1,5071,RECQL4
256,APEX1,5077,RELB
256,APEX1,5572,SIRT1
256,APEX1,5885,STAT3
256,APEX1,6065,TDG
256,APEX1,6275,TP53
256,APEX1,6486,TXN
257,APH1A,3840,NCSTN
257,APH1A,4795,PSEN1
257,APH1A,4796,PSEN2
257,APH1A,4797,PSENEN
258,APH1B,3840,NCSTN
258,APH1B,4795,PSEN1
258,APH1B,4796,PSEN2
258,APH1B,4797,PSENEN
259,API5,956,CDK2
259,API5,2477,GSK3B
261,APLF,421,ATM
261,APLF,4202,PARP1
262,APLN,263,APLNR
262,APLN,2467,GRM7
262,APLN,3717,MTNR1A
263,APLNR,2276,GFAP
263,APLNR,2346,GNA14
263,APLNR,2348,GNAI1
263,APLNR,2350,GNAI3
264,APLP1,282,APP
264,APLP1,1184,CNTN3
264,APLP1,1185,CNTN4
265,APLP2,282,APP
265,APLP2,946,CDK1
265,APLP2,1325,CSNK2A2
265,APLP2,2597,HLA-A
265,APLP2,3466,MAPK10
265,APLP2,3476,MAPK8
265,APLP2,3480,MAPK9
265,APLP2,4291,PCSK9
265,APLP2,4738,PRKCA
266,APOA1,279,APOE
266,APOA1,818,CD14
266,APOA1,2130,FOXA2
266,APOA1,2630,HNF4A
266,APOA1,2678,HP
266,APOA1,2991,JAK2
266,APOA1,3215,LCAT
266,APOA1,3228,LDLR
266,APOA1,3335,LRP1
266,APOA1,3340,LRP2
266,APOA1,3672,MPO
266,APOA1,5014,RARA
267,APOA2,2630,HNF4A
267,APOA2,3228,LDLR
267,APOA2,3335,LRP1
267,APOA2,3340,LRP2
268,APOA4,2630,HNF4A
268,APOA4,2631,HNF4G
268,APOA4,3228,LDLR
268,APOA4,3335,LRP1
268,APOA4,3340,LRP2
269,APOA5,2630,HNF4A
269,APOA5,3322,LPL
270,APOB,667,CALCR
270,APOB,1826,ENO1
270,APOB,2630,HNF4A
270,APOB,2959,ITGAM
270,APOB,2964,ITGB2
270,APOB,3228,LDLR
270,APOB,3335,LRP1
270,APOB,3340,LRP2
270,APOB,3345,LRP8
270,APOB,3367,LSR
270,APOB,3721,MTTP
270,APOB,4114,OLR1
270,APOB,6177,TLR4
270,APOB,6179,TLR6
270,APOB,6320,TREM2
270,APOB,6648,VLDLR
271,APOBEC3A,1368,CUL2
272,APOBEC3B,4729,PRKACA
273,APOBEC3G,4729,PRKACA
274,APOC1,6648,VLDLR
275,APOC2,2630,HNF4A
275,APOC2,3228,LDLR
275,APOC2,3335,LRP1
275,APOC2,3340,LRP2
276,APOC3,2630,HNF4A
276,APOC3,3228,LDLR
276,APOC3,3335,LRP1
276,APOC3,3340,LRP2
276,APOC3,5014,RARA
276,APOC3,5404,SDC2
276,APOC3,6175,TLR2
277,APOC4,6648,VLDLR
278,APOD,3236,LEPR
279,APOE,1088,CHRNA4
279,APOE,1324,CSNK2A1
279,APOE,3228,LDLR
279,APOE,3335,LRP1
279,APOE,3340,LRP2
279,APOE,3342,LRP4
279,APOE,3343,LRP5
279,APOE,3344,LRP6
279,APOE,3345,LRP8
279,APOE,3367,LSR
279,APOE,3487,MAPT
279,APOE,5370,SCARB1
279,APOE,5404,SDC2
279,APOE,5771,SORL1
279,APOE,6320,TREM2
279,APOE,6648,VLDLR
279,APOE,6805,ZIC1
279,APOE,6806,ZIC2
280,APOH,1927,F10
280,APOH,4552,PLG
281,APOO,2838,IL1RAPL1
281,APOO,2839,IL1RAPL2
282,APP,467,BACE1
282,APP,468,BACE2
282,APP,715,CASP3
282,APP,718,CASP6
282,APP,729,CAV1
282,APP,880,CD74
282,APP,961,CDK5
282,APP,963,CDK5RAP2
282,APP,1184,CNTN3
282,APP,1185,CNTN4
282,APP,1355,CTSD
282,APP,1451,DCC
282,APP,2109,FLT1
282,APP,2153,FPR2
282,APP,2181,FYN
282,APP,2386,GPC1
282,APP,2467,GRM7
282,APP,2477,GSK3B
282,APP,2909,INSR
282,APP,3335,LRP1
282,APP,3336,LRP10
282,APP,3344,LRP6
282,APP,3356,LRRK2
282,APP,3466,MAPK10
282,APP,3476,MAPK8
282,APP,3480,MAPK9
282,APP,3717,MTNR1A
282,APP,3798,NAE1
282,APP,3840,NCSTN
282,APP,3911,NGFR
282,APP,3973,NOTCH2
282,APP,4072,NTRK1
282,APP,4495,PITRM1
282,APP,4538,PLD1
282,APP,4540,PLD3
282,APP,4729,PRKACA
282,APP,4840,PTGER2
282,APP,5290,RPSA
282,APP,5671,SLIT2
282,APP,5771,SORL1
282,APP,5810,SPON1
282,APP,6231,TNFRSF21
282,APP,6435,TSPAN12
282,APP,6438,TSPAN15
282,APP,6648,VLDLR
283,APPL1,4729,PRKACA
283,APPL1,4738,PRKCA
283,APPL1,5899,STK11
284,APTX,4202,PARP1
284,APTX,4742,PRKCG
285,AQP1,636,CA2
285,AQP1,670,CALM1
285,AQP1,671,CALM2
285,AQP1,672,CALM3
285,AQP1,1348,CTNNB1
285,AQP1,1730,EFEMP2
285,AQP1,3178,KRTAP4-12
285,AQP1,3283,LIN7B
285,AQP1,4738,PRKCA
286,AQP2,954,CDK18
286,AQP2,4739,PRKCB
286,AQP2,5283,RPS6KA3
287,AQP4,1324,CSNK2A1
287,AQP4,1325,CSNK2A2
287,AQP4,4729,PRKACA
287,AQP4,4738,PRKCA
287,AQP4,4751,PRKDC
288,AQP5,4482,PIP
288,AQP5,4729,PRKACA
289,AQP6,670,CALM1
289,AQP6,671,CALM2
289,AQP6,672,CALM3
290,AQP9,1629,DSCAML1
290,AQP9,4747,PRKCZ
291,AR,400,ATAD2
291,AR,449,AURKA
291,AR,637,CA3
291,AR,672,CALM3
291,AR,711,CASP1
291,AR,714,CASP2
291,AR,715,CASP3
291,AR,719,CASP7
291,AR,720,CASP8
291,AR,946,CDK1
291,AR,949,CDK11B
291,AR,956,CDK2
291,AR,961,CDK5
291,AR,966,CDK7
291,AR,968,CDK9
291,AR,970,CDKN1A
291,AR,1044,CFLAR
291,AR,1313,CSK
291,AR,1348,CTNNB1
291,AR,1417,CYP3A5
291,AR,1428,DAB2IP
291,AR,1438,DAPK3
291,AR,1444,DBI
291,AR,1470,DDC
291,AR,1489,DDX5
291,AR,1746,EGFR
291,AR,1832,EP300
291,AR,1871,ERBB3
291,AR,1897,ESR1
291,AR,1925,EZH2
291,AR,1933,F2R
291,AR,2033,FER
291,AR,2069,FGF8
291,AR,2083,FHL2
291,AR,2093,FKBP4
291,AR,2094,FKBP5
291,AR,2146,FOXO1
291,AR,2147,FOXO3
291,AR,2369,GNRH1
291,AR,2537,HDAC1
291,AR,2589,HIPK3
291,AR,2641,HNRNPK
291,AR,2694,HSP90AA1
291,AR,2695,HSP90AB1
291,AR,2704,HSPB1
291,AR,2788,IGFBP3
291,AR,3006,JUN
291,AR,3013,KAT2B
291,AR,3014,KAT5
291,AR,3065,KDM1A
291,AR,3068,KDM3A
291,AR,3069,KDM4A
291,AR,3071,KDM4C
291,AR,3150,KLK2
291,AR,3151,KLK3
291,AR,3152,KLK4
291,AR,3174,KRT18
291,AR,3465,MAPK1
291,AR,3470,MAPK14
291,AR,3472,MAPK3
291,AR,3552,MDM2
291,AR,3636,MME
291,AR,3646,MMP2
291,AR,3706,MT2A
291,AR,3747,MYCBP2
291,AR,3830,NCOA2
291,AR,3832,NCOA4
291,AR,3835,NCOR2
291,AR,3932,NKX3-1
291,AR,4016,NR0B1
291,AR,4017,NR0B2
291,AR,4024,NR2C1
291,AR,4025,NR2C2
291,AR,4030,NR3C1
291,AR,4035,NR5A1
291,AR,4106,ODC1
291,AR,4184,PAK6
291,AR,4386,PFKFB1
291,AR,4398,PGC
291,AR,4475,PIM1
291,AR,4508,PKN1
291,AR,4579,PMAIP1
291,AR,4738,PRKCA
291,AR,4793,PSAP
291,AR,5283,RPS6KA3
291,AR,5326,RXRA
291,AR,5367,SCAP
291,AR,5393,SCNN1A
291,AR,5475,SERTAD1
291,AR,5687,SMAD3
291,AR,5713,SMS
291,AR,5827,SRC
291,AR,5828,SRCAP
291,AR,5894,STEAP4
291,AR,5911,STK4
291,AR,6037,TBL1XR1
291,AR,6065,TDG
291,AR,6207,TMPRSS2
291,AR,6251,TNK2
291,AR,6341,TRIM24
291,AR,6691,WIPI1
291,AR,6809,ZMIZ1
291,AR,6821,ZNF318
292,ARAF,2682,HRAS
292,ARAF,3437,MAP2K1
292,ARAF,3438,MAP2K2
292,ARAF,3465,MAPK1
292,ARAF,3472,MAPK3
292,ARAF,4037,NRAS
292,ARAF,4179,PAK1
292,ARAF,5667,SLC9A3R2
292,ARAF,5827,SRC
293,ARAP1,905,CDC42
293,ARAP1,4856,PTK6
293,ARAP1,4960,RAC1
294,ARAP2,905,CDC42
294,ARAP2,4960,RAC1
294,ARAP2,5120,RHOA
295,ARAP3,905,CDC42
295,ARAP3,4960,RAC1
296,AREG,1746,EGFR
296,AREG,1870,ERBB2
296,AREG,1871,ERBB3
296,AREG,5827,SRC
297,ARF1,301,ARFGAP1
297,ARF1,305,ARFGEF2
297,ARF1,377,ASAP1
297,ARF1,378,ASAP2
297,ARF1,1082,CHRM3
297,ARF1,1423,CYTH2
297,ARF1,2302,GIT1
297,ARF1,2909,INSR
297,ARF1,4450,PICK1
297,ARF1,4538,PLD1
297,ARF1,4539,PLD2
297,ARF1,4794,PSD3
298,ARF3,4450,PICK1
299,ARF5,378,ASAP2
300,ARF6,378,ASAP2
300,ARF6,1423,CYTH2
300,ARF6,2005,FBXO8
300,ARF6,2916,IQSEC2
300,ARF6,4483,PIP4K2A
300,ARF6,4538,PLD1
300,ARF6,5693,SMAP1
300,ARF6,6604,USP6
301,ARFGAP1,3356,LRRK2
302,ARFGAP2,3386,LYN
303,ARFGAP3,2909,INSR
304,ARFGEF1,4729,PRKACA
304,ARFGEF1,4751,PRKDC
305,ARFGEF2,4751,PRKDC
305,ARFGEF2,5283,RPS6KA3
306,ARFIP1,4748,PRKD1
306,ARFIP1,4749,PRKD2
308,ARG1,5889,STAT6
309,ARHGAP1,328,ARHGAP32
309,ARHGAP1,339,ARHGEF1
309,ARHGAP1,342,ARHGEF12
309,ARHGAP1,347,ARHGEF2
309,ARHGAP1,352,ARHGEF7
309,ARHGAP1,905,CDC42
309,ARHGAP1,1108,CIT
309,ARHGAP1,4483,PIP4K2A
309,ARHGAP1,5120,RHOA
309,ARHGAP1,5246,ROCK2
309,ARHGAP1,6627,VAV2
310,ARHGAP10,5120,RHOA
311,ARHGAP11A,5120,RHOA
312,ARHGAP11B,905,CDC42
312,ARHGAP11B,5120,RHOA
313,ARHGAP12,956,CDK2
313,ARHGAP12,2477,GSK3B
313,ARHGAP12,3466,MAPK10
313,ARHGAP12,3470,MAPK14
313,ARHGAP12,3480,MAPK9
313,ARHGAP12,4960,RAC1
313,ARHGAP12,5283,RPS6KA3
313,ARHGAP12,5827,SRC
314,ARHGAP15,4181,PAK2
314,ARHGAP15,4960,RAC1
315,ARHGAP17,4729,PRKACA
316,ARHGAP18,4510,PKN3
317,ARHGAP19,5120,RHOA
318,ARHGAP20,905,CDC42
318,ARHGAP20,4960,RAC1
318,ARHGAP20,5120,RHOA
319,ARHGAP21,5120,RHOA
320,ARHGAP22,905,CDC42
320,ARHGAP22,4960,RAC1
320,ARHGAP22,5120,RHOA
321,ARHGAP24,4960,RAC1
321,ARHGAP24,5245,ROCK1
322,ARHGAP26,3465,MAPK1
322,ARHGAP26,5120,RHOA
323,ARHGAP27,4960,RAC1
324,ARHGAP28,5120,RHOA
325,ARHGAP29,4867,PTPN13
325,ARHGAP29,5120,RHOA
326,ARHGAP30,905,CDC42
326,ARHGAP30,4960,RAC1
326,ARHGAP30,5120,RHOA
327,ARHGAP31,905,CDC42
327,ARHGAP31,2476,GSK3A
327,ARHGAP31,2477,GSK3B
327,ARHGAP31,3472,MAPK3
327,ARHGAP31,4960,RAC1
327,ARHGAP31,5120,RHOA
327,ARHGAP31,5281,RPS6KA1
328,ARHGAP32,680,CAMK2A
328,ARHGAP32,905,CDC42
328,ARHGAP32,1272,CRK
328,ARHGAP32,1273,CRKL
328,ARHGAP32,2181,FYN
328,ARHGAP32,2197,GAB1
328,ARHGAP32,2198,GAB2
328,ARHGAP32,4072,NTRK1
328,ARHGAP32,4960,RAC1
328,ARHGAP32,5120,RHOA
328,ARHGAP32,5827,SRC
329,ARHGAP33,956,CDK2
329,ARHGAP33,2181,FYN
329,ARHGAP33,3470,MAPK14
329,ARHGAP33,4960,RAC1
330,ARHGAP35,1319,CSNK1D
330,ARHGAP35,1325,CSNK2A2
330,ARHGAP35,2181,FYN
330,ARHGAP35,4739,PRKCB
330,ARHGAP35,4856,PTK6
330,ARHGAP35,4869,PTPN18
330,ARHGAP35,4897,PTPRZ1
330,ARHGAP35,4960,RAC1
330,ARHGAP35,5120,RHOA
330,ARHGAP35,5245,ROCK1
330,ARHGAP35,5498,SGK1
330,ARHGAP35,5827,SRC
330,ARHGAP35,6140,THY1
331,ARHGAP39,905,CDC42
331,ARHGAP39,4960,RAC1
332,ARHGAP4,4960,RAC1
333,ARHGAP5,2909,INSR
333,ARHGAP5,4856,PTK6
333,ARHGAP5,4865,PTPN11
333,ARHGAP5,5120,RHOA
333,ARHGAP5,6140,THY1
334,ARHGAP6,5120,RHOA
335,ARHGAP8,3476,MAPK8
335,ARHGAP8,5120,RHOA
336,ARHGAP9,4960,RAC1
337,ARHGDIA,4179,PAK1
337,ARHGDIA,4576,PLXNB3
337,ARHGDIA,4729,PRKACA
337,ARHGDIA,4738,PRKCA
337,ARHGDIA,4960,RAC1
337,ARHGDIA,5174,RNF128
337,ARHGDIA,5827,SRC
338,ARHGDIB,4738,PRKCA
338,ARHGDIB,5174,RNF128
338,ARHGDIB,5827,SRC
339,ARHGEF1,440,ATR
339,ARHGEF1,2344,GNA12
339,ARHGEF1,2345,GNA13
339,ARHGEF1,2991,JAK2
339,ARHGEF1,4738,PRKCA
339,ARHGEF1,5120,RHOA
340,ARHGEF10,905,CDC42
340,ARHGEF10,4960,RAC1
340,ARHGEF10,5120,RHOA
341,ARHGEF11,2344,GNA12
341,ARHGEF11,2345,GNA13
341,ARHGEF11,5120,RHOA
342,ARHGEF12,351,ARHGEF6
342,ARHGEF12,352,ARHGEF7
342,ARHGEF12,946,CDK1
342,ARHGEF12,2344,GNA12
342,ARHGEF12,2345,GNA13
342,ARHGEF12,2353,GNAQ
342,ARHGEF12,2477,GSK3B
342,ARHGEF12,2783,IGF1R
342,ARHGEF12,3470,MAPK14
342,ARHGEF12,4575,PLXNB2
342,ARHGEF12,5120,RHOA
343,ARHGEF15,905,CDC42
343,ARHGEF15,1846,EPHA4
343,ARHGEF15,1852,EPHB2
343,ARHGEF15,5120,RHOA
344,ARHGEF17,3465,MAPK1
344,ARHGEF17,4738,PRKCA
344,ARHGEF17,5120,RHOA
344,ARHGEF17,6457,TTK
345,ARHGEF18,5120,RHOA
346,ARHGEF19,905,CDC42
346,ARHGEF19,2441,GRHL3
346,ARHGEF19,4960,RAC1
346,ARHGEF19,5120,RHOA
347,ARHGEF2,449,AURKA
347,ARHGEF2,906,CDC42BPA
347,ARHGEF2,1065,CHEK1
347,ARHGEF2,2477,GSK3B
347,ARHGEF2,3465,MAPK1
347,ARHGEF2,3472,MAPK3
347,ARHGEF2,3492,MARK2
347,ARHGEF2,3493,MARK3
347,ARHGEF2,4179,PAK1
347,ARHGEF2,4183,PAK4
347,ARHGEF2,4508,PKN1
347,ARHGEF2,4682,PPP1R9A
347,ARHGEF2,4683,PPP1R9B
347,ARHGEF2,4960,RAC1
347,ARHGEF2,5120,RHOA
347,ARHGEF2,5283,RPS6KA3
347,ARHGEF2,5827,SRC
348,ARHGEF3,5120,RHOA
349,ARHGEF4,905,CDC42
349,ARHGEF4,5120,RHOA
349,ARHGEF4,5827,SRC
350,ARHGEF5,5120,RHOA
351,ARHGEF6,735,CBL
351,ARHGEF6,2302,GIT1
351,ARHGEF6,2477,GSK3B
351,ARHGEF6,2682,HRAS
351,ARHGEF6,3480,MAPK9
351,ARHGEF6,4179,PAK1
351,ARHGEF6,4745,PRKCQ
351,ARHGEF6,4854,PTK2
351,ARHGEF6,4960,RAC1
352,ARHGEF7,677,CAMK1
352,ARHGEF7,737,CBLC
352,ARHGEF7,905,CDC42
352,ARHGEF7,1325,CSNK2A2
352,ARHGEF7,2302,GIT1
352,ARHGEF7,3356,LRRK2
352,ARHGEF7,4179,PAK1
352,ARHGEF7,4742,PRKCG
352,ARHGEF7,4752,PRKG1
352,ARHGEF7,4960,RAC1
352,ARHGEF7,5522,SHANK1
353,ARHGEF9,905,CDC42
353,ARHGEF9,2394,GPHN
354,ARID1A,956,CDK2
354,ARID1A,2477,GSK3B
354,ARID1A,3476,MAPK8
354,ARID1A,3480,MAPK9
355,ARID3A,1317,CSNK1A1
355,ARID3A,2494,GTF2I
355,ARID3A,6275,TP53
356,ARID4A,956,CDK2
357,ARID4B,956,CDK2
357,ARID4B,2477,GSK3B
357,ARID4B,3465,MAPK1
357,ARID4B,3470,MAPK14
358,ARID5B,4415,PHF2
359,ARIH1,1367,CUL1
359,ARIH1,1368,CUL2
359,ARIH1,1369,CUL3
359,ARIH1,1370,CUL4A
359,ARIH1,1784,EIF4E2
359,ARIH1,6513,UBE2I
360,ARIH2,1372,CUL5
360,ARIH2,6513,UBE2I
361,ARMC10,6275,TP53
362,ARNT,1264,CREBBP
362,ARNT,1324,CSNK2A1
362,ARNT,1832,EP300
362,ARNT,2581,HIF1A
362,ARNT,5458,SENP6
362,ARNT,5562,SIM1
362,ARNT,5563,SIM2
362,ARNT,5883,STAT1
362,ARNT,6486,TXN
362,ARNT,6513,UBE2I
363,ARNT2,403,ATF1
364,ARPC1B,449,AURKA
364,ARPC1B,923,CDH1
364,ARPC1B,4179,PAK1
364,ARPC1B,6669,WASF1
364,ARPC1B,6672,WASL
366,ARPC5,3228,LDLR
366,ARPC5,3340,LRP2
366,ARPC5,3481,MAPKAPK2
367,ARPP19,3500,MAST3
367,ARPP19,3501,MASTL
367,ARPP19,4691,PPP2R2D
367,ARPP19,4729,PRKACA
368,ARPP21,4729,PRKACA
369,ARRB1,1670,DVL1
369,ARRB1,1671,DVL2
369,ARRB1,1934,F2RL1
369,ARRB1,2182,FZD1
369,ARRB1,2348,GNAI1
369,ARRB1,2349,GNAI2
369,ARRB1,2350,GNAI3
369,ARRB1,2458,GRK5
369,ARRB1,3100,KIF3A
369,ARRB1,3465,MAPK1
369,ARRB1,3470,MAPK14
369,ARRB1,3472,MAPK3
369,ARRB1,3552,MDM2
369,ARRB1,4123,OPRM1
369,ARRB1,4315,PDE4D
369,ARRB1,4738,PRKCA
369,ARRB1,5711,SMO
369,ARRB1,5827,SRC
370,ARRB2,1324,CSNK2A1
370,ARRB2,1325,CSNK2A2
370,ARRB2,1671,DVL2
370,ARRB2,1824,ENG
370,ARRB2,2348,GNAI1
370,ARRB2,2349,GNAI2
370,ARRB2,2350,GNAI3
370,ARRB2,2901,INPP5D
370,ARRB2,3100,KIF3A
370,ARRB2,3437,MAP2K1
370,ARRB2,3465,MAPK1
370,ARRB2,5711,SMO
370,ARRB2,6148,TIGIT
371,ARSA,2524,HBA1
371,ARSA,2525,HBB
372,ART1,4322,PDGFB
372,ART1,5542,SI
373,ARTN,2280,GFRA1
373,ARTN,2281,GFRA2
373,ARTN,2282,GFRA3
373,ARTN,3812,NCAM1
373,ARTN,5085,RET
374,ARVCF,923,CDH1
374,ARVCF,933,CDH2
374,ARVCF,938,CDH3
374,ARVCF,940,CDH5
374,ARVCF,4751,PRKDC
374,ARVCF,6159,TJP1
374,ARVCF,6160,TJP2
375,ARX,4738,PRKCA
376,ASAH2B,1264,CREBBP
377,ASAP1,4855,PTK2B
377,ASAP1,5827,SRC
378,ASAP2,4855,PTK2B
379,ASAP3,1746,EGFR
380,ASB11,5270,RPN1
381,ASB2,2101,FLNA
381,ASB2,2102,FLNB
381,ASB2,3465,MAPK1
382,ASB3,6230,TNFRSF1B
383,ASB4,2744,ID2
384,ASB8,2800,IKBKB
384,ASB8,6035,TBK1
385,ASB9,1113,CKB
386,ASCC3,6275,TP53
387,ASCL1,1324,CSNK2A1
387,ASCL1,1642,DTX1
387,ASCL1,5777,SOX10
387,ASCL1,6183,TLX1
388,ASF1A,1055,CHAF1B
388,ASF1A,1065,CHEK1
388,ASF1A,1066,CHEK2
388,ASF1A,1832,EP300
388,ASF1A,6170,TLK2
389,ASF1B,1055,CHAF1B
389,ASF1B,6170,TLK2
390,ASGR1,2678,HP
390,ASGR1,2696,HSP90B1
390,ASGR1,6109,TG
391,ASGR2,1325,CSNK2A2
391,ASGR2,1940,F8
391,ASGR2,2678,HP
392,ASH2L,2242,GATA3
392,ASH2L,6041,TBX1
393,ASIP,442,ATRN
393,ASIP,1929,F11R
393,ASIP,3518,MC1R
393,ASIP,3519,MC2R
393,ASIP,3520,MC3R
393,ASIP,3521,MC4R
393,ASIP,3522,MC5R
393,ASIP,3601,MGRN1
394,ASPH,946,CDK1
394,ASPH,3470,MAPK14
394,ASPH,6403,TRPC3
395,ASTN1,396,ASTN2
397,ASXL1,3829,NCOA1
397,ASXL1,4637,PPARG
397,ASXL1,5014,RARA
397,ASXL1,5326,RXRA
398,ASXL2,946,CDK1
398,ASXL2,2477,GSK3B
398,ASXL2,3466,MAPK10
398,ASXL2,4637,PPARG
399,ASXL3,483,BAP1
399,ASXL3,579,BRD4
399,ASXL3,744,CBX5
399,ASXL3,3065,KDM1A
399,ASXL3,4020,NR1H3
399,ASXL3,6137,THRB
400,ATAD2,1689,E2F1
400,ATAD2,1897,ESR1
400,ATAD2,3745,MYC
401,ATAD5,579,BRD4
401,ATAD5,946,CDK1
402,ATE1,2701,HSPA5
403,ATF1,421,ATM
403,ATF1,677,CAMK1
403,ATF1,683,CAMK2G
403,ATF1,752,CCDC65
403,ATF1,959,CDK3
403,ATF1,1317,CSNK1A1
403,ATF1,1324,CSNK2A1
403,ATF1,1325,CSNK2A2
403,ATF1,2377,GOLPH3
403,ATF1,2588,HIPK2
403,ATF1,2629,HNF1B
403,ATF1,2804,IL10
403,ATF1,3934,NKX6-1
403,ATF1,4696,PPP2R5C
403,ATF1,4729,PRKACA
403,ATF1,5283,RPS6KA3
403,ATF1,5284,RPS6KA4
403,ATF1,5285,RPS6KA5
403,ATF1,5519,SH3RF1
403,ATF1,5688,SMAD4
404,ATF2,405,ATF3
404,ATF2,421,ATM
404,ATF2,544,BLVRA
404,ATF2,610,BTRC
404,ATF2,1263,CREB5
404,ATF2,1832,EP300
404,ATF2,2080,FH
404,ATF2,2219,GADD45A
404,ATF2,2998,JDP2
404,ATF2,3006,JUN
404,ATF2,3465,MAPK1
404,ATF2,3467,MAPK11
404,ATF2,3468,MAPK12
404,ATF2,3470,MAPK14
404,ATF2,3472,MAPK3
404,ATF2,3476,MAPK8
404,ATF2,3480,MAPK9
404,ATF2,3646,MMP2
404,ATF2,4558,PLK3
404,ATF2,4729,PRKACA
404,ATF2,4738,PRKCA
404,ATF2,4739,PRKCB
404,ATF2,4741,PRKCE
404,ATF2,4752,PRKG1
404,ATF2,5035,RB1CC1
404,ATF2,6658,VRK1
405,ATF3,1047,CGA
405,ATF3,2143,FOXL2
405,ATF3,6275,TP53
406,ATF4,418,ATG5
406,ATF4,1326,CSNK2B
406,ATF4,1759,EIF2A
406,ATF4,1762,EIF2AK3
406,ATF4,1832,EP300
406,ATF4,2174,FUS
406,ATF4,3433,MAP1LC3B
406,ATF4,5085,RET
406,ATF4,5282,RPS6KA2
406,ATF4,5283,RPS6KA3
406,ATF4,6562,ULK1
407,ATF6,2701,HSPA5
407,ATF6,3470,MAPK14
407,ATF6,4290,PCSK7
408,ATF7,3467,MAPK11
408,ATF7,4861,PTP4A1
408,ATF7,5999,TAF12
408,ATF7,6004,TAF4
409,ATG10,410,ATG12
409,ATG10,418,ATG5
409,ATG10,419,ATG7
409,ATG10,5780,SOX2
409,ATG10,6284,TP63
410,ATG12,418,ATG5
410,ATG12,419,ATG7
410,ATG12,6676,WDFY3
411,ATG16L1,418,ATG5
411,ATG16L1,1098,CHUK
411,ATG16L1,1163,CLTC
411,ATG16L1,1164,CLTCL1
411,ATG16L1,2231,GAN
411,ATG16L1,3959,NOD1
411,ATG16L1,3960,NOD2
411,ATG16L1,4729,PRKACA
411,ATG16L1,4937,RAB33B
411,ATG16L1,5035,RB1CC1
411,ATG16L1,6691,WIPI1
411,ATG16L1,6692,WIPI2
412,ATG2A,6679,WDR45
413,ATG2B,3465,MAPK1
413,ATG2B,6679,WDR45
414,ATG3,419,ATG7
414,ATG3,1044,CFLAR
414,ATG3,2199,GABARAP
414,ATG3,2201,GABARAPL2
414,ATG3,3432,MAP1LC3A
414,ATG3,3433,MAP1LC3B
414,ATG3,3434,MAP1LC3C
414,ATG3,6284,TP63
415,ATG4A,2201,GABARAPL2
415,ATG4A,6284,TP63
416,ATG4B,2199,GABARAP
416,ATG4B,2200,GABARAPL1
416,ATG4B,2201,GABARAPL2
416,ATG4B,3433,MAP1LC3B
416,ATG4B,3434,MAP1LC3C
416,ATG4B,6562,ULK1
417,ATG4D,715,CASP3
417,ATG4D,2200,GABARAPL1
418,ATG5,419,ATG7
418,ATG5,692,CAPN1
418,ATG5,693,CAPN2
418,ATG5,1472,DDIT3
418,ATG5,1946,FADD
418,ATG5,4179,PAK1
418,ATG5,6284,TP63
418,ATG5,6285,TP73
418,ATG5,6479,TUFM
418,ATG5,6676,WDFY3
419,ATG7,2146,FOXO1
419,ATG7,2201,GABARAPL2
419,ATG7,2691,HSF1
419,ATG7,3432,MAP1LC3A
419,ATG7,3433,MAP1LC3B
419,ATG7,3434,MAP1LC3C
419,ATG7,6284,TP63
419,ATG7,6285,TP73
420,ATG9A,4726,PRKAA1
420,ATG9A,5827,SRC
420,ATG9A,6284,TP63
420,ATG9A,6562,ULK1
420,ATG9A,6760,YWHAE
421,ATM,422,ATMIN
421,ATM,440,ATR
421,ATM,451,AURKB
421,ATM,454,AVEN
421,ATM,522,BECN1
421,ATM,532,BID
421,ATM,542,BLM
421,ATM,575,BRCA1
421,ATM,581,BRD8
421,ATM,590,BSN
421,ATM,610,BTRC
421,ATM,611,BUB1
421,ATM,619,C1QBP
421,ATM,653,CACNB2
421,ATM,690,CANX
421,ATM,735,CBL
421,ATM,751,CCDC6
421,ATM,898,CDC25A
421,ATM,961,CDK5
421,ATM,971,CDKN1B
421,ATM,982,CDS1
421,ATM,1020,CEP164
421,ATM,1046,CFTR
421,ATM,1063,CHD4
421,ATM,1065,CHEK1
421,ATM,1066,CHEK2
421,ATM,1098,CHUK
421,ATM,1118,CLASP1
421,ATM,1259,CREB1
421,ATM,1278,CROCC
421,ATM,1348,CTNNB1
421,ATM,1440,DAXX
421,ATM,1443,DBF4
421,ATM,1453,DCK
421,ATM,1456,DCLRE1A
421,ATM,1457,DCLRE1B
421,ATM,1458,DCLRE1C
421,ATM,1467,DCX
421,ATM,1476,DDX1
421,ATM,1525,DHX8
421,ATM,1566,DMD
421,ATM,1590,DNTTIP2
421,ATM,1635,DSP
421,ATM,1647,DTYMK
421,ATM,1685,DYRK2
421,ATM,1689,E2F1
421,ATM,1726,EEF1E1
421,ATM,1755,EHMT2
421,ATM,1785,EIF4EBP1
421,ATM,1832,EP300
421,ATM,1838,EPB41L3
421,ATM,1860,EPN2
421,ATM,1917,EXO1
421,ATM,1925,EZH2
421,ATM,1938,F5
421,ATM,1963,FANCA
421,ATM,1965,FANCD2
421,ATM,1969,FANCI
421,ATM,1994,FBXO31
421,ATM,2011,FBXW7
421,ATM,2147,FOXO3
421,ATM,2214,GABRB2
421,ATM,2232,GAP43
421,ATM,2561,HERC2
421,ATM,2580,HIC1
421,ATM,2581,HIF1A
421,ATM,2584,HINFP
421,ATM,2588,HIPK2
421,ATM,2616,HMGA1
421,ATM,2617,HMGA2
421,ATM,2622,HMGN1
421,ATM,2628,HNF1A
421,ATM,2694,HSP90AA1
421,ATM,2745,ID3
421,ATM,2800,IKBKB
421,ATM,2802,IKBKG
421,ATM,2933,IRS1
421,ATM,2964,ITGB2
421,ATM,3006,JUN
421,ATM,3014,KAT5
421,ATM,3082,KHSRP
421,ATM,3124,KLF1
421,ATM,3183,L3MBTL2
421,ATM,3206,LASP1
421,ATM,3207,LAT
421,ATM,3262,LIG4
421,ATM,3289,LIPE
421,ATM,3296,LMNA
421,ATM,3399,MAD1L1
421,ATM,3418,MAGED2
421,ATM,3506,MATR3
421,ATM,3509,MAZ
421,ATM,3532,MCM2
421,ATM,3533,MCM3
421,ATM,3536,MCM5
421,ATM,3537,MCM6
421,ATM,3543,MCPH1
421,ATM,3546,MDC1
421,ATM,3552,MDM2
421,ATM,3553,MDM4
421,ATM,3573,MEN1
421,ATM,3582,METTL3
421,ATM,3627,MLH1
421,ATM,3629,MLLT1
421,ATM,3807,NASP
421,ATM,3810,NBN
421,ATM,3883,NFAT5
421,ATM,3890,NFE2L2
421,ATM,3897,NFKB2
421,ATM,3898,NFKBIA
421,ATM,3913,NHEJ1
421,ATM,4030,NR3C1
421,ATM,4040,NRF1
421,ATM,4096,NUSAP1
421,ATM,4193,PAPOLB
421,ATM,4202,PARP1
421,ATM,4216,PAXIP1
421,ATM,4218,PBRM1
421,ATM,4230,PCDH7
421,ATM,4364,PELP1
421,ATM,4367,PER1
421,ATM,4380,PEX5
421,ATM,4541,PLEC
421,ATM,4556,PLK1
421,ATM,4586,PNKP
421,ATM,4617,POP1
421,ATM,4647,PPL
421,ATM,4650,PPM1D
421,ATM,4653,PPM1G
421,ATM,4661,PPP1CB
421,ATM,4662,PPP1CC
421,ATM,4677,PPP1R2
421,ATM,4684,PPP2CA
421,ATM,4685,PPP2CB
421,ATM,4688,PPP2R2A
421,ATM,4696,PPP2R5C
421,ATM,4697,PPP2R5D
421,ATM,4704,PPP5C
421,ATM,4748,PRKD1
421,ATM,4751,PRKDC
421,ATM,4776,PRPF19
421,ATM,4778,PRPF4B
421,ATM,4796,PSEN2
421,ATM,4837,PTEN
421,ATM,4965,RAD17
421,ATM,4969,RAD50
421,ATM,4975,RAD9A
421,ATM,4996,RANBP2
421,ATM,4998,RANBP9
421,ATM,5030,RASSF1
421,ATM,5033,RAVER1
421,ATM,5039,RBBP8
421,ATM,5076,RELA
421,ATM,5098,RFWD3
421,ATM,5128,RIF1
421,ATM,5134,RIMS1
421,ATM,5179,RNF138
421,ATM,5210,RNF20
421,ATM,5229,RNF40
421,ATM,5253,RPA1
421,ATM,5254,RPA2
421,ATM,5280,RPS6
421,ATM,5300,RRM2B
421,ATM,5332,RYR2
421,ATM,5543,SIAH1
421,ATM,5563,SIM2
421,ATM,5632,SLC2A1
421,ATM,5647,SLC4A1
421,ATM,5682,SLTM
421,ATM,5683,SLU7
421,ATM,5685,SMAD1
421,ATM,5696,SMARCA4
421,ATM,5702,SMARCC2
421,ATM,5705,SMC1A
421,ATM,5706,SMC3
421,ATM,5716,SMURF2
421,ATM,5720,SNAI1
421,ATM,5727,SNAPIN
421,ATM,5786,SP1
421,ATM,5793,SPAG5
421,ATM,5822,SPTBN1
421,ATM,5832,SRF
421,ATM,5843,SRPK1
421,ATM,5847,SRRM2
421,ATM,5862,SSTR3
421,ATM,5899,STK11
421,ATM,5922,STRAP
421,ATM,5934,STXBP1
421,ATM,5966,SYN1
421,ATM,6015,TAOK1
421,ATM,6017,TAOK3
421,ATM,6068,TDP1
421,ATM,6078,TELO2
421,ATM,6080,TERF1
421,ATM,6081,TERF2
421,ATM,6132,THOC5
421,ATM,6136,THRAP3
421,ATM,6150,TIMELESS
421,ATM,6270,TOP2B
421,ATM,6271,TOPBP1
421,ATM,6275,TP53
421,ATM,6277,TP53BP1
421,ATM,6284,TP63
421,ATM,6297,TPR
421,ATM,6311,TRAF6
421,ATM,6345,TRIM28
421,ATM,6454,TTC5
421,ATM,6535,UBQLN4
421,ATM,6544,UCHL3
421,ATM,6558,UIMC1
421,ATM,6574,UPF1
421,ATM,6584,USP10
421,ATM,6597,USP28
421,ATM,6632,VCP
421,ATM,6644,VIM
421,ATM,6656,VPS72
421,ATM,6677,WDHD1
421,ATM,6718,WRAP53
421,ATM,6719,WRN
421,ATM,6738,XPA
421,ATM,6739,XPC
421,ATM,6775,ZC3H18
421,ATM,6784,ZEB1
421,ATM,6814,ZNF148
421,ATM,6825,ZNF420
423,ATN1,946,CDK1
423,ATN1,956,CDK2
423,ATN1,1320,CSNK1E
423,ATN1,2477,GSK3B
423,ATN1,3465,MAPK1
423,ATN1,3466,MAPK10
423,ATN1,3470,MAPK14
423,ATN1,3476,MAPK8
423,ATN1,3480,MAPK9
423,ATN1,5283,RPS6KA3
424,ATOH1,485,BARHL1
424,ATOH1,2568,HES5
424,ATOH1,2580,HIC1
424,ATOH1,2743,ID1
424,ATOH1,2744,ID2
424,ATOH1,2745,ID3
424,ATOH1,2991,JAK2
424,ATOH1,3972,NOTCH1
424,ATOH1,4631,POU4F3
424,ATOH1,4774,PROX1
424,ATOH1,5780,SOX2
424,ATOH1,6805,ZIC1
425,ATP1A1,1317,CSNK1A1
425,ATP1A1,2909,INSR
425,ATP1A1,3465,MAPK1
425,ATP1A1,4729,PRKACA
425,ATP1A1,4738,PRKCA
425,ATP1A1,4747,PRKCZ
425,ATP1A1,5827,SRC
427,ATP1B1,3862,NEGR1
427,ATP1B1,6688,WFS1
428,ATP2A1,5680,SLN
429,ATP2A2,451,AURKB
429,ATP2A2,680,CAMK2A
429,ATP2A2,681,CAMK2B
429,ATP2A2,682,CAMK2D
429,ATP2A2,683,CAMK2G
429,ATP2A2,1934,F2RL1
429,ATP2A2,2523,HAX1
429,ATP2A2,4310,PDE3A
429,ATP2A2,4560,PLN
429,ATP2A2,4751,PRKDC
429,ATP2A2,5283,RPS6KA3
429,ATP2A2,5680,SLN
430,ATP2B1,670,CALM1
430,ATP2B1,671,CALM2
430,ATP2B1,672,CALM3
430,ATP2B1,1321,CSNK1G1
430,ATP2B1,4729,PRKACA
430,ATP2B1,4738,PRKCA
431,ATP2B2,1546,DLG1
431,ATP2B2,1547,DLG2
431,ATP2B2,1549,DLG4
431,ATP2B2,4738,PRKCA
431,ATP2B2,5667,SLC9A3R2
432,ATP2B4,1546,DLG1
432,ATP2B4,1547,DLG2
432,ATP2B4,1548,DLG3
432,ATP2B4,1549,DLG4
432,ATP2B4,4854,PTK2
432,ATP2B4,5827,SRC
433,ATP2C1,5786,SP1
434,ATP6AP1,4952,RAB7A
435,ATP6AP2,5081,REN
435,ATP6AP2,6707,WNT3A
436,ATP6V0C,5203,RNF182
437,ATP6V1H,6115,TGFBR1
437,ATP6V1H,6186,TM9SF4
439,ATP7B,4748,PRKD1
440,ATR,441,ATRIP
440,ATR,510,BCL6
440,ATR,532,BID
440,ATR,542,BLM
440,ATR,575,BRCA1
440,ATR,576,BRCA2
440,ATR,900,CDC25C
440,ATR,973,CDKN2A
440,ATR,982,CDS1
440,ATR,1020,CEP164
440,ATR,1065,CHEK1
440,ATR,1066,CHEK2
440,ATR,1154,CLK2
440,ATR,1160,CLSPN
440,ATR,1259,CREB1
440,ATR,1443,DBF4
440,ATR,1456,DCLRE1A
440,ATR,1457,DCLRE1B
440,ATR,1689,E2F1
440,ATR,1697,E4F1
440,ATR,1726,EEF1E1
440,ATR,1785,EIF4EBP1
440,ATR,1895,ESPL1
440,ATR,1917,EXO1
440,ATR,1963,FANCA
440,ATR,1965,FANCD2
440,ATR,1969,FANCI
440,ATR,1970,FANCL
440,ATR,1971,FANCM
440,ATR,2426,GPS1
440,ATR,2561,HERC2
440,ATR,2933,IRS1
440,ATR,3013,KAT2B
440,ATR,3262,LIG4
440,ATR,3489,MARCKSL1
440,ATR,3524,MCC
440,ATR,3532,MCM2
440,ATR,3535,MCM4
440,ATR,3537,MCM6
440,ATR,3552,MDM2
440,ATR,3691,MSH2
440,ATR,3731,MUTYH
440,ATR,3810,NBN
440,ATR,3994,NPM1
440,ATR,4556,PLK1
440,ATR,4598,POLD1
440,ATR,4602,POLH
440,ATR,4607,POLN
440,ATR,4692,PPP2R3A
440,ATR,4729,PRKACA
440,ATR,4751,PRKDC
440,ATR,4964,RAD1
440,ATR,4965,RAD17
440,ATR,4969,RAD50
440,ATR,5030,RASSF1
440,ATR,5039,RBBP8
440,ATR,5098,RFWD3
440,ATR,5128,RIF1
440,ATR,5254,RPA2
440,ATR,5543,SIAH1
440,ATR,5699,SMARCAL1
440,ATR,5702,SMARCC2
440,ATR,5705,SMC1A
440,ATR,5764,SON
440,ATR,5786,SP1
440,ATR,5950,SUN2
440,ATR,6068,TDP1
440,ATR,6150,TIMELESS
440,ATR,6271,TOPBP1
440,ATR,6275,TP53
440,ATR,6277,TP53BP1
440,ATR,6325,TREX1
440,ATR,6345,TRIM28
440,ATR,6558,UIMC1
440,ATR,6574,UPF1
440,ATR,6677,WDHD1
440,ATR,6719,WRN
440,ATR,6738,XPA
440,ATR,6739,XPC
440,ATR,6744,XRCC2
440,ATR,6745,XRCC3
440,ATR,6779,ZDHHC13
441,ATRIP,575,BRCA1
441,ATRIP,956,CDK2
441,ATRIP,5253,RPA1
441,ATRIP,5254,RPA2
441,ATRIP,6271,TOPBP1
441,ATRIP,6747,XRCC5
443,ATRX,956,CDK2
443,ATRX,3470,MAPK14
443,ATRX,6767,ZBED1
444,ATXN1,1688,DZIP3
444,ATXN1,5283,RPS6KA3
445,ATXN10,451,AURKB
445,ATXN10,2723,HTR6
445,ATXN10,4556,PLK1
446,ATXN2L,3671,MPL
447,ATXN3,1324,CSNK2A1
447,ATXN3,2477,GSK3B
447,ATXN3,6529,UBE4B
448,ATXN7,956,CDK2
448,ATXN7,1264,CREBBP
448,ATXN7,1284,CRX
448,ATXN7,2477,GSK3B
448,ATXN7,3476,MAPK8
448,ATXN7,4739,PRKCB
448,ATXN7,5283,RPS6KA3
449,AURKA,450,AURKAIP1
449,AURKA,451,AURKB
449,AURKA,505,BCL2L11
449,AURKA,575,BRCA1
449,AURKA,899,CDC25B
449,AURKA,946,CDK1
449,AURKA,1011,CENPA
449,AURKA,1013,CENPE
449,AURKA,1015,CENPJ
449,AURKA,1022,CEP192
449,AURKA,1033,CETN2
449,AURKA,1067,CHFR
449,AURKA,1246,CPEB1
449,AURKA,1277,CRMP1
449,AURKA,1463,DCTN1
449,AURKA,1555,DLGAP5
449,AURKA,1897,ESR1
449,AURKA,1946,FADD
449,AURKA,1947,FAF1
449,AURKA,1963,FANCA
449,AURKA,2011,FBXW7
449,AURKA,2341,GMNN
449,AURKA,2477,GSK3B
449,AURKA,2520,HAUS8
449,AURKA,2544,HDAC6
449,AURKA,2641,HNRNPK
449,AURKA,2892,INCENP
449,AURKA,3085,KIF11
449,AURKA,3101,KIF4A
449,AURKA,3143,KLHL18
449,AURKA,3210,LATS2
449,AURKA,3226,LDHB
449,AURKA,3277,LIMK1
449,AURKA,3278,LIMK2
449,AURKA,3464,MAP9
449,AURKA,3486,MAPRE3
449,AURKA,3511,MBD3
449,AURKA,3544,MCRS1
449,AURKA,3841,NDC80
449,AURKA,3843,NDEL1
449,AURKA,3854,NEDD1
449,AURKA,3858,NEDD9
449,AURKA,3898,NFKBIA
449,AURKA,3994,NPM1
449,AURKA,4086,NUMA1
449,AURKA,4096,NUSAP1
449,AURKA,4179,PAK1
449,AURKA,4196,PARD3
449,AURKA,4429,PHLDA1
449,AURKA,4478,PIN1
449,AURKA,4502,PKD2
449,AURKA,4556,PLK1
449,AURKA,4633,POU6F1
449,AURKA,4660,PPP1CA
449,AURKA,4661,PPP1CB
449,AURKA,4662,PPP1CC
449,AURKA,4676,PPP1R1B
449,AURKA,4705,PPP6C
449,AURKA,4729,PRKACA
449,AURKA,4738,PRKCA
449,AURKA,4747,PRKCZ
449,AURKA,4796,PSEN2
449,AURKA,4985,RALA
449,AURKA,5030,RASSF1
449,AURKA,5283,RPS6KA3
449,AURKA,5407,SDCBP
449,AURKA,5428,SECISBP2L
449,AURKA,5572,SIRT1
449,AURKA,5588,SKI
449,AURKA,5784,SOX8
449,AURKA,5793,SPAG5
449,AURKA,5805,SPIN1
449,AURKA,5827,SRC
449,AURKA,5887,STAT5A
449,AURKA,5990,TACC1
449,AURKA,5992,TACC3
449,AURKA,6147,TIFA
449,AURKA,6275,TP53
449,AURKA,6285,TP73
449,AURKA,6302,TPX2
449,AURKA,6541,UBXN2B
449,AURKA,6632,VCP
449,AURKA,6683,WDR62
449,AURKA,6724,WWC1
449,AURKA,6750,YAP1
449,AURKA,6765,YY1
451,AURKB,537,BIRC5
451,AURKB,744,CBX5
451,AURKB,914,CDC7
451,AURKB,916,CDCA2
451,AURKB,919,CDCA5
451,AURKB,921,CDCA8
451,AURKB,983,CDT1
451,AURKB,1011,CENPA
451,AURKB,1013,CENPE
451,AURKB,1065,CHEK1
451,AURKB,1066,CHEK2
451,AURKB,1076,CHMP4C
451,AURKB,1111,CKAP2
451,AURKB,1499,DEK
451,AURKB,1507,DES
451,AURKB,1529,DIAPH2
451,AURKB,1634,DSN1
451,AURKB,2144,FOXM1
451,AURKB,2276,GFAP
451,AURKB,2542,HDAC4
451,AURKB,2543,HDAC5
451,AURKB,2547,HDAC9
451,AURKB,2644,HNRNPU
451,AURKB,2892,INCENP
451,AURKB,3092,KIF20A
451,AURKB,3096,KIF23
451,AURKB,3099,KIF2C
451,AURKB,3101,KIF4A
451,AURKB,3140,KLHL13
451,AURKB,3145,KLHL21
451,AURKB,3149,KLHL9
451,AURKB,3486,MAPRE3
451,AURKB,3530,MCL1
451,AURKB,3741,MYBBP1A
451,AURKB,3763,MYL9
451,AURKB,3841,NDC80
451,AURKB,3921,NINL
451,AURKB,4061,NSUN2
451,AURKB,4082,NUDC
451,AURKB,4202,PARP1
451,AURKB,4551,PLEKHG6
451,AURKB,4595,POGZ
451,AURKB,4752,PRKG1
451,AURKB,4963,RACGAP1
451,AURKB,5030,RASSF1
451,AURKB,5034,RB1
451,AURKB,5069,REC8
451,AURKB,5271,RPRD1B
451,AURKB,5319,RUNX3
451,AURKB,5532,SHCBP1
451,AURKB,5584,SKA1
451,AURKB,5585,SKA3
451,AURKB,5645,SLC45A2
451,AURKB,5865,SSU72
451,AURKB,6275,TP53
451,AURKB,6277,TP53BP1
451,AURKB,6644,VIM
451,AURKB,6724,WWC1
451,AURKB,6765,YY1
451,AURKB,6797,ZFYVE19
451,AURKB,6848,ZWINT
452,AURKC,4730,PRKACB
452,AURKC,4752,PRKG1
452,AURKC,5990,TACC1
453,AUTS2,1592,DOCK1
453,AUTS2,1811,ELMO2
453,AUTS2,4718,PREX1
454,AVEN,1320,CSNK1E
455,AVP,456,AVPR1A
455,AVP,457,AVPR1B
455,AVP,458,AVPR2
455,AVP,2411,GPR20
455,AVP,2422,GPR84
455,AVP,3228,LDLR
455,AVP,3340,LRP2
455,AVP,4150,OXTR
455,AVP,4850,PTH1R
455,AVP,4992,RAMP2
455,AVP,4993,RAMP3
455,AVP,6428,TSHR
455,AVP,6646,VIPR1
456,AVPR1A,1382,CXCL12
456,AVPR1A,2351,GNAL
456,AVPR1A,2353,GNAQ
456,AVPR1A,2354,GNAS
456,AVPR1A,4149,OXT
456,AVPR1A,6645,VIP
457,AVPR1B,2348,GNAI1
457,AVPR1B,2350,GNAI3
457,AVPR1B,2351,GNAL
457,AVPR1B,2353,GNAQ
457,AVPR1B,2354,GNAS
457,AVPR1B,4149,OXT
458,AVPR2,621,C1QTNF1
458,AVPR2,2351,GNAL
458,AVPR2,2354,GNAS
458,AVPR2,4149,OXT
458,AVPR2,4729,PRKACA
458,AVPR2,4730,PRKACB
459,AXIN1,560,BMPR1A
459,AXIN1,956,CDK2
459,AXIN1,1317,CSNK1A1
459,AXIN1,1318,CSNK1A1L
459,AXIN1,1319,CSNK1D
459,AXIN1,1320,CSNK1E
459,AXIN1,1348,CTNNB1
459,AXIN1,1427,DAB2
459,AXIN1,1538,DIXDC1
459,AXIN1,1670,DVL1
459,AXIN1,1671,DVL2
459,AXIN1,2354,GNAS
459,AXIN1,2476,GSK3A
459,AXIN1,2477,GSK3B
459,AXIN1,3343,LRP5
459,AXIN1,3344,LRP6
459,AXIN1,3444,MAP3K1
459,AXIN1,3452,MAP3K4
459,AXIN1,3470,MAPK14
459,AXIN1,3745,MYC
459,AXIN1,4556,PLK1
459,AXIN1,4648,PPM1A
459,AXIN1,4660,PPP1CA
459,AXIN1,4661,PPP1CB
459,AXIN1,4662,PPP1CC
459,AXIN1,4684,PPP2CA
459,AXIN1,4685,PPP2CB
459,AXIN1,5163,RNF111
459,AXIN1,5186,RNF146
459,AXIN1,5687,SMAD3
459,AXIN1,5691,SMAD7
459,AXIN1,5715,SMURF1
459,AXIN1,5946,SUMO1
459,AXIN1,6252,TNKS
459,AXIN1,6254,TNKS2
460,AXIN2,1348,CTNNB1
460,AXIN2,2477,GSK3B
460,AXIN2,4556,PLK1
460,AXIN2,5186,RNF146
460,AXIN2,6252,TNKS
460,AXIN2,6254,TNKS2
461,AXL,1745,EGF
461,AXL,1746,EGFR
461,AXL,1811,ELMO2
461,AXL,2238,GAS6
461,AXL,2431,GRAP
461,AXL,2529,HCK
461,AXL,2840,IL1RL1
461,AXL,2874,IL6R
461,AXL,2909,INSR
461,AXL,3112,KIR3DL1
461,AXL,3386,LYN
461,AXL,3738,MXRA5
461,AXL,4466,PIK3CG
461,AXL,4473,PILRA
461,AXL,4474,PILRB
461,AXL,4773,PROS1
461,AXL,4802,PSG9
461,AXL,4886,PTPRF
461,AXL,5756,SOCS1
462,AZGP1,2960,ITGAV
463,AZI2,6035,TBK1
464,B2M,674,CALR
464,B2M,690,CANX
464,B2M,825,CD1A
464,B2M,826,CD1B
464,B2M,827,CD1C
464,B2M,837,CD247
464,B2M,856,CD3D
464,B2M,858,CD3G
464,B2M,2573,HFE
464,B2M,2613,HLA-F
464,B2M,3108,KIR2DL1
464,B2M,3109,KIR2DL3
464,B2M,3112,KIR3DL1
464,B2M,3155,KLRC1
464,B2M,3156,KLRC2
464,B2M,3157,KLRD1
464,B2M,3269,LILRB1
464,B2M,3270,LILRB2
464,B2M,4330,PDIA3
464,B2M,6018,TAP1
464,B2M,6019,TAP2
464,B2M,6020,TAPBP
464,B2M,6108,TFRC
465,B4GALT1,1897,ESR1
466,B9D1,6062,TCTN1
467,BACE1,961,CDK5
467,BACE1,1317,CSNK1A1
467,BACE1,1319,CSNK1D
467,BACE1,1991,FBXO2
467,BACE1,2173,FURIN
467,BACE1,3470,MAPK14
467,BACE1,5246,ROCK2
467,BACE1,6607,USP8
469,BACH1,1992,FBXO22
469,BACH1,3412,MAFK
469,BACH1,3890,NFE2L2
469,BACH1,4014,NQO1
469,BACH1,5040,RBCK1
470,BACH2,1259,CREB1
470,BACH2,5287,RPS6KB1
471,BAD,479,BAK1
471,BAD,487,BAX
471,BAD,502,BCL2
471,BAD,504,BCL2L1
471,BAD,508,BCL2L2
471,BAD,573,BRAF
471,BAD,683,CAMK2G
471,BAD,715,CASP3
471,BAD,946,CDK1
471,BAD,1324,CSNK2A1
471,BAD,1403,CYCS
471,BAD,2254,GCK
471,BAD,2510,GZMB
471,BAD,2800,IKBKB
471,BAD,3465,MAPK1
471,BAD,3470,MAPK14
471,BAD,3472,MAPK3
471,BAD,3476,MAPK8
471,BAD,3530,MCL1
471,BAD,4005,NPTX1
471,BAD,4179,PAK1
471,BAD,4183,PAK4
471,BAD,4184,PAK6
471,BAD,4475,PIM1
471,BAD,4476,PIM2
471,BAD,4477,PIM3
471,BAD,4648,PPM1A
471,BAD,4649,PPM1B
471,BAD,4660,PPP1CA
471,BAD,4661,PPP1CB
471,BAD,4662,PPP1CC
471,BAD,4684,PPP2CA
471,BAD,4685,PPP2CB
471,BAD,4696,PPP2R5C
471,BAD,4698,PPP3CA
471,BAD,4699,PPP3CB
471,BAD,4700,PPP3CC
471,BAD,4701,PPP3R1
471,BAD,4704,PPP5C
471,BAD,4729,PRKACA
471,BAD,4730,PRKACB
471,BAD,4731,PRKACG
471,BAD,4738,PRKCA
471,BAD,4741,PRKCE
471,BAD,4744,PRKCI
471,BAD,4745,PRKCQ
471,BAD,4748,PRKD1
471,BAD,4752,PRKG1
471,BAD,4980,RAF1
471,BAD,5281,RPS6KA1
471,BAD,5282,RPS6KA2
471,BAD,5283,RPS6KA3
471,BAD,5285,RPS6KA5
471,BAD,5287,RPS6KB1
471,BAD,6275,TP53
471,BAD,6762,YWHAH
472,BAG1,502,BCL2
472,BAG1,2702,HSPA8
472,BAG1,4673,PPP1R15A
473,BAG2,502,BCL2
473,BAG2,3481,MAPKAPK2
473,BAG2,4980,RAF1
473,BAG2,5925,STUB1
474,BAG3,946,CDK1
474,BAG3,2477,GSK3B
474,BAG3,2702,HSPA8
474,BAG3,3470,MAPK14
474,BAG3,3719,MTOR
474,BAG3,4740,PRKCD
475,BAG4,6229,TNFRSF1A
476,BAG5,2697,HSPA1A
476,BAG5,2698,HSPA1B
477,BAIAP2,905,CDC42
477,BAIAP2,1820,ENAH
477,BAIAP2,2783,IGF1R
477,BAIAP2,2909,INSR
477,BAIAP2,3011,KANK1
477,BAIAP2,3492,MARK2
477,BAIAP2,4727,PRKAA2
477,BAIAP2,4960,RAC1
477,BAIAP2,6669,WASF1
477,BAIAP2,6670,WASF2
478,BAIAP2L1,1066,CHEK2
478,BAIAP2L1,5827,SRC
479,BAK1,487,BAX
479,BAK1,490,BBC3
479,BAK1,502,BCL2
479,BAK1,504,BCL2L1
479,BAK1,505,BCL2L11
479,BAK1,508,BCL2L2
479,BAK1,532,BID
479,BAK1,563,BMX
479,BAK1,1403,CYCS
479,BAK1,1527,DIABLO
479,BAK1,1823,ENDOG
479,BAK1,1872,ERBB4
479,BAK1,2725,HTRA2
479,BAK1,3530,MCL1
479,BAK1,3593,MFN1
479,BAK1,4876,PTPN5
479,BAK1,5515,SH3GLB1
479,BAK1,6275,TP53
479,BAK1,6634,VDAC1
479,BAK1,6635,VDAC2
480,BAMBI,560,BMPR1A
480,BAMBI,561,BMPR1B
480,BAMBI,1671,DVL2
480,BAMBI,2187,FZD5
480,BAMBI,2897,INHBA
480,BAMBI,2898,INHBB
480,BAMBI,6115,TGFBR1
481,BANF1,4702,PPP4C
481,BANF1,6658,VRK1
481,BANF1,6659,VRK2
481,BANF1,6660,VRK3
482,BANP,3079,KHDRBS1
482,BANP,3465,MAPK1
483,BAP1,3077,KEAP1
484,BARD1,575,BRCA1
484,BARD1,956,CDK2
484,BARD1,6513,UBE2I
486,BATF,4738,PRKCA
487,BAX,490,BBC3
487,BAX,502,BCL2
487,BAX,504,BCL2L1
487,BAX,505,BCL2L11
487,BAX,508,BCL2L2
487,BAX,532,BID
487,BAX,1242,COX5B
487,BAX,1403,CYCS
487,BAX,1527,DIABLO
487,BAX,1823,ENDOG
487,BAX,1948,FAIM2
487,BAX,2277,GFI1
487,BAX,2477,GSK3B
487,BAX,2708,HSPD1
487,BAX,2725,HTRA2
487,BAX,3465,MAPK1
487,BAX,3472,MAPK3
487,BAX,3476,MAPK8
487,BAX,3530,MCL1
487,BAX,3963,NOL3
487,BAX,4005,NPTX1
487,BAX,4579,PMAIP1
487,BAX,4684,PPP2CA
487,BAX,4685,PPP2CB
487,BAX,4747,PRKCZ
487,BAX,4913,PYCARD
487,BAX,5083,RERE
487,BAX,5515,SH3GLB1
487,BAX,6275,TP53
487,BAX,6345,TRIM28
487,BAX,6634,VDAC1
487,BAX,6748,XRCC6
488,BAZ1B,1320,CSNK1E
488,BAZ1B,1325,CSNK2A2
488,BAZ1B,3470,MAPK14
488,BAZ1B,3472,MAPK3
488,BAZ1B,3480,MAPK9
489,BAZ2A,956,CDK2
489,BAZ2A,2477,GSK3B
489,BAZ2A,3470,MAPK14
490,BBC3,502,BCL2
490,BBC3,503,BCL2A1
490,BBC3,504,BCL2L1
490,BBC3,508,BCL2L2
490,BBC3,1098,CHUK
490,BBC3,1870,ERBB2
490,BBC3,2800,IKBKB
490,BBC3,3530,MCL1
490,BBC3,5786,SP1
490,BBC3,6275,TP53
490,BBC3,6285,TP73
490,BBC3,6345,TRIM28
491,BBX,4751,PRKDC
492,BCAM,2075,FGFR4
492,BCAM,3193,LAMA5
492,BCAM,4729,PRKACA
493,BCAN,1746,EGFR
493,BCAN,4039,NRCAM
494,BCAP31,502,BCL2
494,BCAP31,504,BCL2L1
494,BCAP31,720,CASP8
495,BCAR1,563,BMX
495,BCAR1,600,BTK
495,BCAR1,715,CASP3
495,BCAR1,1272,CRK
495,BCAR1,1273,CRKL
495,BCAR1,1746,EGFR
495,BCAR1,2072,FGFR1
495,BCAR1,2181,FYN
495,BCAR1,2783,IGF1R
495,BCAR1,2909,INSR
495,BCAR1,2973,ITK
495,BCAR1,3386,LYN
495,BCAR1,4467,PIK3R1
495,BCAR1,4510,PKN3
495,BCAR1,4684,PPP2CA
495,BCAR1,4685,PPP2CB
495,BCAR1,4696,PPP2R5C
495,BCAR1,4854,PTK2
495,BCAR1,4856,PTK6
495,BCAR1,4863,PTP4A3
495,BCAR1,4864,PTPN1
495,BCAR1,4866,PTPN12
495,BCAR1,4868,PTPN14
495,BCAR1,4880,PTPRA
495,BCAR1,4886,PTPRF
495,BCAR1,4888,PTPRH
495,BCAR1,5687,SMAD3
495,BCAR1,5827,SRC
495,BCAR1,6251,TNK2
496,BCAR3,4179,PAK1
496,BCAR3,4463,PIK3CA
496,BCAR3,4960,RAC1
497,BCAS1,3470,MAPK14
497,BCAS1,5283,RPS6KA3
498,BCKDHA,499,BCKDK
498,BCKDHA,1325,CSNK2A2
498,BCKDHA,4656,PPM1K
498,BCKDHA,4739,PRKCB
499,BCKDK,4730,PRKACB
499,BCKDK,5827,SRC
500,BCL10,680,CAMK2A
500,BCL10,700,CARD11
500,BCL10,705,CARD9
500,BCL10,2800,IKBKB
500,BCL10,2802,IKBKG
500,BCL10,2943,ITCH
500,BCL10,3423,MALT1
500,BCL10,5144,RIPK2
501,BCL11B,4738,PRKCA
502,BCL2,505,BCL2L11
502,BCL2,522,BECN1
502,BCL2,532,BID
502,BCL2,533,BIK
502,BCL2,546,BMF
502,BCL2,567,BNIP3
502,BCL2,692,CAPN1
502,BCL2,693,CAPN2
502,BCL2,715,CASP3
502,BCL2,946,CDK1
502,BCL2,956,CDK2
502,BCL2,965,CDK6
502,BCL2,1106,CISD2
502,BCL2,1436,DAPK1
502,BCL2,1472,DDIT3
502,BCL2,1790,EIF4G2
502,BCL2,2096,FKBP8
502,BCL2,2099,FLI1
502,BCL2,2174,FUS
502,BCL2,2477,GSK3B
502,BCL2,2694,HSP90AA1
502,BCL2,3007,JUNB
502,BCL2,3465,MAPK1
502,BCL2,3466,MAPK10
502,BCL2,3470,MAPK14
502,BCL2,3472,MAPK3
502,BCL2,3476,MAPK8
502,BCL2,3480,MAPK9
502,BCL2,3981,NOXA1
502,BCL2,4032,NR4A1
502,BCL2,4034,NR4A3
502,BCL2,4214,PAX8
502,BCL2,4579,PMAIP1
502,BCL2,4662,PPP1CC
502,BCL2,4684,PPP2CA
502,BCL2,4685,PPP2CB
502,BCL2,4695,PPP2R5B
502,BCL2,4696,PPP2R5C
502,BCL2,4738,PRKCA
502,BCL2,5761,SOD1
502,BCL2,5809,SPNS1
502,BCL2,5885,STAT3
502,BCL2,6211,TNF
502,BCL2,6275,TP53
502,BCL2,6276,TP53AIP1
502,BCL2,6748,XRCC6
503,BCL2A1,505,BCL2L11
503,BCL2A1,2143,FOXL2
503,BCL2A1,4579,PMAIP1
504,BCL2L1,505,BCL2L11
504,BCL2L1,522,BECN1
504,BCL2L1,532,BID
504,BCL2L1,533,BIK
504,BCL2L1,546,BMF
504,BCL2L1,567,BNIP3
504,BCL2L1,692,CAPN1
504,BCL2L1,693,CAPN2
504,BCL2L1,722,CASP9
504,BCL2L1,946,CDK1
504,BCL2L1,973,CDKN2A
504,BCL2L1,2096,FKBP8
504,BCL2L1,2174,FUS
504,BCL2L1,3007,JUNB
504,BCL2L1,3476,MAPK8
504,BCL2L1,3480,MAPK9
504,BCL2L1,3481,MAPKAPK2
504,BCL2L1,4480,PINK1
504,BCL2L1,4556,PLK1
504,BCL2L1,4558,PLK3
504,BCL2L1,4579,PMAIP1
504,BCL2L1,5580,SIVA1
504,BCL2L1,5809,SPNS1
504,BCL2L1,5885,STAT3
504,BCL2L1,5887,STAT5A
504,BCL2L1,6634,VDAC1
505,BCL2L11,508,BCL2L2
505,BCL2L11,946,CDK1
505,BCL2L11,956,CDK2
505,BCL2L11,1472,DDIT3
505,BCL2L11,1544,DLC1
505,BCL2L11,1680,DYNLL1
505,BCL2L11,1749,EGLN3
505,BCL2L11,2147,FOXO3
505,BCL2L11,2174,FUS
505,BCL2L11,2477,GSK3B
505,BCL2L11,3069,KDM4A
505,BCL2L11,3465,MAPK1
505,BCL2L11,3466,MAPK10
505,BCL2L11,3470,MAPK14
505,BCL2L11,3472,MAPK3
505,BCL2L11,3476,MAPK8
505,BCL2L11,3480,MAPK9
505,BCL2L11,3530,MCL1
505,BCL2L11,3745,MYC
505,BCL2L11,4738,PRKCA
505,BCL2L11,4751,PRKDC
505,BCL2L11,5480,SETD1A
505,BCL2L11,5997,TAF1
505,BCL2L11,6634,VDAC1
506,BCL2L12,2477,GSK3B
507,BCL2L14,6275,TP53
508,BCL2L2,532,BID
508,BCL2L2,533,BIK
508,BCL2L2,546,BMF
509,BCL3,1098,CHUK
509,BCL3,1283,CRTC3
509,BCL3,1405,CYLD
509,BCL3,2476,GSK3A
509,BCL3,2537,HDAC1
509,BCL3,2541,HDAC3
509,BCL3,3896,NFKB1
509,BCL3,3897,NFKB2
509,BCL3,6037,TBL1XR1
510,BCL6,514,BCOR
510,BCL6,1832,EP300
510,BCL6,1990,FBXO11
510,BCL6,2147,FOXO3
510,BCL6,3465,MAPK1
510,BCL6,3472,MAPK3
510,BCL6,3834,NCOR1
510,BCL6,3835,NCOR2
510,BCL6,4179,PAK1
510,BCL6,4478,PIN1
510,BCL6,5803,SPI1
510,BCL6,6275,TP53
510,BCL6,6771,ZBTB17
511,BCL7C,946,CDK1
511,BCL7C,956,CDK2
511,BCL7C,2477,GSK3B
511,BCL7C,3465,MAPK1
511,BCL7C,3470,MAPK14
511,BCL7C,4738,PRKCA
512,BCL9,946,CDK1
512,BCL9,956,CDK2
512,BCL9,1348,CTNNB1
512,BCL9,2477,GSK3B
512,BCL9,3470,MAPK14
512,BCL9,3472,MAPK3
512,BCL9,4918,PYGO1
513,BCLAF1,946,CDK1
513,BCLAF1,956,CDK2
513,BCLAF1,2477,GSK3B
513,BCLAF1,3476,MAPK8
513,BCLAF1,4739,PRKCB
513,BCLAF1,5283,RPS6KA3
514,BCOR,2537,HDAC1
514,BCOR,2541,HDAC3
514,BCOR,2543,HDAC5
514,BCOR,3466,MAPK10
514,BCOR,5209,RNF2
515,BCORL1,1333,CTBP1
515,BCORL1,2542,HDAC4
515,BCORL1,2543,HDAC5
515,BCORL1,2545,HDAC7
516,BCR,946,CDK1
516,BCR,956,CDK2
516,BCR,1324,CSNK2A1
516,BCR,1746,EGFR
516,BCR,1974,FAS
516,BCR,2037,FES
516,BCR,2477,GSK3B
516,BCR,2529,HCK
516,BCR,2909,INSR
516,BCR,3470,MAPK14
516,BCR,4224,PCBP2
516,BCR,4738,PRKCA
516,BCR,4864,PTPN1
516,BCR,4960,RAC1
516,BCR,6763,YWHAQ
516,BCR,6764,YWHAZ
517,BCS1L,3237,LETM1
518,BDKRB1,2343,GNA11
518,BDKRB1,2346,GNA14
518,BDKRB1,2347,GNA15
518,BDKRB1,2348,GNAI1
518,BDKRB1,2350,GNAI3
518,BDKRB1,2351,GNAL
518,BDKRB1,2352,GNAO1
518,BDKRB1,2353,GNAQ
518,BDKRB1,2354,GNAS
518,BDKRB1,2359,GNB2
518,BDKRB1,3162,KNG1
519,BDKRB2,2344,GNA12
519,BDKRB2,2345,GNA13
519,BDKRB2,2346,GNA14
519,BDKRB2,2347,GNA15
519,BDKRB2,2348,GNAI1
519,BDKRB2,2350,GNAI3
519,BDKRB2,2352,GNAO1
519,BDKRB2,2353,GNAQ
519,BDKRB2,2456,GRK1
519,BDKRB2,2457,GRK4
519,BDKRB2,2458,GRK5
519,BDKRB2,2459,GRK6
519,BDKRB2,2783,IGF1R
519,BDKRB2,3162,KNG1
519,BDKRB2,4738,PRKCA
519,BDKRB2,4739,PRKCB
519,BDKRB2,4740,PRKCD
519,BDKRB2,5827,SRC
519,BDKRB2,6275,TP53
520,BDNF,1066,CHEK2
520,BDNF,1622,DRD4
520,BDNF,1870,ERBB2
520,BDNF,3516,MBTPS1
520,BDNF,3911,NGFR
520,BDNF,4073,NTRK2
520,BDNF,4631,POU4F3
520,BDNF,5772,SORT1
521,BDP1,6074,TEC
522,BECN1,680,CAMK2A
522,BECN1,1066,CHEK2
522,BECN1,1322,CSNK1G2
522,BECN1,1436,DAPK1
522,BECN1,1438,DAPK3
522,BECN1,1746,EGFR
522,BECN1,2378,GOPC
522,BECN1,2618,HMGB1
522,BECN1,3476,MAPK8
522,BECN1,3530,MCL1
522,BECN1,4462,PIK3C3
522,BECN1,4470,PIK3R4
522,BECN1,4480,PINK1
522,BECN1,4726,PRKAA1
522,BECN1,5076,RELA
522,BECN1,5515,SH3GLB1
522,BECN1,5911,STK4
522,BECN1,5938,STYK1
522,BECN1,6213,TNFAIP3
522,BECN1,6284,TP63
522,BECN1,6311,TRAF6
522,BECN1,6562,ULK1
522,BECN1,6584,USP10
522,BECN1,6585,USP13
522,BECN1,6613,UVRAG
522,BECN1,6731,XBP1
522,BECN1,6848,ZWINT
523,BEST1,4740,PRKCD
525,BFAR,720,CASP8
525,BFAR,6513,UBE2I
526,BGLAP,1354,CTSB
526,BGLAP,1355,CTSD
526,BGLAP,1359,CTSH
526,BGLAP,1361,CTSS
526,BGLAP,2287,GGCX
527,BGN,2074,FGFR3
527,BGN,3384,LY96
527,BGN,6173,TLR1
527,BGN,6175,TLR2
527,BGN,6177,TLR4
528,BHLHE40,1971,FANCM
529,BHLHE41,1333,CTBP1
529,BHLHE41,3835,NCOR2
529,BHLHE41,5058,RBPJ
530,BICD1,1933,F2R
530,BICD1,2477,GSK3B
531,BICD2,2477,GSK3B
531,BICD2,3480,MAPK9
531,BICD2,4996,RANBP2
532,BID,692,CAPN1
532,BID,693,CAPN2
532,BID,711,CASP1
532,BID,712,CASP10
532,BID,714,CASP2
532,BID,720,CASP8
532,BID,1242,COX5B
532,BID,1317,CSNK1A1
532,BID,1318,CSNK1A1L
532,BID,1319,CSNK1D
532,BID,1320,CSNK1E
532,BID,1321,CSNK1G1
532,BID,1322,CSNK1G2
532,BID,1323,CSNK1G3
532,BID,1324,CSNK2A1
532,BID,1325,CSNK2A2
532,BID,1326,CSNK2B
532,BID,1354,CTSB
532,BID,1359,CTSH
532,BID,1360,CTSK
532,BID,1361,CTSS
532,BID,1403,CYCS
532,BID,1527,DIABLO
532,BID,1823,ENDOG
532,BID,2510,GZMB
532,BID,2725,HTRA2
532,BID,2943,ITCH
532,BID,3476,MAPK8
532,BID,3480,MAPK9
532,BID,3711,MTCH2
532,BID,6275,TP53
532,BID,6770,ZBTB16
533,BIK,1324,CSNK2A1
534,BIN1,946,CDK1
534,BIN1,956,CDK2
534,BIN1,2477,GSK3B
534,BIN1,3470,MAPK14
535,BIRC2,536,BIRC3
535,BIRC2,714,CASP2
535,BIRC2,715,CASP3
535,BIRC2,719,CASP7
535,BIRC2,722,CASP9
535,BIRC2,1527,DIABLO
535,BIRC2,1762,EIF2AK3
535,BIRC2,1790,EIF4G2
535,BIRC2,1873,ERC1
535,BIRC2,2725,HTRA2
535,BIRC2,2802,IKBKG
535,BIRC2,3449,MAP3K14
535,BIRC2,5143,RIPK1
535,BIRC2,6304,TRADD
535,BIRC2,6306,TRAF2
535,BIRC2,6513,UBE2I
535,BIRC2,6514,UBE2J1
535,BIRC2,6730,XAF1
536,BIRC3,715,CASP3
536,BIRC3,719,CASP7
536,BIRC3,722,CASP9
536,BIRC3,1527,DIABLO
536,BIRC3,1762,EIF2AK3
536,BIRC3,2725,HTRA2
536,BIRC3,3449,MAP3K14
536,BIRC3,4361,PELI1
536,BIRC3,5143,RIPK1
536,BIRC3,6275,TP53
536,BIRC3,6306,TRAF2
536,BIRC3,6513,UBE2I
536,BIRC3,6730,XAF1
537,BIRC5,715,CASP3
537,BIRC5,719,CASP7
537,BIRC5,722,CASP9
537,BIRC5,946,CDK1
537,BIRC5,956,CDK2
537,BIRC5,1324,CSNK2A1
537,BIRC5,1527,DIABLO
537,BIRC5,2144,FOXM1
537,BIRC5,3470,MAPK14
537,BIRC5,4556,PLK1
537,BIRC5,4729,PRKACA
537,BIRC5,4738,PRKCA
537,BIRC5,5786,SP1
537,BIRC5,5885,STAT3
537,BIRC5,6275,TP53
537,BIRC5,6736,XIAP
538,BIRC6,715,CASP3
538,BIRC6,719,CASP7
538,BIRC6,722,CASP9
538,BIRC6,1527,DIABLO
538,BIRC6,2725,HTRA2
539,BIRC7,1527,DIABLO
539,BIRC7,6513,UBE2I
540,BIRC8,722,CASP9
540,BIRC8,6513,UBE2I
541,BLK,881,CD79A
541,BLK,882,CD79B
541,BLK,1317,CSNK1A1
541,BLK,2019,FCGR2A
541,BLK,2020,FCGR2B
541,BLK,2021,FCGR2C
541,BLK,2529,HCK
541,BLK,4211,PAX5
541,BLK,5317,RUNX1
542,BLM,583,BRIP1
542,BLM,946,CDK1
542,BLM,1054,CHAF1A
542,BLM,1065,CHEK1
542,BLM,1964,FANCC
542,BLM,1965,FANCD2
542,BLM,1971,FANCM
542,BLM,2032,FEN1
542,BLM,2477,GSK3B
542,BLM,3476,MAPK8
542,BLM,3691,MSH2
542,BLM,3693,MSH6
542,BLM,3866,NEK11
542,BLM,6275,TP53
542,BLM,6457,TTK
543,BLNK,2529,HCK
543,BLNK,2783,IGF1R
543,BLNK,4877,PTPN6
543,BLNK,4887,PTPRG
543,BLNK,5502,SH2B1
543,BLNK,5964,SYK
544,BLVRA,2625,HMOX1
544,BLVRA,2909,INSR
544,BLVRA,3006,JUN
544,BLVRA,3008,JUND
544,BLVRA,4739,PRKCB
544,BLVRA,4740,PRKCD
544,BLVRA,4747,PRKCZ
545,BLZF1,5186,RNF146
545,BLZF1,6252,TNKS
545,BLZF1,6254,TNKS2
546,BMF,1681,DYNLL2
546,BMF,3465,MAPK1
546,BMF,3476,MAPK8
546,BMF,3530,MCL1
547,BMI1,973,CDKN2A
547,BMI1,1324,CSNK2A1
547,BMI1,2144,FOXM1
547,BMI1,5209,RNF2
547,BMI1,6499,UBAP2L
547,BMI1,6513,UBE2I
548,BMP1,560,BMPR1A
548,BMP1,561,BMPR1B
548,BMP1,562,BMPR2
548,BMP1,1202,COL1A1
548,BMP1,1212,COL5A1
548,BMP1,1213,COL5A2
548,BMP1,1220,COL7A1
549,BMP10,560,BMPR1A
549,BMP10,561,BMPR1B
549,BMP10,562,BMPR2
549,BMP10,1824,ENG
550,BMP15,560,BMPR1A
550,BMP15,561,BMPR1B
550,BMP15,562,BMPR2
550,BMP15,6115,TGFBR1
551,BMP2,560,BMPR1A
551,BMP2,561,BMPR1B
551,BMP2,562,BMPR2
551,BMP2,1824,ENG
551,BMP2,2386,GPC1
551,BMP2,2438,GREM1
551,BMP2,3873,NEO1
551,BMP2,3962,NOG
551,BMP2,5103,RGMB
551,BMP2,5711,SMO
553,BMP3,560,BMPR1A
553,BMP3,561,BMPR1B
553,BMP3,562,BMPR2
554,BMP4,560,BMPR1A
554,BMP4,561,BMPR1B
554,BMP4,562,BMPR2
554,BMP4,1036,CFC1
554,BMP4,2439,GREM2
554,BMP4,3344,LRP6
554,BMP4,3873,NEO1
554,BMP4,3962,NOG
554,BMP4,3972,NOTCH1
554,BMP4,5103,RGMB
554,BMP4,5581,SIX1
555,BMP5,560,BMPR1A
555,BMP5,4884,PTPRD
556,BMP6,560,BMPR1A
556,BMP6,561,BMPR1B
556,BMP6,562,BMPR2
557,BMP7,560,BMPR1A
557,BMP7,561,BMPR1B
557,BMP7,562,BMPR2
557,BMP7,1824,ENG
557,BMP7,3962,NOG
558,BMP8A,560,BMPR1A
558,BMP8A,561,BMPR1B
558,BMP8A,562,BMPR2
558,BMP8A,6115,TGFBR1
558,BMP8A,6116,TGFBR2
559,BMP8B,560,BMPR1A
559,BMP8B,4529,PLAUR
560,BMPR1A,561,BMPR1B
560,BMPR1A,562,BMPR2
560,BMPR1A,1824,ENG
560,BMPR1A,1961,FAM83G
560,BMPR1A,2261,GDF1
560,BMPR1A,2263,GDF11
560,BMPR1A,2267,GDF5
560,BMPR1A,2268,GDF6
560,BMPR1A,2269,GDF7
560,BMPR1A,2270,GDF9
560,BMPR1A,3962,NOG
560,BMPR1A,5685,SMAD1
560,BMPR1A,5689,SMAD5
560,BMPR1A,5690,SMAD6
560,BMPR1A,5691,SMAD7
560,BMPR1A,5692,SMAD9
560,BMPR1A,5715,SMURF1
560,BMPR1A,5716,SMURF2
561,BMPR1B,562,BMPR2
561,BMPR1B,1824,ENG
561,BMPR1B,2164,FST
561,BMPR1B,2263,GDF11
561,BMPR1B,2267,GDF5
561,BMPR1B,2268,GDF6
561,BMPR1B,2270,GDF9
561,BMPR1B,3962,NOG
561,BMPR1B,5102,RGMA
561,BMPR1B,5103,RGMB
561,BMPR1B,5248,ROR2
561,BMPR1B,5685,SMAD1
561,BMPR1B,5686,SMAD2
561,BMPR1B,5689,SMAD5
561,BMPR1B,5690,SMAD6
561,BMPR1B,5691,SMAD7
561,BMPR1B,5692,SMAD9
561,BMPR1B,5875,STAMBP
562,BMPR2,630,C4BPA
562,BMPR2,2164,FST
562,BMPR2,2261,GDF1
562,BMPR2,2262,GDF10
562,BMPR2,2263,GDF11
562,BMPR2,2265,GDF2
562,BMPR2,2267,GDF5
562,BMPR2,2268,GDF6
562,BMPR2,2269,GDF7
562,BMPR2,2270,GDF9
562,BMPR2,3962,NOG
562,BMPR2,4684,PPP2CA
562,BMPR2,4685,PPP2CB
562,BMPR2,4760,PRMT1
562,BMPR2,5102,RGMA
562,BMPR2,5103,RGMB
562,BMPR2,5715,SMURF1
562,BMPR2,5716,SMURF2
563,BMX,600,BTK
563,BMX,715,CASP3
563,BMX,2783,IGF1R
563,BMX,2909,INSR
563,BMX,2973,ITK
563,BMX,4475,PIM1
563,BMX,4854,PTK2
563,BMX,4887,PTPRG
563,BMX,5316,RUFY1
563,BMX,5827,SRC
563,BMX,6074,TEC
564,BNC1,4450,PICK1
564,BNC1,4738,PRKCA
565,BNIP1,5205,RNF185
565,BNIP1,5826,SQSTM1
566,BNIP2,905,CDC42
566,BNIP2,980,CDON
567,BNIP3,2581,HIF1A
567,BNIP3,4729,PRKACA
567,BNIP3,5117,RHEB
568,BNIP3L,2147,FOXO3
568,BNIP3L,2200,GABARAPL1
568,BNIP3L,5786,SP1
568,BNIP3L,6275,TP53
569,BOC,1519,DHH
569,BOC,2799,IHH
569,BOC,2810,IL12B
569,BOC,3268,LILRA6
569,BOC,3378,LTF
569,BOC,5535,SHH
569,BOC,5554,SIGLEC7
569,BOC,5556,SIGLEC9
570,BPHL,2630,HNF4A
571,BPI,5596,SLAMF9
571,BPI,5803,SPI1
572,BPTF,946,CDK1
572,BPTF,2477,GSK3B
572,BPTF,3476,MAPK8
572,BPTF,5283,RPS6KA3
573,BRAF,1723,EEF1A2
573,BRAF,2682,HRAS
573,BRAF,3169,KRAS
573,BRAF,3437,MAP2K1
573,BRAF,3438,MAP2K2
573,BRAF,3458,MAP4K1
573,BRAF,3465,MAPK1
573,BRAF,3472,MAPK3
573,BRAF,3802,NANOG
573,BRAF,4037,NRAS
573,BRAF,4179,PAK1
573,BRAF,4358,PEBP1
573,BRAF,4478,PIN1
573,BRAF,4726,PRKAA1
573,BRAF,4729,PRKACA
573,BRAF,4739,PRKCB
573,BRAF,4752,PRKG1
573,BRAF,4761,PRMT5
573,BRAF,5000,RAP1A
573,BRAF,5001,RAP1B
573,BRAF,5117,RHEB
573,BRAF,5147,RIT1
573,BRAF,5188,RNF149
573,BRAF,5283,RPS6KA3
573,BRAF,5498,SGK1
573,BRAF,5499,SGK2
573,BRAF,5500,SGK3
573,BRAF,5664,SLC9A1
573,BRAF,6457,TTK
573,BRAF,6762,YWHAH
574,BRAP,893,CDC14A
574,BRAP,3179,KSR1
574,BRAP,6513,UBE2I
574,BRAP,6587,USP15
574,BRAP,6601,USP4
575,BRCA1,583,BRIP1
575,BRCA1,715,CASP3
575,BRCA1,946,CDK1
575,BRCA1,956,CDK2
575,BRCA1,960,CDK4
575,BRCA1,1066,CHEK2
575,BRCA1,1324,CSNK2A1
575,BRCA1,1326,CSNK2B
575,BRCA1,1689,E2F1
575,BRCA1,1694,E2F6
575,BRCA1,1798,ELAVL1
575,BRCA1,1925,EZH2
575,BRCA1,1965,FANCD2
575,BRCA1,2000,FBXO44
575,BRCA1,2157,FRK
575,BRCA1,2219,GADD45A
575,BRCA1,2477,GSK3B
575,BRCA1,2550,HDLBP
575,BRCA1,3302,LMO4
575,BRCA1,3502,MAT1A
575,BRCA1,3543,MCPH1
575,BRCA1,3708,MTA1
575,BRCA1,3890,NFE2L2
575,BRCA1,4185,PALB2
575,BRCA1,4448,PIAS4
575,BRCA1,4660,PPP1CA
575,BRCA1,4738,PRKCA
575,BRCA1,4751,PRKDC
575,BRCA1,4969,RAD50
575,BRCA1,5039,RBBP8
575,BRCA1,5780,SOX2
575,BRCA1,6508,UBE2D3
575,BRCA1,6513,UBE2I
575,BRCA1,6558,UIMC1
575,BRCA1,6824,ZNF350
576,BRCA2,946,CDK1
576,BRCA2,956,CDK2
576,BRCA2,1065,CHEK1
576,BRCA2,1066,CHEK2
576,BRCA2,1965,FANCD2
576,BRCA2,2144,FOXM1
576,BRCA2,3543,MCPH1
576,BRCA2,4185,PALB2
576,BRCA2,4556,PLK1
576,BRCA2,4602,POLH
576,BRCA2,4970,RAD51
577,BRD2,956,CDK2
577,BRD2,2477,GSK3B
577,BRD2,2539,HDAC11
577,BRD2,3470,MAPK14
577,BRD2,6277,TP53BP1
577,BRD2,6813,ZMYND8
578,BRD3,956,CDK2
578,BRD3,1320,CSNK1E
578,BRD3,1832,EP300
578,BRD3,2477,GSK3B
578,BRD3,5283,RPS6KA3
579,BRD4,956,CDK2
579,BRD4,968,CDK9
579,BRD4,1832,EP300
579,BRD4,3470,MAPK14
579,BRD4,3472,MAPK3
579,BRD4,3745,MYC
579,BRD4,4609,POLR2A
580,BRD7,1501,DENND4A
582,BRDT,1785,EIF4EBP1
583,BRIP1,2922,IRF1
583,BRIP1,3411,MAFG
583,BRIP1,5253,RPA1
583,BRIP1,6271,TOPBP1
584,BRMS1,1324,CSNK2A1
584,BRMS1,1832,EP300
584,BRMS1,3065,KDM1A
584,BRMS1,5812,SPOP
585,BRS3,2470,GRP
585,BRS3,3947,NMB
586,BRSK1,685,CAMKK1
586,BRSK1,726,CAST
586,BRSK1,899,CDC25B
586,BRSK1,900,CDC25C
586,BRSK1,3487,MAPT
586,BRSK1,5899,STK11
586,BRSK1,6477,TUBG1
586,BRSK1,6686,WEE1
587,BRSK2,900,CDC25C
587,BRSK2,953,CDK16
587,BRSK2,3487,MAPT
587,BRSK2,4179,PAK1
587,BRSK2,4726,PRKAA1
587,BRSK2,4729,PRKACA
587,BRSK2,5899,STK11
587,BRSK2,6679,WDR45
587,BRSK2,6686,WEE1
588,BRWD1,3469,MAPK13
589,BSG,2181,FYN
589,BSG,3076,KDR
589,BSG,3869,NEK6
589,BSG,5430,SELE
589,BSG,5608,SLC16A1
589,BSG,5610,SLC16A7
590,BSN,956,CDK2
590,BSN,1317,CSNK1A1
590,BSN,1320,CSNK1E
590,BSN,2477,GSK3B
590,BSN,3472,MAPK3
590,BSN,3476,MAPK8
590,BSN,4739,PRKCB
590,BSN,4751,PRKDC
590,BSN,5283,RPS6KA3
590,BSN,5498,SGK1
591,BSPRY,6420,TRPV5
592,BST1,729,CAV1
593,BST2,3266,LILRA4
594,BTAF1,1319,CSNK1D
594,BTAF1,1618,DRAP1
594,BTAF1,6039,TBP
595,BTC,1746,EGFR
595,BTC,1870,ERBB2
595,BTC,1871,ERBB3
595,BTC,1872,ERBB4
596,BTF3,1852,EPHB2
596,BTF3,2223,GAL
597,BTG1,787,CCNA2
597,BTG1,956,CDK2
597,BTG1,2667,HOXB9
598,BTG2,791,CCND1
598,BTG2,2667,HOXB9
598,BTG2,3465,MAPK1
598,BTG2,3470,MAPK14
598,BTG2,3472,MAPK3
598,BTG2,3890,NFE2L2
598,BTG2,4367,PER1
598,BTG2,5014,RARA
598,BTG2,6275,TP53
599,BTG3,4368,PER2
600,BTK,824,CD19
600,BTK,1439,DAPP1
600,BTK,1486,DDX41
600,BTK,1600,DOK2
600,BTK,1743,EFS
600,BTK,1815,EMB
600,BTK,1862,EPOR
600,BTK,2494,GTF2I
600,BTK,2783,IGF1R
600,BTK,2803,IKZF1
600,BTK,2973,ITK
600,BTK,2990,JAK1
600,BTK,2991,JAK2
600,BTK,3216,LCK
600,BTK,3386,LYN
600,BTK,3898,NFKBIA
600,BTK,4458,PIK3AP1
600,BTK,4463,PIK3CA
600,BTK,4535,PLCG1
600,BTK,4536,PLCG2
600,BTK,4738,PRKCA
600,BTK,4739,PRKCB
600,BTK,4887,PTPRG
600,BTK,4912,PXN
600,BTK,5827,SRC
600,BTK,5887,STAT5A
600,BTK,5964,SYK
600,BTK,6074,TEC
600,BTK,6157,TIRAP
600,BTK,6216,TNFRSF10A
600,BTK,6668,WAS
601,BTLA,837,CD247
601,BTLA,841,CD276
601,BTLA,881,CD79A
601,BTLA,3216,LCK
601,BTLA,6225,TNFRSF14
601,BTLA,6664,VTCN1
602,BTN1A1,3862,NEGR1
603,BTN2A1,1954,FAM187B
604,BTN2A2,999,CEACAM8
605,BTN3A1,944,CDH9
605,BTN3A1,3265,LILRA3
605,BTN3A1,3349,LRRC4B
605,BTN3A1,3350,LRRC4C
605,BTN3A1,5867,ST14
605,BTN3A1,6120,TGOLN2
605,BTN3A1,6663,VSIG8
606,BTN3A2,3349,LRRC4B
606,BTN3A2,3378,LTF
606,BTN3A2,4473,PILRA
607,BTN3A3,2521,HAVCR1
607,BTN3A3,3349,LRRC4B
607,BTN3A3,3378,LTF
608,BTNL8,2019,FCGR2A
608,BTNL8,2383,GP6
608,BTNL8,3263,LILRA1
608,BTNL8,3265,LILRA3
608,BTNL8,3269,LILRB1
608,BTNL8,3270,LILRB2
608,BTNL8,3271,LILRB3
608,BTNL8,5553,SIGLEC6
609,BTNL9,2874,IL6R
609,BTNL9,3330,LRFN5
610,BTRC,898,CDC25A
610,BTRC,1348,CTNNB1
610,BTRC,1925,EZH2
610,BTRC,2002,FBXO5
610,BTRC,2318,GLI1
610,BTRC,2319,GLI2
610,BTRC,2320,GLI3
610,BTRC,2322,GLIS2
610,BTRC,2785,IGF2BP1
610,BTRC,3246,LGI3
610,BTRC,3898,NFKBIA
610,BTRC,4300,PDCD4
610,BTRC,4367,PER1
610,BTRC,4726,PRKAA1
610,BTRC,5002,RAP1GAP
610,BTRC,5687,SMAD3
610,BTRC,5688,SMAD4
610,BTRC,6686,WEE1
610,BTRC,6750,YAP1
611,BUB1,613,BUB3
611,BUB1,896,CDC20
611,BUB1,946,CDK1
611,BUB1,1013,CENPE
611,BUB1,3399,MAD1L1
611,BUB1,3400,MAD2L1
611,BUB1,4556,PLK1
611,BUB1,5705,SMC1A
612,BUB1B,896,CDC20
612,BUB1B,946,CDK1
612,BUB1B,1013,CENPE
612,BUB1B,3013,KAT2B
612,BUB1B,4556,PLK1
612,BUB1B,6457,TTK
613,BUB3,2477,GSK3B
613,BUB3,3470,MAPK14
613,BUB3,3476,MAPK8
614,BVES,6618,VAMP3
615,BZW2,1769,EIF2S1
615,BZW2,1772,EIF3A
616,C1D,4018,NR1D1
617,C1QA,619,C1QBP
617,C1QA,851,CD33
617,C1QA,890,CD93
617,C1QA,1252,CR1
617,C1QA,1253,CR1L
617,C1QA,1327,CSPG4
617,C1QA,4752,PRKG1
618,C1QB,619,C1QBP
618,C1QB,851,CD33
618,C1QB,3335,LRP1
618,C1QB,3514,MBL2
619,C1QBP,620,C1QC
619,C1QBP,3172,KRT1
619,C1QBP,3642,MMP14
622,C1QTNF5,3596,MFRP
623,C1R,1324,CSNK2A1
623,C1R,1325,CSNK2A2
624,C1RL,2678,HP
625,C2,3496,MASP1
625,C2,3497,MASP2
626,C3,627,C3AR1
626,C3,824,CD19
626,C3,863,CD46
626,C3,884,CD81
626,C3,1039,CFH
626,C3,1040,CFHR1
626,C3,1041,CFI
626,C3,1252,CR1
626,C3,1253,CR1L
626,C3,1254,CR2
626,C3,1314,CSMD1
626,C3,1358,CTSG
626,C3,2467,GRM7
626,C3,2755,IFITM1
626,C3,2959,ITGAM
626,C3,2961,ITGAX
626,C3,2964,ITGB2
626,C3,3335,LRP1
626,C3,3717,MTNR1A
626,C3,4049,NRP1
627,C3AR1,628,C4A
628,C4A,863,CD46
628,C4A,1252,CR1
628,C4A,1254,CR2
628,C4A,3496,MASP1
628,C4A,3497,MASP2
628,C4A,4049,NRP1
629,C4B,863,CD46
629,C4B,1252,CR1
629,C4B,1314,CSMD1
629,C4B,3496,MASP1
629,C4B,3497,MASP2
630,C4BPA,860,CD40
630,C4BPA,3335,LRP1
631,C5,632,C5AR1
631,C5,2467,GRM7
631,C5,3717,MTNR1A
632,C5AR1,2117,FN1
632,C5AR1,2349,GNAI2
632,C5AR1,4730,PRKACB
632,C5AR1,4738,PRKCA
632,C5AR1,4739,PRKCB
632,C5AR1,4740,PRKCD
632,C5AR1,5274,RPS19
633,C9orf72,4934,RAB1A
634,C9orf78,1153,CLK1
634,C9orf78,1319,CSNK1D
634,C9orf78,4856,PTK6
634,C9orf78,5285,RPS6KA5
634,C9orf78,5498,SGK1
635,CA12,5553,SIGLEC6
638,CA9,4729,PRKACA
639,CABIN1,692,CAPN1
639,CABIN1,4701,PPP3R1
640,CABLES1,794,CCNE1
640,CABLES1,959,CDK3
641,CABP1,680,CAMK2A
641,CABP1,1324,CSNK2A1
641,CABP1,1325,CSNK2A2
641,CABP1,6406,TRPC5
642,CABP2,3954,NMT1
643,CABYR,2477,GSK3B
644,CACNA1A,1451,DCC
644,CACNA1A,2359,GNB2
644,CACNA1A,4729,PRKACA
645,CACNA1B,680,CAMK2A
645,CACNA1B,1579,DNAJC5
645,CACNA1B,2359,GNB2
645,CACNA1B,3465,MAPK1
645,CACNA1B,3472,MAPK3
645,CACNA1B,4729,PRKACA
645,CACNA1B,4738,PRKCA
645,CACNA1B,5929,STX3
646,CACNA1C,670,CALM1
646,CACNA1C,671,CALM2
646,CACNA1C,672,CALM3
646,CACNA1C,961,CDK5
646,CACNA1C,1451,DCC
646,CACNA1C,2181,FYN
646,CACNA1C,3812,NCAM1
646,CACNA1C,4696,PPP2R5C
646,CACNA1C,4701,PPP3R1
646,CACNA1C,4729,PRKACA
646,CACNA1C,4730,PRKACB
646,CACNA1C,4738,PRKCA
646,CACNA1C,4748,PRKD1
646,CACNA1C,5134,RIMS1
646,CACNA1C,5283,RPS6KA3
646,CACNA1C,5827,SRC
646,CACNA1C,5977,SYT1
647,CACNA1D,1451,DCC
647,CACNA1D,4729,PRKACA
647,CACNA1D,5134,RIMS1
647,CACNA1D,5135,RIMS2
647,CACNA1D,5136,RIMS3
648,CACNA1E,956,CDK2
648,CACNA1E,2477,GSK3B
648,CACNA1E,3469,MAPK13
648,CACNA1E,5977,SYT1
649,CACNA1G,946,CDK1
650,CACNA1H,680,CAMK2A
650,CACNA1H,4729,PRKACA
650,CACNA1H,5393,SCNN1A
650,CACNA1H,5394,SCNN1B
650,CACNA1H,5395,SCNN1G
651,CACNA1S,680,CAMK2A
651,CACNA1S,1324,CSNK2A1
651,CACNA1S,1326,CSNK2B
651,CACNA1S,4729,PRKACA
651,CACNA1S,4751,PRKDC
651,CACNA1S,4752,PRKG1
651,CACNA1S,5283,RPS6KA3
652,CACNB1,3465,MAPK1
652,CACNB1,3472,MAPK3
653,CACNB2,682,CAMK2D
653,CACNB2,946,CDK1
653,CACNB2,2273,GEM
653,CACNB2,4729,PRKACA
653,CACNB2,4739,PRKCB
653,CACNB2,4751,PRKDC
654,CACNB4,946,CDK1
654,CACNB4,1319,CSNK1D
654,CACNB4,2477,GSK3B
654,CACNB4,3476,MAPK8
655,CACNG2,946,CDK1
655,CACNG2,2477,GSK3B
655,CACNG2,3465,MAPK1
655,CACNG2,3470,MAPK14
655,CACNG2,3480,MAPK9
655,CACNG2,4729,PRKACA
656,CAD,3465,MAPK1
656,CAD,3472,MAPK3
656,CAD,3481,MAPKAPK2
656,CAD,4660,PPP1CA
656,CAD,4661,PPP1CB
656,CAD,4662,PPP1CC
656,CAD,4684,PPP2CA
656,CAD,4685,PPP2CB
656,CAD,4729,PRKACA
656,CAD,5287,RPS6KB1
657,CADM1,658,CADM2
657,CADM1,659,CADM3
657,CADM1,1280,CRTAM
657,CADM1,1871,ERBB3
657,CADM1,4867,PTPN13
658,CADM2,659,CADM3
658,CADM2,660,CADM4
659,CADM3,660,CADM4
659,CADM3,2861,IL2RG
659,CADM3,2889,IMPG2
659,CADM3,4357,PEAR1
659,CADM3,4759,PRLR
660,CADM4,1871,ERBB3
660,CADM4,3413,MAG
660,CADM4,4783,PRRG4
660,CADM4,5413,SDK2
661,CADPS,5723,SNAP25
661,CADPS,5928,STX1A
661,CADPS,6617,VAMP2
662,CADPS2,5723,SNAP25
662,CADPS2,5928,STX1A
662,CADPS2,6617,VAMP2
663,CALB1,6420,TRPV5
664,CALCA,667,CALCR
664,CALCA,668,CALCRL
664,CALCA,1455,DCLK3
664,CALCA,2411,GPR20
664,CALCA,2422,GPR84
664,CALCA,4850,PTH1R
664,CALCA,4991,RAMP1
664,CALCA,4992,RAMP2
664,CALCA,4993,RAMP3
664,CALCA,6428,TSHR
664,CALCA,6646,VIPR1
665,CALCB,667,CALCR
665,CALCB,668,CALCRL
665,CALCB,2411,GPR20
665,CALCB,2422,GPR84
665,CALCB,4850,PTH1R
665,CALCB,4991,RAMP1
665,CALCB,4992,RAMP2
665,CALCB,4993,RAMP3
665,CALCB,6428,TSHR
665,CALCB,6646,VIPR1
666,CALCOCO1,4445,PIAS1
667,CALCR,670,CALM1
667,CALCR,2732,IAPP
667,CALCR,3514,MBL2
669,CALD1,680,CAMK2A
669,CALD1,946,CDK1
669,CALD1,956,CDK2
669,CALD1,965,CDK6
669,CALD1,2477,GSK3B
669,CALD1,2909,INSR
669,CALD1,3465,MAPK1
669,CALD1,3470,MAPK14
669,CALD1,3472,MAPK3
669,CALD1,3476,MAPK8
669,CALD1,3765,MYLK
669,CALD1,4181,PAK2
669,CALD1,4182,PAK3
669,CALD1,4730,PRKACB
669,CALD1,4738,PRKCA
670,CALM1,680,CAMK2A
670,CALM1,684,CAMK4
670,CALM1,685,CAMKK1
670,CALM1,686,CAMKK2
670,CALM1,1170,CNGA2
670,CALM1,1267,CRHR1
670,CALM1,1324,CSNK2A1
670,CALM1,1436,DAPK1
670,CALM1,1620,DRD2
670,CALM1,1728,EEF2K
670,CALM1,1746,EGFR
670,CALM1,1974,FAS
670,CALM1,2273,GEM
670,CALM1,2326,GLP1R
670,CALM1,2327,GLP2R
670,CALM1,2383,GP6
670,CALM1,2450,GRIN2A
670,CALM1,2463,GRM3
670,CALM1,2464,GRM4
670,CALM1,2465,GRM5
670,CALM1,2467,GRM7
670,CALM1,2624,HMMR
670,CALM1,2720,HTR2C
670,CALM1,2909,INSR
670,CALM1,2914,IQGAP1
670,CALM1,2980,ITPR1
670,CALM1,3054,KCNN4
670,CALM1,3055,KCNQ1
670,CALM1,3057,KCNQ3
670,CALM1,3059,KCNQ5
670,CALM1,3089,KIF1A
670,CALM1,3488,MARCKS
670,CALM1,3614,MIP
670,CALM1,3765,MYLK
670,CALM1,3766,MYLK2
670,CALM1,3968,NOS1
670,CALM1,3970,NOS3
670,CALM1,4037,NRAS
670,CALM1,4123,OPRM1
670,CALM1,4307,PDE1A
670,CALM1,4308,PDE1B
670,CALM1,4309,PDE1C
670,CALM1,4531,PLCB1
670,CALM1,4698,PPP3CA
670,CALM1,4699,PPP3CB
670,CALM1,4700,PPP3CC
670,CALM1,4701,PPP3R1
670,CALM1,4852,PTH2R
670,CALM1,4880,PTPRA
670,CALM1,4941,RAB3A
670,CALM1,4960,RAC1
670,CALM1,5025,RASGRF1
670,CALM1,5137,RIN1
670,CALM1,5148,RIT2
670,CALM1,5331,RYR1
670,CALM1,5332,RYR2
670,CALM1,5381,SCN10A
670,CALM1,5389,SCN4A
670,CALM1,5391,SCN8A
670,CALM1,5399,SCTR
670,CALM1,5431,SELL
670,CALM1,5823,SPTBN2
670,CALM1,6402,TRPC1
670,CALM1,6403,TRPC3
670,CALM1,6406,TRPC5
670,CALM1,6407,TRPC6
670,CALM1,6410,TRPM2
670,CALM1,6412,TRPM4
670,CALM1,6417,TRPV1
670,CALM1,6419,TRPV4
670,CALM1,6420,TRPV5
670,CALM1,6421,TRPV6
670,CALM1,6565,UNC13B
670,CALM1,6622,VAPA
670,CALM1,6646,VIPR1
671,CALM2,680,CAMK2A
671,CALM2,684,CAMK4
671,CALM2,685,CAMKK1
671,CALM2,686,CAMKK2
671,CALM2,1324,CSNK2A1
671,CALM2,1325,CSNK2A2
671,CALM2,1436,DAPK1
671,CALM2,1620,DRD2
671,CALM2,1728,EEF2K
671,CALM2,1746,EGFR
671,CALM2,2273,GEM
671,CALM2,2383,GP6
671,CALM2,2450,GRIN2A
671,CALM2,2465,GRM5
671,CALM2,2467,GRM7
671,CALM2,2909,INSR
671,CALM2,2914,IQGAP1
671,CALM2,2980,ITPR1
671,CALM2,3055,KCNQ1
671,CALM2,3057,KCNQ3
671,CALM2,3059,KCNQ5
671,CALM2,3089,KIF1A
671,CALM2,3488,MARCKS
671,CALM2,3765,MYLK
671,CALM2,3766,MYLK2
671,CALM2,3968,NOS1
671,CALM2,3970,NOS3
671,CALM2,4037,NRAS
671,CALM2,4307,PDE1A
671,CALM2,4308,PDE1B
671,CALM2,4309,PDE1C
671,CALM2,4531,PLCB1
671,CALM2,4698,PPP3CA
671,CALM2,4699,PPP3CB
671,CALM2,4700,PPP3CC
671,CALM2,4701,PPP3R1
671,CALM2,4941,RAB3A
671,CALM2,4960,RAC1
671,CALM2,5025,RASGRF1
671,CALM2,5137,RIN1
671,CALM2,5148,RIT2
671,CALM2,5331,RYR1
671,CALM2,5381,SCN10A
671,CALM2,5389,SCN4A
671,CALM2,5391,SCN8A
671,CALM2,5431,SELL
671,CALM2,5823,SPTBN2
671,CALM2,6402,TRPC1
671,CALM2,6403,TRPC3
671,CALM2,6406,TRPC5
671,CALM2,6407,TRPC6
671,CALM2,6410,TRPM2
671,CALM2,6412,TRPM4
671,CALM2,6417,TRPV1
671,CALM2,6419,TRPV4
671,CALM2,6420,TRPV5
671,CALM2,6421,TRPV6
671,CALM2,6565,UNC13B
671,CALM2,6622,VAPA
672,CALM3,680,CAMK2A
672,CALM3,684,CAMK4
672,CALM3,685,CAMKK1
672,CALM3,686,CAMKK2
672,CALM3,1436,DAPK1
672,CALM3,1620,DRD2
672,CALM3,1728,EEF2K
672,CALM3,1746,EGFR
672,CALM3,1897,ESR1
672,CALM3,2273,GEM
672,CALM3,2383,GP6
672,CALM3,2450,GRIN2A
672,CALM3,2465,GRM5
672,CALM3,2467,GRM7
672,CALM3,2909,INSR
672,CALM3,2914,IQGAP1
672,CALM3,2980,ITPR1
672,CALM3,3055,KCNQ1
672,CALM3,3057,KCNQ3
672,CALM3,3059,KCNQ5
672,CALM3,3089,KIF1A
672,CALM3,3488,MARCKS
672,CALM3,3765,MYLK
672,CALM3,3766,MYLK2
672,CALM3,3968,NOS1
672,CALM3,3970,NOS3
672,CALM3,4037,NRAS
672,CALM3,4307,PDE1A
672,CALM3,4308,PDE1B
672,CALM3,4309,PDE1C
672,CALM3,4531,PLCB1
672,CALM3,4698,PPP3CA
672,CALM3,4699,PPP3CB
672,CALM3,4700,PPP3CC
672,CALM3,4701,PPP3R1
672,CALM3,4941,RAB3A
672,CALM3,4960,RAC1
672,CALM3,5025,RASGRF1
672,CALM3,5137,RIN1
672,CALM3,5148,RIT2
672,CALM3,5331,RYR1
672,CALM3,5332,RYR2
672,CALM3,5381,SCN10A
672,CALM3,5389,SCN4A
672,CALM3,5391,SCN8A
672,CALM3,5431,SELL
672,CALM3,5823,SPTBN2
672,CALM3,6402,TRPC1
672,CALM3,6403,TRPC3
672,CALM3,6406,TRPC5
672,CALM3,6407,TRPC6
672,CALM3,6410,TRPM2
672,CALM3,6412,TRPM4
672,CALM3,6417,TRPV1
672,CALM3,6419,TRPV4
672,CALM3,6420,TRPV5
672,CALM3,6421,TRPV6
672,CALM3,6565,UNC13B
672,CALM3,6622,VAPA
673,CALML3,3055,KCNQ1
674,CALR,2613,HLA-F
674,CALR,2948,ITGA2B
674,CALR,2949,ITGA3
674,CALR,2960,ITGAV
674,CALR,3335,LRP1
674,CALR,3514,MBL2
674,CALR,3671,MPL
674,CALR,3717,MTNR1A
674,CALR,4330,PDIA3
674,CALR,4333,PDIA6
674,CALR,5371,SCARF1
674,CALR,6018,TAP1
674,CALR,6019,TAP2
674,CALR,6020,TAPBP
674,CALR,6428,TSHR
675,CALU,1324,CSNK2A1
675,CALU,2287,GGCX
676,CALY,4738,PRKCA
677,CAMK1,678,CAMK1D
677,CAMK1,679,CAMK1G
677,CAMK1,684,CAMK4
677,CAMK1,685,CAMKK1
677,CAMK1,686,CAMKK2
677,CAMK1,971,CDKN1B
677,CAMK1,1259,CREB1
677,CAMK1,1583,DNM1L
677,CAMK1,1791,EIF4G3
677,CAMK1,1832,EP300
677,CAMK1,1984,FBXL12
677,CAMK1,2257,GCM1
677,CAMK1,2542,HDAC4
677,CAMK1,2543,HDAC5
677,CAMK1,3174,KRT18
677,CAMK1,3289,LIPE
677,CAMK1,3492,MARK2
677,CAMK1,3763,MYL9
677,CAMK1,3968,NOS1
677,CAMK1,4087,NUMB
677,CAMK1,4560,PLN
677,CAMK1,4652,PPM1F
677,CAMK1,4659,PPME1
677,CAMK1,4684,PPP2CA
677,CAMK1,4685,PPP2CB
677,CAMK1,4696,PPP2R5C
677,CAMK1,5274,RPS19
677,CAMK1,5557,SIK1
677,CAMK1,5966,SYN1
678,CAMK1D,685,CAMKK1
678,CAMK1D,686,CAMKK2
678,CAMK1D,968,CDK9
678,CAMK1D,1832,EP300
678,CAMK1D,5283,RPS6KA3
679,CAMK1G,1791,EIF4G3
679,CAMK1G,1832,EP300
680,CAMK2A,684,CAMK4
680,CAMK2A,700,CARD11
680,CAMK2A,862,CD44
680,CAMK2A,1001,CEBPB
680,CAMK2A,1043,CFL2
680,CAMK2A,1056,CHAT
680,CAMK2A,1121,CLCN3
680,CAMK2A,1259,CREB1
680,CAMK2A,1320,CSNK1E
680,CAMK2A,1405,CYLD
680,CAMK2A,1546,DLG1
680,CAMK2A,1549,DLG4
680,CAMK2A,1621,DRD3
680,CAMK2A,1746,EGFR
680,CAMK2A,1870,ERBB2
680,CAMK2A,1903,ETS1
680,CAMK2A,1904,ETS2
680,CAMK2A,1999,FBXO43
680,CAMK2A,2101,FLNA
680,CAMK2A,2202,GABBR1
680,CAMK2A,2213,GABRB1
680,CAMK2A,2215,GABRG2
680,CAMK2A,2276,GFAP
680,CAMK2A,2279,GFPT1
680,CAMK2A,2325,GLO1
680,CAMK2A,2369,GNRH1
680,CAMK2A,2442,GRIA1
680,CAMK2A,2445,GRIA4
680,CAMK2A,2450,GRIN2A
680,CAMK2A,2451,GRIN2B
680,CAMK2A,2648,HOMER3
680,CAMK2A,2684,HRH1
680,CAMK2A,2691,HSF1
680,CAMK2A,2875,IL6ST
680,CAMK2A,2926,IRF3
680,CAMK2A,2962,ITGB1
680,CAMK2A,2963,ITGB1BP1
680,CAMK2A,2978,ITPKA
680,CAMK2A,3030,KCND2
680,CAMK2A,3039,KCNJ11
680,CAMK2A,3100,KIF3A
680,CAMK2A,3174,KRT18
680,CAMK2A,3177,KRT8
680,CAMK2A,3289,LIPE
680,CAMK2A,3352,LRRC7
680,CAMK2A,3436,MAP2
680,CAMK2A,3487,MAPT
680,CAMK2A,3783,MYOG
680,CAMK2A,3786,MYRIP
680,CAMK2A,3835,NCOR2
680,CAMK2A,3968,NOS1
680,CAMK2A,3980,NOX5
680,CAMK2A,4019,NR1H2
680,CAMK2A,4022,NR1I2
680,CAMK2A,4123,OPRM1
680,CAMK2A,4295,PDC
680,CAMK2A,4356,PEA15
680,CAMK2A,4519,PLA2G4A
680,CAMK2A,4533,PLCB3
680,CAMK2A,4541,PLEC
680,CAMK2A,4560,PLN
680,CAMK2A,4652,PPM1F
680,CAMK2A,4660,PPP1CA
680,CAMK2A,4661,PPP1CB
680,CAMK2A,4662,PPP1CC
680,CAMK2A,4669,PPP1R14A
680,CAMK2A,4684,PPP2CA
680,CAMK2A,4685,PPP2CB
680,CAMK2A,4689,PPP2R2B
680,CAMK2A,4696,PPP2R5C
680,CAMK2A,4738,PRKCA
680,CAMK2A,4739,PRKCB
680,CAMK2A,4854,PTK2
680,CAMK2A,4880,PTPRA
680,CAMK2A,4900,PTTG1
680,CAMK2A,4923,QDPR
680,CAMK2A,5025,RASGRF1
680,CAMK2A,5065,RCHY1
680,CAMK2A,5134,RIMS1
680,CAMK2A,5261,RPH3A
680,CAMK2A,5331,RYR1
680,CAMK2A,5332,RYR2
680,CAMK2A,5390,SCN5A
680,CAMK2A,5391,SCN8A
680,CAMK2A,5616,SLC1A3
680,CAMK2A,5658,SLC6A4
680,CAMK2A,5680,SLN
680,CAMK2A,5686,SMAD2
680,CAMK2A,5824,SPTBN4
680,CAMK2A,5832,SRF
680,CAMK2A,5913,STMN1
680,CAMK2A,5929,STX3
680,CAMK2A,5966,SYN1
680,CAMK2A,5970,SYNGAP1
680,CAMK2A,5977,SYT1
680,CAMK2A,6047,TCAP
680,CAMK2A,6122,TH
680,CAMK2A,6143,TIAM1
680,CAMK2A,6644,VIM
680,CAMK2A,6656,VPS72
680,CAMK2A,6759,YWHAB
681,CAMK2B,683,CAMK2G
681,CAMK2B,1001,CEBPB
681,CAMK2B,1043,CFL2
681,CAMK2B,1208,COL4A3
681,CAMK2B,1259,CREB1
681,CAMK2B,1348,CTNNB1
681,CAMK2B,1405,CYLD
681,CAMK2B,1546,DLG1
681,CAMK2B,1551,DLGAP1
681,CAMK2B,1903,ETS1
681,CAMK2B,2101,FLNA
681,CAMK2B,2276,GFAP
681,CAMK2B,2369,GNRH1
681,CAMK2B,2442,GRIA1
681,CAMK2B,2450,GRIN2A
681,CAMK2B,2451,GRIN2B
681,CAMK2B,2476,GSK3A
681,CAMK2B,2691,HSF1
681,CAMK2B,3030,KCND2
681,CAMK2B,3174,KRT18
681,CAMK2B,3177,KRT8
681,CAMK2B,3765,MYLK
681,CAMK2B,4356,PEA15
681,CAMK2B,4519,PLA2G4A
681,CAMK2B,4533,PLCB3
681,CAMK2B,4560,PLN
681,CAMK2B,4669,PPP1R14A
681,CAMK2B,4684,PPP2CA
681,CAMK2B,4685,PPP2CB
681,CAMK2B,4726,PRKAA1
681,CAMK2B,4923,QDPR
681,CAMK2B,5686,SMAD2
681,CAMK2B,5883,STAT1
681,CAMK2B,5913,STMN1
681,CAMK2B,6122,TH
681,CAMK2B,6656,VPS72
682,CAMK2D,956,CDK2
682,CAMK2D,989,CEACAM1
682,CAMK2D,1001,CEBPB
682,CAMK2D,1043,CFL2
682,CAMK2D,1259,CREB1
682,CAMK2D,1265,CREM
682,CAMK2D,1546,DLG1
682,CAMK2D,2101,FLNA
682,CAMK2D,2276,GFAP
682,CAMK2D,2442,GRIA1
682,CAMK2D,2477,GSK3B
682,CAMK2D,2542,HDAC4
682,CAMK2D,2543,HDAC5
682,CAMK2D,2691,HSF1
682,CAMK2D,2981,ITPR2
682,CAMK2D,3030,KCND2
682,CAMK2D,3039,KCNJ11
682,CAMK2D,3055,KCNQ1
682,CAMK2D,3174,KRT18
682,CAMK2D,3177,KRT8
682,CAMK2D,3480,MAPK9
682,CAMK2D,4356,PEA15
682,CAMK2D,4533,PLCB3
682,CAMK2D,4560,PLN
682,CAMK2D,4669,PPP1R14A
682,CAMK2D,4739,PRKCB
682,CAMK2D,4923,QDPR
682,CAMK2D,5287,RPS6KB1
682,CAMK2D,5332,RYR2
682,CAMK2D,5390,SCN5A
682,CAMK2D,5855,SSH1
682,CAMK2D,6122,TH
682,CAMK2D,6287,TPD52
682,CAMK2D,6459,TTN
682,CAMK2D,6644,VIM
682,CAMK2D,6656,VPS72
682,CAMK2D,6759,YWHAB
683,CAMK2G,956,CDK2
683,CAMK2G,1001,CEBPB
683,CAMK2G,1043,CFL2
683,CAMK2G,1056,CHAT
683,CAMK2G,1259,CREB1
683,CAMK2G,1265,CREM
683,CAMK2G,1339,CTDSPL
683,CAMK2G,1427,DAB2
683,CAMK2G,1546,DLG1
683,CAMK2G,1746,EGFR
683,CAMK2G,2101,FLNA
683,CAMK2G,2276,GFAP
683,CAMK2G,2442,GRIA1
683,CAMK2G,2445,GRIA4
683,CAMK2G,2477,GSK3B
683,CAMK2G,2543,HDAC5
683,CAMK2G,2691,HSF1
683,CAMK2G,3030,KCND2
683,CAMK2G,3174,KRT18
683,CAMK2G,3177,KRT8
683,CAMK2G,3455,MAP3K7
683,CAMK2G,3469,MAPK13
683,CAMK2G,3765,MYLK
683,CAMK2G,3835,NCOR2
683,CAMK2G,4356,PEA15
683,CAMK2G,4533,PLCB3
683,CAMK2G,4660,PPP1CA
683,CAMK2G,4661,PPP1CB
683,CAMK2G,4662,PPP1CC
683,CAMK2G,4669,PPP1R14A
683,CAMK2G,4684,PPP2CA
683,CAMK2G,4685,PPP2CB
683,CAMK2G,4730,PRKACB
683,CAMK2G,4738,PRKCA
683,CAMK2G,4923,QDPR
683,CAMK2G,5014,RARA
683,CAMK2G,5283,RPS6KA3
683,CAMK2G,5292,RRAD
683,CAMK2G,5331,RYR1
683,CAMK2G,5814,SPR
683,CAMK2G,5883,STAT1
683,CAMK2G,5885,STAT3
683,CAMK2G,5966,SYN1
683,CAMK2G,6122,TH
683,CAMK2G,6656,VPS72
684,CAMK4,685,CAMKK1
684,CAMK4,686,CAMKK2
684,CAMK4,1259,CREB1
684,CAMK4,1264,CREBBP
684,CAMK4,1265,CREM
684,CAMK4,1832,EP300
684,CAMK4,2542,HDAC4
684,CAMK4,2543,HDAC5
684,CAMK4,2642,HNRNPL
684,CAMK4,3174,KRT18
684,CAMK4,3277,LIMK1
684,CAMK4,3968,NOS1
684,CAMK4,3976,NOVA2
684,CAMK4,4408,PHB2
684,CAMK4,4560,PLN
684,CAMK4,4651,PPM1E
684,CAMK4,4652,PPM1F
684,CAMK4,4684,PPP2CA
684,CAMK4,4685,PPP2CB
684,CAMK4,4696,PPP2R5C
684,CAMK4,4701,PPP3R1
684,CAMK4,5814,SPR
684,CAMK4,5913,STMN1
684,CAMK4,5966,SYN1
685,CAMKK1,1277,CRMP1
685,CAMKK1,4205,PASK
685,CAMKK1,4726,PRKAA1
685,CAMKK1,4729,PRKACA
685,CAMKK1,4730,PRKACB
686,CAMKK2,961,CDK5
686,CAMKK2,1436,DAPK1
686,CAMKK2,1437,DAPK2
686,CAMKK2,1438,DAPK3
686,CAMKK2,2476,GSK3A
686,CAMKK2,2477,GSK3B
686,CAMKK2,4726,PRKAA1
686,CAMKK2,4727,PRKAA2
686,CAMKK2,4729,PRKACA
686,CAMKK2,4732,PRKAG1
686,CAMKK2,5283,RPS6KA3
686,CAMKK2,5572,SIRT1
687,CAMP,1746,EGFR
687,CAMP,2153,FPR2
687,CAMP,2783,IGF1R
687,CAMP,4152,P2RX7
687,CAMP,4729,PRKACA
687,CAMP,4730,PRKACB
687,CAMP,4731,PRKACG
687,CAMP,4755,PRKX
688,CAND1,1367,CUL1
688,CAND1,1370,CUL4A
688,CAND1,3077,KEAP1
689,CAND2,6527,UBE3C
690,CANX,946,CDK1
690,CANX,1324,CSNK2A1
690,CANX,1325,CSNK2A2
690,CANX,2477,GSK3B
690,CANX,2598,HLA-B
690,CANX,3470,MAPK14
690,CANX,3472,MAPK3
690,CANX,4698,PPP3CA
690,CANX,4699,PPP3CB
690,CANX,4700,PPP3CC
690,CANX,4751,PRKDC
691,CAP1,2477,GSK3B
691,CAP1,5086,RETN
692,CAPN1,713,CASP14
692,CAPN1,726,CAST
692,CAPN1,735,CBL
692,CAPN1,962,CDK5R1
692,CAPN1,1317,CSNK1A1
692,CAPN1,1362,CTTN
692,CAPN1,1926,EZR
692,CAPN1,1933,F2R
692,CAPN1,1934,F2RL1
692,CAPN1,2101,FLNA
692,CAPN1,2442,GRIA1
692,CAPN1,2450,GRIN2A
692,CAPN1,2476,GSK3A
692,CAPN1,2477,GSK3B
692,CAPN1,2962,ITGB1
692,CAPN1,2965,ITGB3
692,CAPN1,3436,MAP2
692,CAPN1,3465,MAPK1
692,CAPN1,3487,MAPT
692,CAPN1,3488,MARCKS
692,CAPN1,4111,OGG1
692,CAPN1,4729,PRKACA
692,CAPN1,4738,PRKCA
692,CAPN1,4854,PTK2
692,CAPN1,4864,PTPN1
692,CAPN1,4877,PTPN6
692,CAPN1,4912,PXN
692,CAPN1,5120,RHOA
692,CAPN1,5283,RPS6KA3
692,CAPN1,5821,SPTAN1
692,CAPN1,5823,SPTBN2
692,CAPN1,5827,SRC
692,CAPN1,6171,TLN1
692,CAPN1,6262,TNS1
692,CAPN1,6275,TP53
692,CAPN1,6631,VCL
693,CAPN2,695,CAPNS1
693,CAPN2,722,CASP9
693,CAPN2,726,CAST
693,CAPN2,962,CDK5R1
693,CAPN2,1934,F2RL1
693,CAPN2,2476,GSK3A
693,CAPN2,2477,GSK3B
693,CAPN2,3465,MAPK1
693,CAPN2,3472,MAPK3
693,CAPN2,3487,MAPT
693,CAPN2,4729,PRKACA
694,CAPN3,726,CAST
694,CAPN3,962,CDK5R1
694,CAPN3,2476,GSK3A
694,CAPN3,2477,GSK3B
694,CAPN3,3487,MAPT
694,CAPN3,3745,MYC
694,CAPN3,3898,NFKBIA
696,CAPRIN1,2194,G3BP1
697,CAPRIN2,3344,LRP6
697,CAPRIN2,4149,OXT
698,CAPZA1,1324,CSNK2A1
698,CAPZA1,4475,PIM1
698,CAPZA1,5067,RCSD1
699,CAPZB,5246,ROCK2
700,CARD11,1317,CSNK1A1
700,CARD11,1612,DPP4
700,CARD11,2802,IKBKG
700,CARD11,3423,MALT1
700,CARD11,3458,MAP4K1
700,CARD11,4344,PDPK1
700,CARD11,4684,PPP2CA
700,CARD11,4685,PPP2CB
700,CARD11,4739,PRKCB
700,CARD11,4745,PRKCQ
701,CARD14,1783,EIF4E
701,CARD14,3465,MAPK1
701,CARD14,3470,MAPK14
702,CARD16,711,CASP1
703,CARD18,704,CARD8
703,CARD18,711,CASP1
703,CARD18,717,CASP5
703,CARD18,3941,NLRC4
703,CARD18,3942,NLRP1
703,CARD18,3943,NLRP2
703,CARD18,4913,PYCARD
704,CARD8,711,CASP1
704,CARD8,722,CASP9
705,CARD9,1324,CSNK2A1
705,CARD9,3470,MAPK14
705,CARD9,3476,MAPK8
705,CARD9,4740,PRKCD
705,CARD9,6642,VHL
706,CARHSP1,1685,DYRK2
706,CARHSP1,4745,PRKCQ
706,CARHSP1,5281,RPS6KA1
706,CARHSP1,5283,RPS6KA3
706,CARHSP1,5498,SGK1
707,CARM1,1264,CREBBP
707,CARM1,1317,CSNK1A1
707,CARM1,1348,CTNNB1
707,CARM1,1798,ELAVL1
707,CARM1,1801,ELAVL4
707,CARM1,1832,EP300
707,CARM1,3468,MAPK12
707,CARM1,3550,MDH1
707,CARM1,3564,MEF2A
707,CARM1,4165,PABPC1
707,CARM1,4213,PAX7
707,CARM1,4609,POLR2A
707,CARM1,4637,PPARG
707,CARM1,4729,PRKACA
707,CARM1,5077,RELB
707,CARM1,5317,RUNX1
707,CARM1,5701,SMARCC1
708,CASC3,5186,RNF146
708,CASC3,6252,TNKS
708,CASC3,6254,TNKS2
709,CASK,961,CDK5
709,CASK,1189,CNTNAP2
709,CASK,1190,CNTNAP4
709,CASK,1929,F11R
709,CASK,3115,KIRREL3
709,CASK,4053,NRXN1
709,CASK,4729,PRKACA
709,CASK,5403,SDC1
709,CASK,5404,SDC2
709,CASK,5405,SDC3
709,CASK,5406,SDC4
709,CASK,6040,TBR1
710,CASKIN1,946,CDK1
710,CASKIN1,956,CDK2
710,CASKIN1,1851,EPHB1
710,CASKIN1,2477,GSK3B
710,CASKIN1,3476,MAPK8
710,CASKIN1,4738,PRKCA
710,CASKIN1,5245,ROCK1
710,CASKIN1,5283,RPS6KA3
711,CASP1,716,CASP4
711,CASP1,717,CASP5
711,CASP1,719,CASP7
711,CASP1,1826,ENO1
711,CASP1,2059,FGF2
711,CASP1,2233,GAPDH
711,CASP1,2475,GSDMD
711,CASP1,2827,IL18
711,CASP1,2832,IL1A
711,CASP1,2833,IL1B
711,CASP1,2866,IL33
711,CASP1,3296,LMNA
711,CASP1,3855,NEDD4
711,CASP1,3941,NLRC4
711,CASP1,3942,NLRP1
711,CASP1,3943,NLRP2
711,CASP1,4179,PAK1
711,CASP1,4202,PARP1
711,CASP1,4795,PSEN1
711,CASP1,4796,PSEN2
711,CASP1,4913,PYCARD
711,CASP1,4914,PYDC1
711,CASP1,5468,SERPINB9
711,CASP1,5802,SPHK2
711,CASP1,5831,SREBF2
711,CASP1,5883,STAT1
711,CASP1,6275,TP53
711,CASP1,6291,TPI1
712,CASP10,715,CASP3
712,CASP10,719,CASP7
712,CASP10,1044,CFLAR
712,CASP10,1946,FADD
712,CASP10,5143,RIPK1
712,CASP10,6275,TP53
714,CASP2,715,CASP3
714,CASP2,720,CASP8
714,CASP2,1257,CRADD
714,CASP2,1324,CSNK2A1
714,CASP2,1403,CYCS
714,CASP2,1527,DIABLO
714,CASP2,2373,GOLGA3
714,CASP2,4660,PPP1CA
714,CASP2,4661,PPP1CB
714,CASP2,4662,PPP1CC
714,CASP2,4751,PRKDC
714,CASP2,5143,RIPK1
714,CASP2,6306,TRAF2
715,CASP3,716,CASP4
715,CASP3,718,CASP6
715,CASP3,719,CASP7
715,CASP3,720,CASP8
715,CASP3,722,CASP9
715,CASP3,923,CDH1
715,CASP3,970,CDKN1A
715,CASP3,1348,CTNNB1
715,CASP3,1508,DFFA
715,CASP3,1509,DFFB
715,CASP3,1632,DSG3
715,CASP3,1689,E2F1
715,CASP3,1759,EIF2A
715,CASP3,1761,EIF2AK2
715,CASP3,1770,EIF2S2
715,CASP3,1771,EIF2S3
715,CASP3,1779,EIF3J
715,CASP3,1782,EIF4B
715,CASP3,1785,EIF4EBP1
715,CASP3,1789,EIF4G1
715,CASP3,1790,EIF4G2
715,CASP3,1791,EIF4G3
715,CASP3,2236,GAS2
715,CASP3,2373,GOLGA3
715,CASP3,2376,GOLGB1
715,CASP3,2379,GORASP1
715,CASP3,2455,GRIPAP1
715,CASP3,2478,GSN
715,CASP3,2510,GZMB
715,CASP3,2644,HNRNPU
715,CASP3,2705,HSPB2
715,CASP3,2800,IKBKB
715,CASP3,2827,IL18
715,CASP3,2967,ITGB4
715,CASP3,3071,KDM4C
715,CASP3,3470,MAPK14
715,CASP3,3553,MDM4
715,CASP3,3564,MEF2A
715,CASP3,3565,MEF2B
715,CASP3,3759,MYL3
715,CASP3,3799,NAIP
715,CASP3,3855,NEDD4
715,CASP3,3898,NFKBIA
715,CASP3,4086,NUMA1
715,CASP3,4181,PAK2
715,CASP3,4202,PARP1
715,CASP3,4483,PIP4K2A
715,CASP3,4486,PIP5K1A
715,CASP3,4509,PKN2
715,CASP3,4684,PPP2CA
715,CASP3,4685,PPP2CB
715,CASP3,4695,PPP2R5B
715,CASP3,4696,PPP2R5C
715,CASP3,4701,PPP3R1
715,CASP3,4751,PRKDC
715,CASP3,4770,PROKR1
715,CASP3,4795,PSEN1
715,CASP3,4796,PSEN2
715,CASP3,4803,PSIP1
715,CASP3,4830,PTBP1
715,CASP3,4832,PTCH1
715,CASP3,4854,PTK2
715,CASP3,4912,PXN
715,CASP3,4970,RAD51
715,CASP3,5034,RB1
715,CASP3,5076,RELA
715,CASP3,5235,RNF7
715,CASP3,5245,ROCK1
715,CASP3,5821,SPTAN1
715,CASP3,5904,STK24
715,CASP3,5906,STK3
715,CASP3,5911,STK4
715,CASP3,5931,STX5
715,CASP3,6284,TP63
715,CASP3,6285,TP73
715,CASP3,6636,VDR
715,CASP3,6644,VIM
715,CASP3,6736,XIAP
716,CASP4,2475,GSDMD
717,CASP5,2475,GSDMD
717,CASP5,2827,IL18
717,CASP5,2833,IL1B
717,CASP5,3508,MAX
717,CASP5,3942,NLRP1
718,CASP6,720,CASP8
718,CASP6,722,CASP9
718,CASP6,2588,HIPK2
718,CASP6,3296,LMNA
718,CASP6,3855,NEDD4
718,CASP6,4078,NUAK1
718,CASP6,4086,NUMA1
718,CASP6,4292,PCYT1A
718,CASP6,4726,PRKAA1
718,CASP6,4727,PRKAA2
718,CASP6,4739,PRKCB
718,CASP6,4795,PSEN1
718,CASP6,4796,PSEN2
718,CASP6,5360,SATB1
718,CASP6,6275,TP53
718,CASP6,6285,TP73
718,CASP6,6644,VIM
719,CASP7,720,CASP8
719,CASP7,722,CASP9
719,CASP7,1508,DFFA
719,CASP7,1689,E2F1
719,CASP7,1761,EIF2AK2
719,CASP7,2236,GAS2
719,CASP7,2373,GOLGA3
719,CASP7,2510,GZMB
719,CASP7,2967,ITGB4
719,CASP7,3386,LYN
719,CASP7,3508,MAX
719,CASP7,3565,MEF2B
719,CASP7,3567,MEF2D
719,CASP7,3799,NAIP
719,CASP7,3855,NEDD4
719,CASP7,4181,PAK2
719,CASP7,4202,PARP1
719,CASP7,4770,PROKR1
719,CASP7,4795,PSEN1
719,CASP7,4796,PSEN2
719,CASP7,6229,TNFRSF1A
719,CASP7,6644,VIM
719,CASP7,6736,XIAP
720,CASP8,721,CASP8AP2
720,CASP8,946,CDK1
720,CASP8,1044,CFLAR
720,CASP8,1761,EIF2AK2
720,CASP8,1946,FADD
720,CASP8,1974,FAS
720,CASP8,2554,HECTD3
720,CASP8,2922,IRF1
720,CASP8,3386,LYN
720,CASP8,3449,MAP3K14
720,CASP8,3465,MAPK1
720,CASP8,3470,MAPK14
720,CASP8,3472,MAPK3
720,CASP8,3507,MAVS
720,CASP8,4181,PAK2
720,CASP8,4292,PCYT1A
720,CASP8,4541,PLEC
720,CASP8,4558,PLK3
720,CASP8,4770,PROKR1
720,CASP8,4795,PSEN1
720,CASP8,4796,PSEN2
720,CASP8,4877,PTPN6
720,CASP8,5143,RIPK1
720,CASP8,5283,RPS6KA3
720,CASP8,5827,SRC
720,CASP8,6229,TNFRSF1A
720,CASP8,6284,TP63
720,CASP8,6285,TP73
720,CASP8,6304,TRADD
720,CASP8,6305,TRAF1
720,CASP8,6644,VIM
721,CASP8AP2,1974,FAS
721,CASP8AP2,3896,NFKB1
722,CASP9,946,CDK1
722,CASP9,956,CDK2
722,CASP9,1403,CYCS
722,CASP9,1683,DYRK1A
722,CASP9,2477,GSK3B
722,CASP9,2478,GSN
722,CASP9,3386,LYN
722,CASP9,3437,MAP2K1
722,CASP9,3438,MAP2K2
722,CASP9,3465,MAPK1
722,CASP9,3470,MAPK14
722,CASP9,3472,MAPK3
722,CASP9,3799,NAIP
722,CASP9,4660,PPP1CA
722,CASP9,4729,PRKACA
722,CASP9,4747,PRKCZ
722,CASP9,4753,PRKG2
722,CASP9,4858,PTMA
722,CASP9,5014,RARA
722,CASP9,5283,RPS6KA3
722,CASP9,5827,SRC
722,CASP9,6644,VIM
722,CASP9,6736,XIAP
723,CASQ1,1317,CSNK1A1
724,CASQ2,1320,CSNK1E
724,CASQ2,1324,CSNK2A1
724,CASQ2,1325,CSNK2A2
725,CASR,2101,FLNA
725,CASR,3305,LNX1
725,CASR,4738,PRKCA
725,CASR,4739,PRKCB
725,CASR,4742,PRKCG
725,CASR,5207,RNF19A
725,CASR,6403,TRPC3
726,CAST,956,CDK2
726,CAST,1324,CSNK2A1
726,CAST,3476,MAPK8
726,CAST,4752,PRKG1
727,CAT,2147,FOXO3
727,CAT,4740,PRKCD
728,CATSPER1,1270,CRISP2
728,CATSPER1,1730,EFEMP2
728,CATSPER1,3178,KRTAP4-12
729,CAV1,1324,CSNK2A1
729,CAV1,1325,CSNK2A2
729,CAV1,1612,DPP4
729,CAV1,1745,EGF
729,CAV1,1746,EGFR
729,CAV1,1844,EPHA2
729,CAV1,1897,ESR1
729,CAV1,2146,FOXO1
729,CAV1,2181,FYN
729,CAV1,2349,GNAI2
729,CAV1,2616,HMGA1
729,CAV1,2682,HRAS
729,CAV1,2735,ICAM1
729,CAV1,3344,LRP6
729,CAV1,4030,NR3C1
729,CAV1,4325,PDGFRA
729,CAV1,4326,PDGFRB
729,CAV1,4684,PPP2CA
729,CAV1,4848,PTGS2
729,CAV1,4864,PTPN1
729,CAV1,4870,PTPN2
729,CAV1,5614,SLC1A1
729,CAV1,5615,SLC1A2
729,CAV1,5616,SLC1A3
729,CAV1,5618,SLC1A6
729,CAV1,5827,SRC
729,CAV1,6111,TGFB1
729,CAV1,6402,TRPC1
730,CAV2,1324,CSNK2A1
730,CAV2,1325,CSNK2A2
730,CAV2,5019,RASA1
730,CAV2,5827,SRC
731,CAV3,1319,CSNK1D
731,CAV3,4730,PRKACB
732,CBFA2T2,946,CDK1
732,CBFA2T2,2477,GSK3B
732,CBFA2T2,3470,MAPK14
733,CBFA2T3,1872,ERBB4
733,CBFA2T3,6832,ZNF652
734,CBFB,5317,RUNX1
735,CBL,1044,CFLAR
735,CBL,1272,CRK
735,CBL,1746,EGFR
735,CBL,1870,ERBB2
735,CBL,1872,ERBB4
735,CBL,2110,FLT3
735,CBL,2158,FRS2
735,CBL,2181,FYN
735,CBL,2435,GRB2
735,CBL,2529,HCK
735,CBL,2909,INSR
735,CBL,2951,ITGA5
735,CBL,3118,KIT
735,CBL,3216,LCK
735,CBL,3331,LRIG1
735,CBL,3379,LTK
735,CBL,3386,LYN
735,CBL,3580,MET
735,CBL,4325,PDGFRA
735,CBL,4326,PDGFRB
735,CBL,4463,PIK3CA
735,CBL,4467,PIK3R1
735,CBL,4468,PIK3R2
735,CBL,4535,PLCG1
735,CBL,4738,PRKCA
735,CBL,4752,PRKG1
735,CBL,4837,PTEN
735,CBL,4872,PTPN22
735,CBL,4877,PTPN6
735,CBL,4889,PTPRJ
735,CBL,5503,SH2B2
735,CBL,5515,SH3GLB1
735,CBL,5516,SH3KBP1
735,CBL,5765,SORBS1
735,CBL,5766,SORBS2
735,CBL,5827,SRC
735,CBL,5964,SYK
735,CBL,6500,UBASH3B
735,CBL,6513,UBE2I
735,CBL,6626,VAV1
735,CBL,6752,YES1
735,CBL,6766,ZAP70
736,CBLB,842,CD28
736,CBLB,1272,CRK
736,CBLB,1344,CTLA4
736,CBLB,1746,EGFR
736,CBLB,2110,FLT3
736,CBLB,2181,FYN
736,CBLB,2435,GRB2
736,CBLB,3118,KIT
736,CBLB,3216,LCK
736,CBLB,3823,NCK1
736,CBLB,4463,PIK3CA
736,CBLB,4467,PIK3R1
736,CBLB,4468,PIK3R2
736,CBLB,4745,PRKCQ
736,CBLB,4837,PTEN
736,CBLB,5528,SHC1
736,CBLB,5817,SPRY2
736,CBLB,5827,SRC
736,CBLB,5964,SYK
736,CBLB,6513,UBE2I
736,CBLB,6627,VAV2
736,CBLB,6766,ZAP70
737,CBLC,956,CDK2
737,CBLC,2477,GSK3B
737,CBLC,2902,INPPL1
737,CBLC,3331,LRIG1
737,CBLC,5827,SRC
737,CBLC,6513,UBE2I
738,CBLL1,2694,HSP90AA1
738,CBLL1,2695,HSP90AB1
738,CBLL1,6513,UBE2I
739,CBR3,3890,NFE2L2
740,CBS,4752,PRKG1
740,CBS,5786,SP1
741,CBX1,1324,CSNK2A1
741,CBX1,5171,RNF123
742,CBX3,1325,CSNK2A2
742,CBX3,3922,NIPBL
742,CBX3,4729,PRKACA
742,CBX3,4730,PRKACB
742,CBX3,4731,PRKACG
742,CBX3,5285,RPS6KA5
743,CBX4,1335,CTCF
743,CBX4,2588,HIPK2
743,CBX4,3073,KDM5B
743,CBX4,3470,MAPK14
743,CBX4,6785,ZEB2
744,CBX5,1324,CSNK2A1
744,CBX5,1694,E2F6
744,CBX5,2007,FBXW10
744,CBX5,4595,POGZ
744,CBX5,5171,RNF123
745,CBY1,1348,CTNNB1
746,CC2D1A,946,CDK1
746,CC2D1A,956,CDK2
746,CC2D1A,4967,RAD21
747,CC2D2A,6062,TCTN1
748,CCBE1,6639,VEGFC
749,CCDC106,1326,CSNK2B
750,CCDC50,1746,EGFR
750,CCDC50,3216,LCK
751,CCDC6,956,CDK2
751,CCDC6,1065,CHEK1
751,CCDC6,2011,FBXW7
751,CCDC6,2477,GSK3B
751,CCDC6,3466,MAPK10
751,CCDC6,3472,MAPK3
753,CCDC80,4752,PRKG1
754,CCDC88A,961,CDK5
754,CCDC88A,1746,EGFR
754,CCDC88A,2783,IGF1R
754,CCDC88A,3216,LCK
754,CCDC88A,4745,PRKCQ
755,CCDC88C,1670,DVL1
755,CCDC88C,4325,PDGFRA
756,CCK,757,CCKAR
756,CCK,758,CCKBR
756,CCK,1245,CPE
756,CCK,1828,ENPEP
757,CCKAR,2346,GNA14
757,CCKAR,2347,GNA15
757,CCKAR,2348,GNAI1
757,CCKAR,2350,GNAI3
757,CCKAR,2351,GNAL
757,CCKAR,2352,GNAO1
757,CCKAR,2353,GNAQ
757,CCKAR,2354,GNAS
758,CCKBR,810,CCR4
758,CCKBR,1620,DRD2
758,CCKBR,2239,GAST
758,CCKBR,2346,GNA14
758,CCKBR,2347,GNA15
758,CCKBR,2348,GNAI1
758,CCKBR,2350,GNAI3
758,CCKBR,2351,GNAL
758,CCKBR,2352,GNAO1
758,CCKBR,2353,GNAQ
758,CCKBR,2354,GNAS
759,CCL1,814,CCR8
760,CCL11,808,CCR2
760,CCL11,809,CCR3
760,CCL11,811,CCR5
760,CCL11,1394,CXCR3
760,CCL11,1612,DPP4
761,CCL13,806,CCR1
761,CCL13,808,CCR2
761,CCL13,809,CCR3
761,CCL13,811,CCR5
761,CCL13,815,CCR9
761,CCL13,1394,CXCR3
762,CCL14,806,CCR1
762,CCL14,809,CCR3
762,CCL14,811,CCR5
763,CCL15,806,CCR1
763,CCL15,809,CCR3
764,CCL16,806,CCR1
764,CCL16,808,CCR2
764,CCL16,811,CCR5
764,CCL16,814,CCR8
764,CCL16,2467,GRM7
764,CCL16,2687,HRH4
764,CCL16,3717,MTNR1A
765,CCL17,810,CCR4
765,CCL17,814,CCR8
766,CCL18,806,CCR1
766,CCL18,809,CCR3
766,CCL18,814,CCR8
766,CCL18,4494,PITPNM3
767,CCL19,807,CCR10
767,CCL19,813,CCR7
767,CCL19,816,CCRL2
767,CCL19,1394,CXCR3
767,CCL19,2467,GRM7
767,CCL19,3717,MTNR1A
768,CCL2,806,CCR1
768,CCL2,807,CCR10
768,CCL2,808,CCR2
768,CCL2,809,CCR3
768,CCL2,810,CCR4
768,CCL2,811,CCR5
768,CCL2,3637,MMP1
768,CCL2,3642,MMP14
768,CCL2,3651,MMP3
768,CCL2,3653,MMP8
768,CCL2,3890,NFE2L2
769,CCL20,812,CCR6
769,CCL20,1394,CXCR3
769,CCL20,2143,FOXL2
769,CCL20,2467,GRM7
769,CCL20,3717,MTNR1A
770,CCL21,807,CCR10
770,CCL21,813,CCR7
770,CCL21,1394,CXCR3
770,CCL21,2467,GRM7
770,CCL21,3717,MTNR1A
770,CCL21,6630,VCAN
771,CCL22,810,CCR4
771,CCL22,1612,DPP4
772,CCL23,806,CCR1
772,CCL23,2153,FPR2
773,CCL24,808,CCR2
773,CCL24,809,CCR3
774,CCL25,807,CCR10
774,CCL25,815,CCR9
774,CCL25,2467,GRM7
774,CCL25,3717,MTNR1A
775,CCL26,806,CCR1
775,CCL26,808,CCR2
775,CCL26,809,CCR3
775,CCL26,811,CCR5
775,CCL26,1377,CX3CR1
776,CCL27,807,CCR10
776,CCL27,2467,GRM7
776,CCL27,3717,MTNR1A
777,CCL28,807,CCR10
777,CCL28,809,CCR3
777,CCL28,2467,GRM7
777,CCL28,3717,MTNR1A
778,CCL3,806,CCR1
778,CCL3,808,CCR2
778,CCL3,809,CCR3
778,CCL3,810,CCR4
778,CCL3,811,CCR5
778,CCL3,2143,FOXL2
779,CCL3L3,806,CCR1
779,CCL3L3,809,CCR3
779,CCL3L3,810,CCR4
779,CCL3L3,811,CCR5
779,CCL3L3,2143,FOXL2
780,CCL4,806,CCR1
780,CCL4,809,CCR3
780,CCL4,811,CCR5
780,CCL4,814,CCR8
780,CCL4,1179,CNR2
781,CCL4L1,806,CCR1
781,CCL4L1,809,CCR3
781,CCL4L1,811,CCR5
782,CCL5,806,CCR1
782,CCL5,809,CCR3
782,CCL5,810,CCR4
782,CCL5,811,CCR5
782,CCL5,1394,CXCR3
782,CCL5,1612,DPP4
782,CCL5,2420,GPR75
782,CCL5,2467,GRM7
782,CCL5,2926,IRF3
782,CCL5,3717,MTNR1A
782,CCL5,5403,SDC1
782,CCL5,5406,SDC4
782,CCL5,5786,SP1
783,CCL7,806,CCR1
783,CCL7,807,CCR10
783,CCL7,808,CCR2
783,CCL7,809,CCR3
783,CCL7,811,CCR5
783,CCL7,1394,CXCR3
783,CCL7,3637,MMP1
783,CCL7,3641,MMP13
783,CCL7,3642,MMP14
783,CCL7,3646,MMP2
783,CCL7,3651,MMP3
784,CCL8,806,CCR1
784,CCL8,808,CCR2
784,CCL8,809,CCR3
784,CCL8,811,CCR5
785,CCM2,5905,STK25
786,CCNA1,1689,E2F1
786,CCNA1,1798,ELAVL1
787,CCNA2,896,CDC20
787,CCNA2,956,CDK2
787,CCNA2,1689,E2F1
787,CCNA2,1798,ELAVL1
787,CCNA2,3013,KAT2B
787,CCNA2,6600,USP37
787,CCNA2,6770,ZBTB16
788,CCNB1,900,CDC25C
788,CCNB1,946,CDK1
788,CCNB1,970,CDKN1A
788,CCNB1,1689,E2F1
788,CCNB1,1690,E2F2
788,CCNB1,1691,E2F3
788,CCNB1,1692,E2F4
788,CCNB1,1798,ELAVL1
788,CCNB1,2144,FOXM1
788,CCNB1,2893,ING1
788,CCNB1,3014,KAT5
788,CCNB1,3465,MAPK1
788,CCNB1,3566,MEF2C
788,CCNB1,3743,MYBL2
788,CCNB1,4217,PBK
788,CCNB1,4556,PLK1
788,CCNB1,4832,PTCH1
788,CCNB1,5786,SP1
788,CCNB1,6183,TLX1
788,CCNB1,6285,TP73
789,CCNB1IP1,6513,UBE2I
790,CCNC,3424,MAML1
790,CCNC,3972,NOTCH1
791,CCND1,956,CDK2
791,CCND1,960,CDK4
791,CCND1,965,CDK6
791,CCND1,1098,CHUK
791,CCND1,1683,DYRK1A
791,CCND1,1684,DYRK1B
791,CCND1,1746,EGFR
791,CCND1,1754,EHMT1
791,CCND1,1897,ESR1
791,CCND1,1994,FBXO31
791,CCND1,2012,FBXW8
791,CCND1,2144,FOXM1
791,CCND1,2260,GDE1
791,CCND1,2476,GSK3A
791,CCND1,2477,GSK3B
791,CCND1,2494,GTF2I
791,CCND1,2512,HACE1
791,CCND1,2537,HDAC1
791,CCND1,2540,HDAC2
791,CCND1,2541,HDAC3
791,CCND1,3470,MAPK14
791,CCND1,3480,MAPK9
791,CCND1,4729,PRKACA
791,CCND1,5030,RASSF1
791,CCND1,5283,RPS6KA3
791,CCND1,6557,UHRF2
792,CCND2,960,CDK4
792,CCND2,965,CDK6
792,CCND2,1987,FBXL2
792,CCND2,2144,FOXM1
792,CCND2,2477,GSK3B
792,CCND2,3470,MAPK14
792,CCND2,3745,MYC
792,CCND2,5034,RB1
792,CCND2,6183,TLX1
793,CCND3,794,CCNE1
793,CCND3,960,CDK4
793,CCND3,965,CDK6
793,CCND3,970,CDKN1A
793,CCND3,971,CDKN1B
793,CCND3,1987,FBXL2
793,CCND3,2477,GSK3B
793,CCND3,3467,MAPK11
793,CCND3,3468,MAPK12
793,CCND3,3469,MAPK13
793,CCND3,3470,MAPK14
793,CCND3,4660,PPP1CA
794,CCNE1,946,CDK1
794,CCNE1,956,CDK2
794,CCNE1,2011,FBXW7
794,CCNE1,2260,GDE1
794,CCNE1,2476,GSK3A
794,CCNE1,2477,GSK3B
794,CCNE1,3465,MAPK1
794,CCNE1,3470,MAPK14
794,CCNE1,6557,UHRF2
795,CCNE2,2011,FBXW7
796,CCNF,1324,CSNK2A1
796,CCNF,2192,FZR1
797,CCNG1,6275,TP53
798,CCNH,966,CDK7
798,CCNH,967,CDK8
798,CCNH,1324,CSNK2A1
798,CCNH,1325,CSNK2A2
799,CCNK,956,CDK2
799,CCNK,3470,MAPK14
799,CCNK,4738,PRKCA
799,CCNK,6275,TP53
800,CCNL2,1683,DYRK1A
801,CCNO,956,CDK2
802,CCNT1,3424,MAML1
802,CCNT1,4556,PLK1
803,CCNT2,946,CDK1
803,CCNT2,2922,IRF1
803,CCNT2,3476,MAPK8
804,CCNY,952,CDK14
804,CCNY,4726,PRKAA1
804,CCNY,4752,PRKG1
804,CCNY,5281,RPS6KA1
804,CCNY,5498,SGK1
805,CCPG1,6318,TRDMT1
806,CCR1,3515,MBP
806,CCR1,4765,PRNP
807,CCR10,1383,CXCL13
808,CCR2,1395,CXCR4
808,CCR2,1424,CYTL1
808,CCR2,1495,DEFB103B
808,CCR2,1497,DEFB106A
808,CCR2,2991,JAK2
808,CCR2,3646,MMP2
808,CCR2,3698,MSMP
809,CCR3,1380,CXCL10
809,CCR3,1381,CXCL11
809,CCR3,1391,CXCL9
810,CCR4,1114,CKLF
810,CCR4,1382,CXCL12
811,CCR5,859,CD4
811,CCR5,1381,CXCL11
811,CCR5,1395,CXCR4
811,CCR5,2348,GNAI1
811,CCR5,2349,GNAI2
811,CCR5,2350,GNAI3
811,CCR5,2818,IL16
811,CCR5,2992,JAK3
811,CCR5,4128,ORM1
811,CCR5,5338,S100A4
812,CCR6,1494,DEFB1
812,CCR6,1495,DEFB103B
812,CCR6,1498,DEFB4A
812,CCR6,6237,TNFSF10
813,CCR7,1395,CXCR4
813,CCR7,5827,SRC
816,CCRL2,5018,RARRES2
817,CCT2,5281,RPS6KA1
817,CCT2,5287,RPS6KB1
818,CD14,1000,CEBPA
818,CD14,2950,ITGA4
818,CD14,2962,ITGB1
818,CD14,2964,ITGB2
818,CD14,4578,PLXND1
818,CD14,5143,RIPK1
818,CD14,6173,TLR1
818,CD14,6175,TLR2
818,CD14,6177,TLR4
818,CD14,6179,TLR6
818,CD14,6182,TLR9
819,CD151,1656,DUSP18
819,CD151,2949,ITGA3
819,CD151,2952,ITGA6
819,CD151,2953,ITGA7
819,CD151,2962,ITGB1
819,CD151,2967,ITGB4
819,CD151,3193,LAMA5
819,CD151,3194,LAMB1
819,CD151,3196,LAMB3
819,CD151,3198,LAMC2
819,CD151,3580,MET
819,CD151,3652,MMP7
820,CD160,6225,TNFRSF14
821,CD163,1326,CSNK2B
821,CD163,2524,HBA1
821,CD163,2525,HBB
821,CD163,2618,HMGB1
821,CD163,2678,HP
821,CD163,4738,PRKCA
821,CD163,6239,TNFSF12
822,CD177,4359,PECAM1
822,CD177,5527,SHBG
823,CD180,3382,LY86
824,CD19,884,CD81
824,CD19,1254,CR2
824,CD19,2609,HLA-DRA
824,CD19,2610,HLA-DRB1
824,CD19,2909,INSR
824,CD19,3386,LYN
824,CD19,3465,MAPK1
824,CD19,4211,PAX5
824,CD19,4467,PIK3R1
824,CD19,6626,VAV1
826,CD1B,2875,IL6ST
826,CD1B,4793,PSAP
828,CD1D,996,CEACAM5
828,CD1D,3270,LILRB2
829,CD2,865,CD48
829,CD2,868,CD53
829,CD2,870,CD58
829,CD2,871,CD59
829,CD2,3937,NLGN3
830,CD200,831,CD200R1
830,CD200,832,CD200R1L
830,CD200,3738,MXRA5
830,CD200,4191,PAPLN
831,CD200R1,5386,SCN2B
832,CD200R1L,2792,IGSF10
833,CD209,989,CEACAM1
833,CD209,2737,ICAM3
833,CD209,2739,ICAM5
833,CD209,5803,SPI1
834,CD22,2678,HP
834,CD22,2794,IGSF21
834,CD22,3386,LYN
834,CD22,4877,PTPN6
834,CD22,4882,PTPRC
834,CD22,5502,SH2B1
834,CD22,5868,ST6GAL1
835,CD226,2181,FYN
835,CD226,3523,MCAM
835,CD226,4738,PRKCA
835,CD226,4908,PVR
836,CD244,865,CD48
836,CD244,882,CD79B
836,CD244,1309,CSF3R
836,CD244,2986,IYD
836,CD244,3723,MUC15
837,CD247,2181,FYN
837,CD247,2909,INSR
837,CD247,3216,LCK
837,CD247,3823,NCK1
837,CD247,4872,PTPN22
837,CD247,4874,PTPN3
837,CD247,4875,PTPN4
837,CD247,4877,PTPN6
837,CD247,4882,PTPRC
837,CD247,5528,SHC1
837,CD247,6766,ZAP70
838,CD248,3655,MMRN2
839,CD27,878,CD70
839,CD27,2804,IL10
840,CD274,883,CD80
840,CD274,1845,EPHA3
840,CD274,2476,GSK3A
840,CD274,2477,GSK3B
840,CD274,2990,JAK1
840,CD274,3838,NCR3
840,CD274,4296,PDCD1
840,CD274,4298,PDCD1LG2
840,CD274,4726,PRKAA1
841,CD276,2845,IL20RA
841,CD276,3838,NCR3
842,CD28,883,CD80
842,CD28,887,CD86
842,CD28,2181,FYN
842,CD28,2432,GRAP2
842,CD28,2435,GRB2
842,CD28,2742,ICOSLG
842,CD28,2783,IGF1R
842,CD28,2809,IL12A
842,CD28,2973,ITK
842,CD28,3216,LCK
842,CD28,4466,PIK3CG
842,CD28,4467,PIK3R1
842,CD28,4468,PIK3R2
842,CD28,6203,TMEM95
842,CD28,6626,VAV1
843,CD2AP,1259,CREB1
843,CD2AP,1961,FAM83G
843,CD2AP,5786,SP1
844,CD300A,2796,IGSF5
845,CD300C,2796,IGSF5
845,CD300C,4070,NTNG1
845,CD300C,4892,PTPRO
846,CD300E,2024,FCGRT
846,CD300E,3263,LILRA1
846,CD300E,3268,LILRA6
846,CD300E,6226,TNFRSF17
847,CD300LB,2109,FLT1
847,CD300LB,2181,FYN
847,CD300LB,2435,GRB2
847,CD300LB,2521,HAVCR1
847,CD300LB,3263,LILRA1
847,CD300LB,3351,LRRC52
847,CD300LB,5548,SIGLEC10
847,CD300LB,5550,SIGLEC14
847,CD300LB,5552,SIGLEC5
847,CD300LB,5553,SIGLEC6
847,CD300LB,6493,TYROBP
848,CD300LF,849,CD300LG
848,CD300LF,2109,FLT1
848,CD300LF,2181,FYN
848,CD300LF,2521,HAVCR1
848,CD300LF,2796,IGSF5
848,CD300LF,4738,PRKCA
848,CD300LF,4877,PTPN6
848,CD300LF,5552,SIGLEC5
848,CD300LF,6149,TIMD4
848,CD300LF,6492,TYRO3
850,CD320,2796,IGSF5
850,CD320,3346,LRPAP1
850,CD320,5248,ROR2
850,CD320,5554,SIGLEC7
850,CD320,6059,TCN1
850,CD320,6195,TMEM167A
851,CD33,1746,EGFR
851,CD33,2014,FCAR
851,CD33,2774,IFNGR1
851,CD33,3115,KIRREL3
851,CD33,3216,LCK
851,CD33,3241,LGALS3BP
851,CD33,3270,LILRB2
851,CD33,3386,LYN
851,CD33,3413,MAG
851,CD33,4877,PTPN6
851,CD33,5547,SIGLEC1
851,CD33,5548,SIGLEC10
851,CD33,5550,SIGLEC14
851,CD33,5551,SIGLEC15
851,CD33,5552,SIGLEC5
851,CD33,5554,SIGLEC7
851,CD33,5555,SIGLEC8
851,CD33,5556,SIGLEC9
851,CD33,5827,SRC
852,CD34,2783,IGF1R
852,CD34,3216,LCK
852,CD34,5430,SELE
852,CD34,5431,SELL
852,CD34,5432,SELP
853,CD36,889,CD9
853,CD36,1202,COL1A1
853,CD36,1203,COL1A2
853,CD36,1230,COMP
853,CD36,2952,ITGA6
853,CD36,4291,PCSK9
853,CD36,4637,PPARG
853,CD36,4738,PRKCA
853,CD36,5336,S100A12
853,CD36,5339,S100A8
853,CD36,5340,S100A9
853,CD36,5347,SAA1
853,CD36,6124,THBS1
853,CD36,6125,THBS2
853,CD36,6126,THBS3
853,CD36,6175,TLR2
853,CD36,6179,TLR6
854,CD37,868,CD53
854,CD37,884,CD81
854,CD37,885,CD82
854,CD37,2609,HLA-DRA
854,CD37,2610,HLA-DRB1
855,CD38,4359,PECAM1
855,CD38,4753,PRKG2
856,CD3D,857,CD3E
856,CD3D,945,CDHR2
856,CD3D,2597,HLA-A
856,CD3D,2598,HLA-B
856,CD3D,2599,HLA-C
856,CD3D,2909,INSR
856,CD3D,3216,LCK
856,CD3D,6334,TRIM13
857,CD3E,858,CD3G
857,CD3E,2181,FYN
857,CD3E,3216,LCK
857,CD3E,3823,NCK1
857,CD3E,5917,STOML2
858,CD3G,2181,FYN
858,CD3G,2597,HLA-A
858,CD3G,2598,HLA-B
858,CD3G,2599,HLA-C
858,CD3G,2783,IGF1R
858,CD3G,3216,LCK
858,CD3G,4739,PRKCB
859,CD4,1382,CXCL12
859,CD4,1395,CXCR4
859,CD4,2614,HLA-G
859,CD4,2818,IL16
859,CD4,3216,LCK
859,CD4,3662,MOG
859,CD4,3836,NCR1
859,CD4,4482,PIP
859,CD4,4738,PRKCA
859,CD4,5317,RUNX1
859,CD4,5319,RUNX3
859,CD4,5553,SIGLEC6
859,CD4,5554,SIGLEC7
859,CD4,5681,SLPI
860,CD40,861,CD40LG
860,CD40,2808,IL11RA
860,CD40,3370,LTB
860,CD40,5803,SPI1
860,CD40,6241,TNFSF13B
860,CD40,6306,TRAF2
860,CD40,6307,TRAF3
861,CD40LG,868,CD53
861,CD40LG,889,CD9
861,CD40LG,2959,ITGAM
861,CD40LG,2964,ITGB2
861,CD40LG,6307,TRAF3
862,CD44,1133,CLDN7
862,CD44,1198,COL14A1
862,CD44,1202,COL1A1
862,CD44,1203,COL1A2
862,CD44,1840,EPCAM
862,CD44,2049,FGF1
862,CD44,2059,FGF2
862,CD44,2117,FN1
862,CD44,2516,HAS1
862,CD44,2517,HAS2
862,CD44,2526,HBEGF
862,CD44,2574,HGF
862,CD44,3076,KDR
862,CD44,3243,LGALS9
862,CD44,3322,LPL
862,CD44,3403,MADCAM1
862,CD44,3580,MET
862,CD44,3611,MIF
862,CD44,3637,MMP1
862,CD44,3642,MMP14
862,CD44,3652,MMP7
862,CD44,3654,MMP9
862,CD44,4721,PRG4
862,CD44,4729,PRKACA
862,CD44,4738,PRKCA
862,CD44,4795,PSEN1
862,CD44,5283,RPS6KA3
862,CD44,5430,SELE
862,CD44,5498,SGK1
862,CD44,5813,SPP1
862,CD44,5836,SRGN
862,CD44,6152,TIMP2
862,CD44,6153,TIMP3
862,CD44,6630,VCAN
862,CD44,6637,VEGFA
862,CD44,6644,VIM
863,CD46,2988,JAG1
863,CD46,5827,SRC
863,CD46,6752,YES1
864,CD47,1206,COL4A1
864,CD47,1208,COL4A3
864,CD47,1209,COL4A4
864,CD47,1210,COL4A5
864,CD47,1211,COL4A6
864,CD47,1230,COMP
864,CD47,2599,HLA-C
864,CD47,3243,LGALS9
864,CD47,4287,PCSK4
864,CD47,5384,SCN1B
864,CD47,5547,SIGLEC1
864,CD47,5568,SIRPA
864,CD47,5570,SIRPB2
864,CD47,5571,SIRPG
864,CD47,5803,SPI1
864,CD47,6124,THBS1
864,CD47,6125,THBS2
864,CD47,6665,VTN
865,CD48,2827,IL18
865,CD48,4296,PDCD1
866,CD5,872,CD5L
866,CD5,879,CD72
866,CD5,1324,CSNK2A1
866,CD5,1325,CSNK2A2
866,CD5,1746,EGFR
866,CD5,2181,FYN
866,CD5,3216,LCK
866,CD5,3386,LYN
866,CD5,4738,PRKCA
866,CD5,4739,PRKCB
866,CD5,4742,PRKCG
866,CD5,4752,PRKG1
866,CD5,6232,TNFRSF25
867,CD52,5548,SIGLEC10
868,CD53,2289,GGT1
868,CD53,2599,HLA-C
868,CD53,2609,HLA-DRA
868,CD53,2610,HLA-DRB1
868,CD53,2843,IL2
868,CD53,2869,IL4
868,CD53,3688,MS4A1
869,CD55,1252,CR1
870,CD58,4895,PTPRT
871,CD59,5547,SIGLEC1
871,CD59,5870,STAB1
871,CD59,6243,TNFSF15
873,CD6,1324,CSNK2A1
873,CD6,1432,DAG1
873,CD6,2526,HBEGF
873,CD6,2529,HCK
873,CD6,2783,IGF1R
873,CD6,5555,SIGLEC8
874,CD63,1821,ENAM
874,CD63,2609,HLA-DRA
874,CD63,2949,ITGA3
874,CD63,2952,ITGA6
874,CD63,3118,KIT
874,CD63,6151,TIMP1
875,CD68,5339,S100A8
875,CD68,5340,S100A9
875,CD68,5803,SPI1
876,CD69,3154,KLRB1
876,CD69,3239,LGALS1
876,CD69,3738,MXRA5
876,CD69,3763,MYL9
876,CD69,5339,S100A8
876,CD69,5568,SIRPA
877,CD7,5429,SECTM1
878,CD70,2804,IL10
878,CD70,6223,TNFRSF13B
878,CD70,6226,TNFRSF17
879,CD72,2018,FCGR1A
879,CD72,2019,FCGR2A
879,CD72,3386,LYN
879,CD72,3813,NCAM2
879,CD72,4877,PTPN6
879,CD72,5444,SEMA4D
880,CD74,1393,CXCR2
880,CD74,1395,CXCR4
880,CD74,3248,LGMN
880,CD74,3611,MIF
881,CD79A,2117,FN1
881,CD79A,2181,FYN
881,CD79A,2909,INSR
881,CD79A,3216,LCK
881,CD79A,3386,LYN
881,CD79A,4211,PAX5
881,CD79A,5502,SH2B1
881,CD79A,5827,SRC
881,CD79A,5964,SYK
881,CD79A,6663,VSIG8
882,CD79B,2181,FYN
882,CD79B,2794,IGSF21
882,CD79B,3170,KREMEN1
882,CD79B,3216,LCK
882,CD79B,3386,LYN
882,CD79B,4066,NTM
882,CD79B,5502,SH2B1
882,CD79B,5964,SYK
883,CD80,1344,CTLA4
883,CD80,3911,NGFR
883,CD80,6843,ZPBP2
884,CD81,892,CD99
884,CD81,1122,CLDN1
884,CD81,1124,CLDN12
884,CD81,1132,CLDN6
884,CD81,1135,CLDN9
884,CD81,1254,CR2
884,CD81,2289,GGT1
884,CD81,2388,GPC3
884,CD81,2599,HLA-C
884,CD81,2609,HLA-DRA
884,CD81,2610,HLA-DRB1
884,CD81,2755,IFITM1
884,CD81,2950,ITGA4
884,CD81,2952,ITGA6
884,CD81,2962,ITGB1
884,CD81,3118,KIT
884,CD81,4291,PCSK9
885,CD82,2289,GGT1
885,CD82,2526,HBEGF
885,CD82,2609,HLA-DRA
885,CD82,2610,HLA-DRB1
885,CD82,2950,ITGA4
885,CD82,2952,ITGA6
885,CD82,3580,MET
885,CD82,3688,MS4A1
885,CD82,6275,TP53
886,CD83,5174,RNF128
887,CD86,1344,CTLA4
887,CD86,2167,FSTL5
888,CD8A,996,CEACAM5
889,CD9,1122,CLDN1
889,CD9,2526,HBEGF
889,CD9,2609,HLA-DRA
889,CD9,2818,IL16
889,CD9,2950,ITGA4
889,CD9,2951,ITGA5
889,CD9,2952,ITGA6
889,CD9,2987,IZUMO1
889,CD9,3118,KIT
889,CD9,3182,L1CAM
890,CD93,1202,COL1A1
890,CD93,1203,COL1A2
890,CD93,1204,COL2A1
890,CD93,1205,COL3A1
890,CD93,1206,COL4A1
890,CD93,1207,COL4A2
890,CD93,1208,COL4A3
890,CD93,1209,COL4A4
890,CD93,1210,COL4A5
890,CD93,1211,COL4A6
890,CD93,1212,COL5A1
890,CD93,1213,COL5A2
890,CD93,1214,COL5A3
890,CD93,1930,F12
890,CD93,2117,FN1
890,CD93,3162,KNG1
890,CD93,3514,MBL2
890,CD93,3655,MMRN2
890,CD93,5494,SFTPA2
891,CD96,3793,NAALADL1
891,CD96,4908,PVR
892,CD99,4473,PILRA
892,CD99,4474,PILRB
893,CDC14A,898,CDC25A
893,CDC14A,899,CDC25B
893,CDC14A,946,CDK1
893,CDC14A,971,CDKN1B
893,CDC14A,1438,DAPK3
893,CDC14A,2192,FZR1
893,CDC14A,2892,INCENP
893,CDC14A,2921,IREB2
893,CDC14A,3096,KIF23
893,CDC14A,3474,MAPK6
893,CDC14A,5573,SIRT2
893,CDC14A,6275,TP53
893,CDC14A,6605,USP6NL
893,CDC14A,6686,WEE1
894,CDC14B,898,CDC25A
894,CDC14B,899,CDC25B
894,CDC14B,900,CDC25C
894,CDC14B,917,CDCA3
894,CDC14B,2192,FZR1
894,CDC14B,3474,MAPK6
894,CDC14B,5573,SIRT2
894,CDC14B,5591,SKP2
894,CDC14B,6275,TP53
895,CDC16,946,CDK1
895,CDC16,1320,CSNK1E
895,CDC16,3466,MAPK10
895,CDC16,3480,MAPK9
895,CDC16,4751,PRKDC
896,CDC20,946,CDK1
896,CDC20,963,CDK5RAP2
896,CDC20,2002,FBXO5
896,CDC20,3400,MAD2L1
896,CDC20,3402,MAD2L2
896,CDC20,3466,MAPK10
896,CDC20,3480,MAPK9
896,CDC20,4556,PLK1
896,CDC20,5030,RASSF1
896,CDC20,6275,TP53
896,CDC20,6521,UBE2S
897,CDC23,946,CDK1
897,CDC23,3476,MAPK8
897,CDC23,4556,PLK1
897,CDC23,5283,RPS6KA3
898,CDC25A,946,CDK1
898,CDC25A,956,CDK2
898,CDC25A,960,CDK4
898,CDC25A,965,CDK6
898,CDC25A,1065,CHEK1
898,CDC25A,1066,CHEK2
898,CDC25A,1317,CSNK1A1
898,CDC25A,1320,CSNK1E
898,CDC25A,1374,CUX1
898,CDC25A,1746,EGFR
898,CDC25A,2144,FOXM1
898,CDC25A,2192,FZR1
898,CDC25A,2477,GSK3B
898,CDC25A,3465,MAPK1
898,CDC25A,3470,MAPK14
898,CDC25A,3472,MAPK3
898,CDC25A,3481,MAPKAPK2
898,CDC25A,3745,MYC
898,CDC25A,3866,NEK11
898,CDC25A,4475,PIM1
898,CDC25A,4558,PLK3
898,CDC25A,4730,PRKACB
898,CDC25A,4751,PRKDC
898,CDC25A,4980,RAF1
898,CDC25A,5245,ROCK1
898,CDC25A,5281,RPS6KA1
898,CDC25A,5283,RPS6KA3
898,CDC25A,5827,SRC
898,CDC25A,6589,USP17L2
899,CDC25B,906,CDC42BPA
899,CDC25B,946,CDK1
899,CDC25B,1065,CHEK1
899,CDC25B,1324,CSNK2A1
899,CDC25B,1325,CSNK2A2
899,CDC25B,2144,FOXM1
899,CDC25B,2477,GSK3B
899,CDC25B,3467,MAPK11
899,CDC25B,3470,MAPK14
899,CDC25B,3476,MAPK8
899,CDC25B,3480,MAPK9
899,CDC25B,3481,MAPKAPK2
899,CDC25B,3572,MELK
899,CDC25B,4290,PCSK7
899,CDC25B,4360,PEG3
899,CDC25B,4509,PKN2
899,CDC25B,4556,PLK1
899,CDC25B,4729,PRKACA
899,CDC25B,4738,PRKCA
899,CDC25B,5281,RPS6KA1
900,CDC25C,946,CDK1
900,CDC25C,956,CDK2
900,CDC25C,1065,CHEK1
900,CDC25C,1066,CHEK2
900,CDC25C,1324,CSNK2A1
900,CDC25C,2144,FOXM1
900,CDC25C,3465,MAPK1
900,CDC25C,3466,MAPK10
900,CDC25C,3468,MAPK12
900,CDC25C,3470,MAPK14
900,CDC25C,3472,MAPK3
900,CDC25C,3476,MAPK8
900,CDC25C,3480,MAPK9
900,CDC25C,3481,MAPKAPK2
900,CDC25C,3493,MARK3
900,CDC25C,4508,PKN1
900,CDC25C,4556,PLK1
900,CDC25C,4558,PLK3
900,CDC25C,4660,PPP1CA
900,CDC25C,4661,PPP1CB
900,CDC25C,4662,PPP1CC
900,CDC25C,4753,PRKG2
900,CDC25C,5964,SYK
900,CDC25C,6275,TP53
900,CDC25C,6763,YWHAQ
901,CDC26,3210,LATS2
902,CDC27,946,CDK1
902,CDC27,956,CDK2
902,CDC27,1324,CSNK2A1
902,CDC27,2477,GSK3B
902,CDC27,3470,MAPK14
902,CDC27,3476,MAPK8
902,CDC27,4556,PLK1
902,CDC27,4727,PRKAA2
902,CDC27,4739,PRKCB
903,CDC34,1320,CSNK1E
903,CDC34,1324,CSNK2A1
903,CDC34,1325,CSNK2A2
903,CDC34,1326,CSNK2B
903,CDC34,3898,NFKBIA
903,CDC34,5235,RNF7
903,CDC34,5281,RPS6KA1
904,CDC37,1324,CSNK2A1
904,CDC37,1325,CSNK2A2
904,CDC37,1870,ERBB2
904,CDC37,4704,PPP5C
904,CDC37,4729,PRKACA
904,CDC37,6562,ULK1
904,CDC37,6752,YES1
905,CDC42,906,CDC42BPA
905,CDC42,910,CDC42EP4
905,CDC42,1492,DEF6
905,CDC42,1530,DIAPH3
905,CDC42,1585,DNMBP
905,CDC42,1597,DOCK7
905,CDC42,1598,DOCK8
905,CDC42,1707,ECT2
905,CDC42,1952,FAM13B
905,CDC42,2044,FGD1
905,CDC42,2045,FGD2
905,CDC42,2046,FGD3
905,CDC42,2047,FGD4
905,CDC42,2339,GMIP
905,CDC42,2348,GNAI1
905,CDC42,2477,GSK3B
905,CDC42,2914,IQGAP1
905,CDC42,2984,ITSN1
905,CDC42,3443,MAP2K7
905,CDC42,3444,MAP3K1
905,CDC42,3445,MAP3K10
905,CDC42,3446,MAP3K11
905,CDC42,3452,MAP3K4
905,CDC42,3525,MCF2
905,CDC42,3526,MCF2L
905,CDC42,3779,MYO9B
905,CDC42,4119,OPHN1
905,CDC42,4179,PAK1
905,CDC42,4180,PAK1IP1
905,CDC42,4181,PAK2
905,CDC42,4545,PLEKHG1
905,CDC42,4547,PLEKHG3
905,CDC42,4548,PLEKHG4
905,CDC42,4549,PLEKHG4B
905,CDC42,4719,PREX2
905,CDC42,4747,PRKCZ
905,CDC42,4837,PTEN
905,CDC42,4963,RACGAP1
905,CDC42,4987,RALBP1
905,CDC42,5004,RAP1GDS1
905,CDC42,5026,RASGRF2
905,CDC42,5797,SPATA13
905,CDC42,5827,SRC
905,CDC42,5834,SRGAP2
905,CDC42,5882,STARD8
905,CDC42,6115,TGFBR1
905,CDC42,6604,USP6
905,CDC42,6626,VAV1
905,CDC42,6627,VAV2
905,CDC42,6668,WAS
905,CDC42,6669,WASF1
905,CDC42,6672,WASL
906,CDC42BPA,1103,CIITA
906,CDC42BPA,2835,IL1R1
906,CDC42BPA,3277,LIMK1
906,CDC42BPA,3278,LIMK2
906,CDC42BPA,3699,MSN
906,CDC42BPA,3758,MYL2
906,CDC42BPA,3763,MYL9
906,CDC42BPA,4648,PPM1A
906,CDC42BPA,4666,PPP1R12C
906,CDC42BPA,5827,SRC
906,CDC42BPA,5847,SRRM2
907,CDC42BPB,3699,MSN
907,CDC42BPB,3763,MYL9
907,CDC42BPB,4648,PPM1A
907,CDC42BPB,4664,PPP1R12A
907,CDC42BPB,5544,SIAH2
908,CDC42EP1,3465,MAPK1
908,CDC42EP1,4730,PRKACB
909,CDC42EP2,3465,MAPK1
910,CDC42EP4,4738,PRKCA
911,CDC45,6271,TOPBP1
912,CDC5L,946,CDK1
912,CDC5L,2643,HNRNPM
912,CDC5L,6456,TTF2
913,CDC6,956,CDK2
913,CDC6,2341,GMNN
913,CDC6,2477,GSK3B
913,CDC6,3470,MAPK14
913,CDC6,4556,PLK1
913,CDC6,6770,ZBTB16
914,CDC7,946,CDK1
914,CDC7,956,CDK2
914,CDC7,1065,CHEK1
914,CDC7,1160,CLSPN
914,CDC7,1638,DTD1
914,CDC7,1893,ESCO1
914,CDC7,3532,MCM2
914,CDC7,3535,MCM4
914,CDC7,3538,MCM7
914,CDC7,4803,PSIP1
914,CDC7,4966,RAD18
915,CDC73,1251,CPSF3
915,CDC73,1348,CTNNB1
915,CDC73,3745,MYC
917,CDCA3,6686,WEE1
918,CDCA4,1689,E2F1
919,CDCA5,946,CDK1
919,CDCA5,3465,MAPK1
919,CDCA5,5706,SMC3
920,CDCA7,1317,CSNK1A1
921,CDCA8,946,CDK1
921,CDCA8,4096,NUSAP1
921,CDCA8,6302,TPX2
921,CDCA8,6457,TTK
922,CDCP1,1746,EGFR
922,CDCP1,5827,SRC
923,CDH1,933,CDH2
923,CDH1,1319,CSNK1D
923,CDH1,1320,CSNK1E
923,CDH1,1324,CSNK2A1
923,CDH1,1325,CSNK2A2
923,CDH1,1345,CTNNA1
923,CDH1,1347,CTNNA3
923,CDH1,1348,CTNNB1
923,CDH1,1350,CTNND1
923,CDH1,1351,CTNND2
923,CDH1,1746,EGFR
923,CDH1,1871,ERBB3
923,CDH1,1925,EZH2
923,CDH1,2477,GSK3B
923,CDH1,2783,IGF1R
923,CDH1,2957,ITGAE
923,CDH1,2970,ITGB7
923,CDH1,3159,KLRG1
923,CDH1,3343,LRP5
923,CDH1,3344,LRP6
923,CDH1,3402,MAD2L2
923,CDH1,3580,MET
923,CDH1,4740,PRKCD
923,CDH1,4748,PRKD1
923,CDH1,4873,PTPN23
923,CDH1,4886,PTPRF
923,CDH1,4891,PTPRM
923,CDH1,4895,PTPRT
923,CDH1,5827,SRC
923,CDH1,6483,TWIST1
924,CDH10,1348,CTNNB1
924,CDH10,4860,PTN
925,CDH11,1348,CTNNB1
926,CDH12,1348,CTNNB1
927,CDH13,1348,CTNNB1
927,CDH13,3813,NCAM2
928,CDH15,980,CDON
928,CDH15,1348,CTNNB1
929,CDH16,1348,CTNNB1
930,CDH17,1348,CTNNB1
930,CDH17,4739,PRKCB
931,CDH18,1348,CTNNB1
932,CDH19,1348,CTNNB1
933,CDH2,980,CDON
933,CDH2,1348,CTNNB1
933,CDH2,1350,CTNND1
933,CDH2,1351,CTNND2
933,CDH2,3814,NCAN
933,CDH2,4212,PAX6
933,CDH2,5827,SRC
934,CDH20,1348,CTNNB1
935,CDH22,1348,CTNNB1
936,CDH23,1348,CTNNB1
937,CDH24,1348,CTNNB1
938,CDH3,1348,CTNNB1
938,CDH3,1350,CTNND1
938,CDH3,1351,CTNND2
939,CDH4,1348,CTNNB1
939,CDH4,1528,DIAPH1
939,CDH4,4393,PFN1
939,CDH4,4960,RAC1
940,CDH5,1348,CTNNB1
940,CDH5,1350,CTNND1
940,CDH5,1351,CTNND2
940,CDH5,1824,ENG
940,CDH5,2042,FGA
940,CDH5,2043,FGB
940,CDH5,5827,SRC
940,CDH5,6115,TGFBR1
940,CDH5,6116,TGFBR2
941,CDH6,1182,CNTN1
941,CDH6,1348,CTNNB1
941,CDH6,4845,PTGFRN
942,CDH7,1348,CTNNB1
942,CDH7,3603,MIA
943,CDH8,1348,CTNNB1
944,CDH9,1348,CTNNB1
945,CDHR2,6566,UNC5A
946,CDK1,951,CDK13
946,CDK1,953,CDK16
946,CDK1,964,CDK5RAP3
946,CDK1,966,CDK7
946,CDK1,970,CDKN1A
946,CDK1,971,CDKN1B
946,CDK1,1000,CEBPA
946,CDK1,1001,CEBPB
946,CDK1,1011,CENPA
946,CDK1,1025,CEP55
946,CDK1,1055,CHAF1B
946,CDK1,1065,CHEK1
946,CDK1,1066,CHEK2
946,CDK1,1097,CHTF18
946,CDK1,1101,CIC
946,CDK1,1111,CKAP2
946,CDK1,1116,CKS1B
946,CDK1,1176,CNOT4
946,CDK1,1192,COASY
946,CDK1,1259,CREB1
946,CDK1,1265,CREM
946,CDK1,1273,CRKL
946,CDK1,1287,CRYAA
946,CDK1,1324,CSNK2A1
946,CDK1,1325,CSNK2A2
946,CDK1,1326,CSNK2B
946,CDK1,1346,CTNNA2
946,CDK1,1353,CTR9
946,CDK1,1362,CTTN
946,CDK1,1366,CUEDC2
946,CDK1,1374,CUX1
946,CDK1,1378,CXADR
946,CDK1,1426,DAB1
946,CDK1,1445,DBN1
946,CDK1,1466,DCTN6
946,CDK1,1467,DCX
946,CDK1,1472,DDIT3
946,CDK1,1474,DDR1
946,CDK1,1481,DDX23
946,CDK1,1484,DDX3X
946,CDK1,1487,DDX42
946,CDK1,1504,DEPDC1
946,CDK1,1507,DES
946,CDK1,1522,DHX29
946,CDK1,1526,DHX9
946,CDK1,1532,DIDO1
946,CDK1,1546,DLG1
946,CDK1,1555,DLGAP5
946,CDK1,1564,DMAP1
946,CDK1,1582,DNM1
946,CDK1,1583,DNM1L
946,CDK1,1586,DNMT1
946,CDK1,1615,DPYSL2
946,CDK1,1634,DSN1
946,CDK1,1639,DTL
946,CDK1,1649,DUSP1
946,CDK1,1669,DUT
946,CDK1,1678,DYNC1LI1
946,CDK1,1689,E2F1
946,CDK1,1690,E2F2
946,CDK1,1691,E2F3
946,CDK1,1692,E2F4
946,CDK1,1707,ECT2
946,CDK1,1725,EEF1D
946,CDK1,1727,EEF2
946,CDK1,1728,EEF2K
946,CDK1,1746,EGFR
946,CDK1,1761,EIF2AK2
946,CDK1,1781,EIF4A3
946,CDK1,1785,EIF4EBP1
946,CDK1,1790,EIF4G2
946,CDK1,1802,ELF1
946,CDK1,1817,EML3
946,CDK1,1832,EP300
946,CDK1,1833,EP400
946,CDK1,1835,EPB41
946,CDK1,1836,EPB41L1
946,CDK1,1837,EPB41L2
946,CDK1,1859,EPN1
946,CDK1,1863,EPS15
946,CDK1,1870,ERBB2
946,CDK1,1880,ERCC6L
946,CDK1,1883,ERF
946,CDK1,1893,ESCO1
946,CDK1,1895,ESPL1
946,CDK1,1897,ESR1
946,CDK1,1899,ESRRA
946,CDK1,1915,EVPL
946,CDK1,1917,EXO1
946,CDK1,1925,EZH2
946,CDK1,1946,FADD
946,CDK1,1955,FAM193A
946,CDK1,1968,FANCG
946,CDK1,2002,FBXO5
946,CDK1,2032,FEN1
946,CDK1,2089,FIP1L1
946,CDK1,2100,FLII
946,CDK1,2101,FLNA
946,CDK1,2114,FMNL2
946,CDK1,2128,FOSL2
946,CDK1,2142,FOXK2
946,CDK1,2144,FOXM1
946,CDK1,2146,FOXO1
946,CDK1,2171,FUBP1
946,CDK1,2175,FUT11
946,CDK1,2192,FZR1
946,CDK1,2202,GABBR1
946,CDK1,2219,GADD45A
946,CDK1,2241,GATA2
946,CDK1,2245,GBF1
946,CDK1,2276,GFAP
946,CDK1,2298,GIGYF2
946,CDK1,2304,GJA1
946,CDK1,2372,GOLGA2
946,CDK1,2379,GORASP1
946,CDK1,2394,GPHN
946,CDK1,2433,GRB10
946,CDK1,2450,GRIN2A
946,CDK1,2465,GRM5
946,CDK1,2473,GRSF1
946,CDK1,2477,GSK3B
946,CDK1,2507,GYS1
946,CDK1,2557,HELB
946,CDK1,2581,HIF1A
946,CDK1,2594,HJURP
946,CDK1,2616,HMGA1
946,CDK1,2617,HMGA2
946,CDK1,2637,HNRNPD
946,CDK1,2641,HNRNPK
946,CDK1,2645,HNRNPUL1
946,CDK1,2649,HOMEZ
946,CDK1,2707,HSPB8
946,CDK1,2744,ID2
946,CDK1,2770,IFNAR2
946,CDK1,2783,IGF1R
946,CDK1,2800,IKBKB
946,CDK1,2818,IL16
946,CDK1,2892,INCENP
946,CDK1,2893,ING1
946,CDK1,2921,IREB2
946,CDK1,2933,IRS1
946,CDK1,2934,IRS2
946,CDK1,2940,ISL1
946,CDK1,2941,ISL2
946,CDK1,2980,ITPR1
946,CDK1,3006,JUN
946,CDK1,3007,JUNB
946,CDK1,3008,JUND
946,CDK1,3014,KAT5
946,CDK1,3026,KCNB1
946,CDK1,3070,KDM4B
946,CDK1,3072,KDM5A
946,CDK1,3073,KDM5B
946,CDK1,3075,KDM6A
946,CDK1,3079,KHDRBS1
946,CDK1,3085,KIF11
946,CDK1,3090,KIF1B
946,CDK1,3092,KIF20A
946,CDK1,3093,KIF20B
946,CDK1,3095,KIF22
946,CDK1,3099,KIF2C
946,CDK1,3101,KIF4A
946,CDK1,3107,KIFC1
946,CDK1,3130,KLF16
946,CDK1,3164,KPNA2
946,CDK1,3174,KRT18
946,CDK1,3177,KRT8
946,CDK1,3207,LAT
946,CDK1,3209,LATS1
946,CDK1,3214,LBR
946,CDK1,3221,LCP2
946,CDK1,3230,LEF1
946,CDK1,3260,LIG1
946,CDK1,3275,LIMD1
946,CDK1,3296,LMNA
946,CDK1,3297,LMNB1
946,CDK1,3298,LMNB2
946,CDK1,3355,LRRK1
946,CDK1,3386,LYN
946,CDK1,3431,MAP1B
946,CDK1,3435,MAP1S
946,CDK1,3436,MAP2
946,CDK1,3437,MAP2K1
946,CDK1,3457,MAP4
946,CDK1,3461,MAP4K4
946,CDK1,3465,MAPK1
946,CDK1,3466,MAPK10
946,CDK1,3474,MAPK6
946,CDK1,3476,MAPK8
946,CDK1,3477,MAPK8IP1
946,CDK1,3479,MAPK8IP3
946,CDK1,3481,MAPKAPK2
946,CDK1,3487,MAPT
946,CDK1,3488,MARCKS
946,CDK1,3501,MASTL
946,CDK1,3530,MCL1
946,CDK1,3533,MCM3
946,CDK1,3535,MCM4
946,CDK1,3538,MCM7
946,CDK1,3545,MCTS1
946,CDK1,3553,MDM4
946,CDK1,3558,MED1
946,CDK1,3564,MEF2A
946,CDK1,3566,MEF2C
946,CDK1,3617,MKI67
946,CDK1,3656,MN1
946,CDK1,3713,MTHFR
946,CDK1,3722,MUC1
946,CDK1,3740,MYB
946,CDK1,3741,MYBBP1A
946,CDK1,3743,MYBL2
946,CDK1,3745,MYC
946,CDK1,3782,MYOD1
946,CDK1,3787,MYT1
946,CDK1,3788,MYT1L
946,CDK1,3802,NANOG
946,CDK1,3807,NASP
946,CDK1,3812,NCAM1
946,CDK1,3815,NCAPD3
946,CDK1,3816,NCAPG
946,CDK1,3824,NCK2
946,CDK1,3826,NCKAP5L
946,CDK1,3828,NCL
946,CDK1,3829,NCOA1
946,CDK1,3831,NCOA3
946,CDK1,3835,NCOR2
946,CDK1,3842,NDE1
946,CDK1,3843,NDEL1
946,CDK1,3850,NDUFB6
946,CDK1,3854,NEDD1
946,CDK1,3859,NEFH
946,CDK1,3874,NES
946,CDK1,3878,NEUROD1
946,CDK1,3880,NF1
946,CDK1,3883,NFAT5
946,CDK1,3885,NFATC2
946,CDK1,3886,NFATC3
946,CDK1,3892,NFIB
946,CDK1,3902,NFRKB
946,CDK1,3921,NINL
946,CDK1,3949,NME1
946,CDK1,3964,NOLC1
946,CDK1,3973,NOTCH2
946,CDK1,3994,NPM1
946,CDK1,4035,NR5A1
946,CDK1,4058,NSFL1C
946,CDK1,4081,NUCKS1
946,CDK1,4086,NUMA1
946,CDK1,4091,NUP210
946,CDK1,4092,NUP214
946,CDK1,4093,NUP50
946,CDK1,4095,NUP98
946,CDK1,4096,NUSAP1
946,CDK1,4107,ODF2
946,CDK1,4131,OSBP2
946,CDK1,4132,OSBPL11
946,CDK1,4179,PAK1
946,CDK1,4180,PAK1IP1
946,CDK1,4184,PAK6
946,CDK1,4187,PALM
946,CDK1,4192,PAPOLA
946,CDK1,4196,PARD3
946,CDK1,4217,PBK
946,CDK1,4226,PCDH1
946,CDK1,4280,PCLO
946,CDK1,4292,PCYT1A
946,CDK1,4341,PDLIM4
946,CDK1,4406,PHACTR1
946,CDK1,4410,PHC3
946,CDK1,4414,PHF12
946,CDK1,4421,PHF8
946,CDK1,4432,PHLPP1
946,CDK1,4444,PI4KB
946,CDK1,4459,PIK3C2A
946,CDK1,4462,PIK3C3
946,CDK1,4493,PITPNM1
946,CDK1,4507,PKMYT1
946,CDK1,4508,PKN1
946,CDK1,4509,PKN2
946,CDK1,4515,PKP4
946,CDK1,4541,PLEC
946,CDK1,4571,PLXNA2
946,CDK1,4581,PML
946,CDK1,4595,POGZ
946,CDK1,4609,POLR2A
946,CDK1,4614,POM121
946,CDK1,4623,POU2F1
946,CDK1,4638,PPARGC1A
946,CDK1,4643,PPFIA1
946,CDK1,4644,PPFIA3
946,CDK1,4660,PPP1CA
946,CDK1,4664,PPP1R12A
946,CDK1,4668,PPP1R13L
946,CDK1,4675,PPP1R1A
946,CDK1,4676,PPP1R1B
946,CDK1,4684,PPP2CA
946,CDK1,4685,PPP2CB
946,CDK1,4703,PPP4R2
946,CDK1,4707,PRC1
946,CDK1,4711,PRDM2
946,CDK1,4712,PRDX1
946,CDK1,4728,PRKAB1
946,CDK1,4778,PRPF4B
946,CDK1,4780,PRPS1
946,CDK1,4831,PTBP2
946,CDK1,4853,PTHLH
946,CDK1,4854,PTK2
946,CDK1,4864,PTPN1
946,CDK1,4870,PTPN2
946,CDK1,4900,PTTG1
946,CDK1,4902,PTTG2
946,CDK1,4930,RAB11FIP3
946,CDK1,4934,RAB1A
946,CDK1,4945,RAB4A
946,CDK1,4947,RAB5B
946,CDK1,4963,RACGAP1
946,CDK1,4975,RAD9A
946,CDK1,4996,RANBP2
946,CDK1,4999,RANGAP1
946,CDK1,5002,RAP1GAP
946,CDK1,5014,RARA
946,CDK1,5034,RB1
946,CDK1,5036,RBBP5
946,CDK1,5037,RBBP6
946,CDK1,5039,RBBP8
946,CDK1,5051,RBM6
946,CDK1,5064,RCC1
946,CDK1,5071,RECQL4
946,CDK1,5072,RECQL5
946,CDK1,5082,REPS2
946,CDK1,5083,RERE
946,CDK1,5091,RFC1
946,CDK1,5239,RNMT
946,CDK1,5254,RPA2
946,CDK1,5256,RPAP1
946,CDK1,5271,RPRD1B
946,CDK1,5278,RPS3
946,CDK1,5283,RPS6KA3
946,CDK1,5284,RPS6KA4
946,CDK1,5287,RPS6KB1
946,CDK1,5291,RPTOR
946,CDK1,5299,RRM2
946,CDK1,5303,RSF1
946,CDK1,5317,RUNX1
946,CDK1,5318,RUNX2
946,CDK1,5326,RXRA
946,CDK1,5350,SAMHD1
946,CDK1,5380,SCML2
946,CDK1,5389,SCN4A
946,CDK1,5478,SET
946,CDK1,5486,SF3B1
946,CDK1,5501,SGTA
946,CDK1,5572,SIRT1
946,CDK1,5573,SIRT2
946,CDK1,5574,SIRT3
946,CDK1,5585,SKA3
946,CDK1,5597,SLBP
946,CDK1,5664,SLC9A1
946,CDK1,5666,SLC9A3R1
946,CDK1,5698,SMARCAD1
946,CDK1,5701,SMARCC1
946,CDK1,5702,SMARCC2
946,CDK1,5714,SMTN
946,CDK1,5725,SNAP91
946,CDK1,5740,SNRNP70
946,CDK1,5742,SNTA1
946,CDK1,5748,SNW1
946,CDK1,5764,SON
946,CDK1,5765,SORBS1
946,CDK1,5773,SOS1
946,CDK1,5786,SP1
946,CDK1,5793,SPAG5
946,CDK1,5796,SPAST
946,CDK1,5800,SPEN
946,CDK1,5804,SPIB
946,CDK1,5822,SPTBN1
946,CDK1,5826,SQSTM1
946,CDK1,5827,SRC
946,CDK1,5830,SREBF1
946,CDK1,5846,SRRM1
946,CDK1,5848,SRRT
946,CDK1,5854,SSBP4
946,CDK1,5885,STAT3
946,CDK1,5896,STIM1
946,CDK1,5897,STIP1
946,CDK1,5906,STK3
946,CDK1,5913,STMN1
946,CDK1,5914,STMN2
946,CDK1,5925,STUB1
946,CDK1,5949,SUN1
946,CDK1,5952,SUPT5H
946,CDK1,5966,SYN1
946,CDK1,5968,SYN3
946,CDK1,6002,TAF2
946,CDK1,6003,TAF3
946,CDK1,6052,TCF20
946,CDK1,6061,TCOF1
946,CDK1,6080,TERF1
946,CDK1,6083,TERT
946,CDK1,6090,TEX14
946,CDK1,6106,TFPT
946,CDK1,6122,TH
946,CDK1,6143,TIAM1
946,CDK1,6162,TK1
946,CDK1,6166,TLE3
946,CDK1,6206,TMPO
946,CDK1,6230,TNFRSF1B
946,CDK1,6268,TOP1
946,CDK1,6269,TOP2A
946,CDK1,6275,TP53
946,CDK1,6277,TP53BP1
946,CDK1,6285,TP73
946,CDK1,6297,TPR
946,CDK1,6302,TPX2
946,CDK1,6303,TRA2B
946,CDK1,6324,TRERF1
946,CDK1,6349,TRIM32
946,CDK1,6423,TSC1
946,CDK1,6447,TSSC4
946,CDK1,6473,TUBB3
946,CDK1,6496,UBA1
946,CDK1,6504,UBE2A
946,CDK1,6513,UBE2I
946,CDK1,6536,UBR1
946,CDK1,6541,UBXN2B
946,CDK1,6556,UHRF1
946,CDK1,6558,UIMC1
946,CDK1,6565,UNC13B
946,CDK1,6583,USP1
946,CDK1,6586,USP14
946,CDK1,6588,USP16
946,CDK1,6590,USP19
946,CDK1,6592,USP20
946,CDK1,6595,USP24
946,CDK1,6608,USP9X
946,CDK1,6633,VCPIP1
946,CDK1,6641,VGLL4
946,CDK1,6644,VIM
946,CDK1,6667,WAC
946,CDK1,6686,WEE1
946,CDK1,6720,WRNIP1
946,CDK1,6728,WWTR1
946,CDK1,6736,XIAP
946,CDK1,6740,XPO1
946,CDK1,6778,ZC3HC1
946,CDK1,6784,ZEB1
946,CDK1,6787,ZFP36
946,CDK1,6792,ZFPM1
946,CDK1,6802,ZHX1
946,CDK1,6822,ZNF335
946,CDK1,6828,ZNF516
946,CDK1,6850,ZYX
947,CDK10,1904,ETS2
948,CDK11A,949,CDK11B
948,CDK11A,956,CDK2
948,CDK11A,1066,CHEK2
948,CDK11A,1776,EIF3F
948,CDK11A,2477,GSK3B
948,CDK11A,3480,MAPK9
948,CDK11A,5798,SPDEF
949,CDK11B,966,CDK7
949,CDK11B,1066,CHEK2
949,CDK11B,1776,EIF3F
950,CDK12,4181,PAK2
950,CDK12,4609,POLR2A
951,CDK13,956,CDK2
951,CDK13,1065,CHEK1
951,CDK13,2477,GSK3B
951,CDK13,3466,MAPK10
951,CDK13,3476,MAPK8
951,CDK13,3480,MAPK9
951,CDK13,4739,PRKCB
951,CDK13,5283,RPS6KA3
952,CDK14,3344,LRP6
952,CDK14,6009,TAGLN2
953,CDK16,961,CDK5
953,CDK16,3476,MAPK8
953,CDK16,4057,NSF
953,CDK16,4729,PRKACA
953,CDK16,5281,RPS6KA1
953,CDK16,5283,RPS6KA3
953,CDK16,5498,SGK1
954,CDK18,4729,PRKACA
955,CDK19,1776,EIF3F
955,CDK19,4179,PAK1
956,CDK2,957,CDK20
956,CDK2,958,CDK2AP1
956,CDK2,966,CDK7
956,CDK2,968,CDK9
956,CDK2,970,CDKN1A
956,CDK2,971,CDKN1B
956,CDK2,973,CDKN2A
956,CDK2,977,CDKN2D
956,CDK2,978,CDKN3
956,CDK2,983,CDT1
956,CDK2,986,CDX2
956,CDK2,1001,CEBPB
956,CDK2,1011,CENPA
956,CDK2,1019,CEP152
956,CDK2,1026,CEP63
956,CDK2,1029,CEP76
956,CDK2,1062,CHD3
956,CDK2,1063,CHD4
956,CDK2,1065,CHEK1
956,CDK2,1101,CIC
956,CDK2,1119,CLASP2
956,CDK2,1193,COBL
956,CDK2,1194,COIL
956,CDK2,1264,CREBBP
956,CDK2,1278,CROCC
956,CDK2,1288,CRYAB
956,CDK2,1336,CTDP1
956,CDK2,1362,CTTN
956,CDK2,1371,CUL4B
956,CDK2,1426,DAB1
956,CDK2,1427,DAB2
956,CDK2,1440,DAXX
956,CDK2,1454,DCLK1
956,CDK2,1467,DCX
956,CDK2,1472,DDIT3
956,CDK2,1474,DDR1
956,CDK2,1479,DDX20
956,CDK2,1487,DDX42
956,CDK2,1491,DEAF1
956,CDK2,1507,DES
956,CDK2,1546,DLG1
956,CDK2,1551,DLGAP1
956,CDK2,1552,DLGAP2
956,CDK2,1582,DNM1
956,CDK2,1584,DNM2
956,CDK2,1586,DNMT1
956,CDK2,1669,DUT
956,CDK2,1678,DYNC1LI1
956,CDK2,1679,DYNC1LI2
956,CDK2,1689,E2F1
956,CDK2,1693,E2F5
956,CDK2,1746,EGFR
956,CDK2,1748,EGLN2
956,CDK2,1768,EIF2B5
956,CDK2,1773,EIF3B
956,CDK2,1774,EIF3C
956,CDK2,1782,EIF4B
956,CDK2,1788,EIF4ENIF1
956,CDK2,1790,EIF4G2
956,CDK2,1795,EIF5B
956,CDK2,1806,ELK1
956,CDK2,1807,ELK3
956,CDK2,1836,EPB41L1
956,CDK2,1878,ERCC5
956,CDK2,1897,ESR1
956,CDK2,1902,ETAA1
956,CDK2,1904,ETS2
956,CDK2,1925,EZH2
956,CDK2,1998,FBXO4
956,CDK2,2032,FEN1
956,CDK2,2113,FMN2
956,CDK2,2119,FNBP4
956,CDK2,2125,FOS
956,CDK2,2128,FOSL2
956,CDK2,2142,FOXK2
956,CDK2,2144,FOXM1
956,CDK2,2146,FOXO1
956,CDK2,2148,FOXO4
956,CDK2,2181,FYN
956,CDK2,2192,FZR1
956,CDK2,2279,GFPT1
956,CDK2,2312,GJC2
956,CDK2,2318,GLI1
956,CDK2,2490,GTF2F1
956,CDK2,2496,GTF3C1
956,CDK2,2507,GYS1
956,CDK2,2544,HDAC6
956,CDK2,2591,HIRA
956,CDK2,2592,HIRIP3
956,CDK2,2616,HMGA1
956,CDK2,2691,HSF1
956,CDK2,2744,ID2
956,CDK2,2745,ID3
956,CDK2,2752,IFI16
956,CDK2,2882,ILF3
956,CDK2,2891,INCA1
956,CDK2,2895,ING5
956,CDK2,2921,IREB2
956,CDK2,2933,IRS1
956,CDK2,2934,IRS2
956,CDK2,2966,ITGB3BP
956,CDK2,3003,JPH1
956,CDK2,3006,JUN
956,CDK2,3013,KAT2B
956,CDK2,3072,KDM5A
956,CDK2,3074,KDM5C
956,CDK2,3075,KDM6A
956,CDK2,3079,KHDRBS1
956,CDK2,3085,KIF11
956,CDK2,3095,KIF22
956,CDK2,3125,KLF10
956,CDK2,3214,LBR
956,CDK2,3260,LIG1
956,CDK2,3261,LIG3
956,CDK2,3296,LMNA
956,CDK2,3297,LMNB1
956,CDK2,3298,LMNB2
956,CDK2,3303,LMO7
956,CDK2,3386,LYN
956,CDK2,3399,MAD1L1
956,CDK2,3430,MAP1A
956,CDK2,3431,MAP1B
956,CDK2,3435,MAP1S
956,CDK2,3436,MAP2
956,CDK2,3446,MAP3K11
956,CDK2,3457,MAP4
956,CDK2,3458,MAP4K1
956,CDK2,3465,MAPK1
956,CDK2,3468,MAPK12
956,CDK2,3473,MAPK4
956,CDK2,3477,MAPK8IP1
956,CDK2,3481,MAPKAPK2
956,CDK2,3487,MAPT
956,CDK2,3488,MARCKS
956,CDK2,3491,MARK1
956,CDK2,3530,MCL1
956,CDK2,3532,MCM2
956,CDK2,3533,MCM3
956,CDK2,3534,MCM3AP
956,CDK2,3535,MCM4
956,CDK2,3552,MDM2
956,CDK2,3556,MECOM
956,CDK2,3557,MECP2
956,CDK2,3558,MED1
956,CDK2,3567,MEF2D
956,CDK2,3599,MGMT
956,CDK2,3617,MKI67
956,CDK2,3620,MKNK2
956,CDK2,3626,MLF2
956,CDK2,3660,MOBP
956,CDK2,3693,MSH6
956,CDK2,3696,MSL3
956,CDK2,3708,MTA1
956,CDK2,3740,MYB
956,CDK2,3743,MYBL2
956,CDK2,3745,MYC
956,CDK2,3748,MYCN
956,CDK2,3782,MYOD1
956,CDK2,3810,NBN
956,CDK2,3812,NCAM1
956,CDK2,3820,NCF1
956,CDK2,3824,NCK2
956,CDK2,3828,NCL
956,CDK2,3829,NCOA1
956,CDK2,3834,NCOR1
956,CDK2,3843,NDEL1
956,CDK2,3859,NEFH
956,CDK2,3874,NES
956,CDK2,3878,NEUROD1
956,CDK2,3885,NFATC2
956,CDK2,3886,NFATC3
956,CDK2,3893,NFIC
956,CDK2,3906,NFYA
956,CDK2,3964,NOLC1
956,CDK2,3973,NOTCH2
956,CDK2,3984,NPAT
956,CDK2,3994,NPM1
956,CDK2,4018,NR1D1
956,CDK2,4022,NR1I2
956,CDK2,4030,NR3C1
956,CDK2,4062,NSUN5
956,CDK2,4089,NUP133
956,CDK2,4164,PA2G4
956,CDK2,4179,PAK1
956,CDK2,4187,PALM
956,CDK2,4223,PCBP1
956,CDK2,4277,PCIF1
956,CDK2,4280,PCLO
956,CDK2,4292,PCYT1A
956,CDK2,4293,PCYT1B
956,CDK2,4346,PDS5B
956,CDK2,4364,PELP1
956,CDK2,4366,PEPD
956,CDK2,4404,PGR
956,CDK2,4515,PKP4
956,CDK2,4519,PLA2G4A
956,CDK2,4531,PLCB1
956,CDK2,4541,PLEC
956,CDK2,4581,PML
956,CDK2,4596,POLA1
956,CDK2,4602,POLH
956,CDK2,4605,POLL
956,CDK2,4606,POLM
956,CDK2,4609,POLR2A
956,CDK2,4617,POP1
956,CDK2,4635,PPARA
956,CDK2,4638,PPARGC1A
956,CDK2,4643,PPFIA1
956,CDK2,4646,PPIG
956,CDK2,4648,PPM1A
956,CDK2,4649,PPM1B
956,CDK2,4660,PPP1CA
956,CDK2,4661,PPP1CB
956,CDK2,4676,PPP1R1B
956,CDK2,4684,PPP2CA
956,CDK2,4685,PPP2CB
956,CDK2,4707,PRC1
956,CDK2,4712,PRDX1
956,CDK2,4725,PRICKLE3
956,CDK2,4734,PRKAR1A
956,CDK2,4739,PRKCB
956,CDK2,4778,PRPF4B
956,CDK2,4795,PSEN1
956,CDK2,4805,PSMA5
956,CDK2,4817,PSMD1
956,CDK2,4853,PTHLH
956,CDK2,4862,PTP4A2
956,CDK2,4870,PTPN2
956,CDK2,4877,PTPN6
956,CDK2,4887,PTPRG
956,CDK2,4900,PTTG1
956,CDK2,4905,PUM2
956,CDK2,4966,RAD18
956,CDK2,4974,RAD54L
956,CDK2,4975,RAD9A
956,CDK2,4996,RANBP2
956,CDK2,4999,RANGAP1
956,CDK2,5002,RAP1GAP
956,CDK2,5011,RAPGEF6
956,CDK2,5012,RAPH1
956,CDK2,5034,RB1
956,CDK2,5037,RBBP6
956,CDK2,5039,RBBP8
956,CDK2,5041,RBL1
956,CDK2,5042,RBL2
956,CDK2,5044,RBM14
956,CDK2,5049,RBM39
956,CDK2,5054,RBMX
956,CDK2,5063,RCAN1
956,CDK2,5084,REST
956,CDK2,5134,RIMS1
956,CDK2,5228,RNF4
956,CDK2,5239,RNMT
956,CDK2,5254,RPA2
956,CDK2,5256,RPAP1
956,CDK2,5264,RPL12
956,CDK2,5278,RPS3
956,CDK2,5281,RPS6KA1
956,CDK2,5284,RPS6KA4
956,CDK2,5287,RPS6KB1
956,CDK2,5296,RRBP1
956,CDK2,5297,RREB1
956,CDK2,5298,RRM1
956,CDK2,5299,RRM2
956,CDK2,5301,RRN3
956,CDK2,5317,RUNX1
956,CDK2,5326,RXRA
956,CDK2,5350,SAMHD1
956,CDK2,5352,SAP30
956,CDK2,5355,SART1
956,CDK2,5380,SCML2
956,CDK2,5421,SEC24B
956,CDK2,5483,SETDB1
956,CDK2,5485,SF1
956,CDK2,5486,SF3B1
956,CDK2,5498,SGK1
956,CDK2,5516,SH3KBP1
956,CDK2,5523,SHANK2
956,CDK2,5564,SIN3A
956,CDK2,5566,SIPA1
956,CDK2,5573,SIRT2
956,CDK2,5591,SKP2
956,CDK2,5597,SLBP
956,CDK2,5619,SLC20A1
956,CDK2,5664,SLC9A1
956,CDK2,5669,SLCO4A1
956,CDK2,5686,SMAD2
956,CDK2,5687,SMAD3
956,CDK2,5688,SMAD4
956,CDK2,5697,SMARCA5
956,CDK2,5698,SMARCAD1
956,CDK2,5701,SMARCC1
956,CDK2,5707,SMC4
956,CDK2,5737,SNPH
956,CDK2,5740,SNRNP70
956,CDK2,5748,SNW1
956,CDK2,5773,SOS1
956,CDK2,5778,SOX11
956,CDK2,5782,SOX4
956,CDK2,5786,SP1
956,CDK2,5794,SPAG9
956,CDK2,5799,SPDYA
956,CDK2,5822,SPTBN1
956,CDK2,5826,SQSTM1
956,CDK2,5827,SRC
956,CDK2,5846,SRRM1
956,CDK2,5847,SRRM2
956,CDK2,5848,SRRT
956,CDK2,5885,STAT3
956,CDK2,5888,STAT5B
956,CDK2,5913,STMN1
956,CDK2,5914,STMN2
956,CDK2,5932,STX7
956,CDK2,5934,STXBP1
956,CDK2,5954,SUV39H1
956,CDK2,5960,SYAP1
956,CDK2,5966,SYN1
956,CDK2,5974,SYNPO
956,CDK2,5992,TACC3
956,CDK2,6011,TAL2
956,CDK2,6053,TCF3
956,CDK2,6081,TERF2
956,CDK2,6082,TERF2IP
956,CDK2,6096,TFAP4
956,CDK2,6097,TFCP2
956,CDK2,6122,TH
956,CDK2,6136,THRAP3
956,CDK2,6160,TJP2
956,CDK2,6162,TK1
956,CDK2,6166,TLE3
956,CDK2,6169,TLK1
956,CDK2,6170,TLK2
956,CDK2,6253,TNKS1BP1
956,CDK2,6272,TOPORS
956,CDK2,6274,TOR1AIP1
956,CDK2,6275,TP53
956,CDK2,6277,TP53BP1
956,CDK2,6284,TP63
956,CDK2,6285,TP73
956,CDK2,6288,TPD52L2
956,CDK2,6302,TPX2
956,CDK2,6303,TRA2B
956,CDK2,6423,TSC1
956,CDK2,6446,TSPYL2
956,CDK2,6457,TTK
956,CDK2,6504,UBE2A
956,CDK2,6511,UBE2E3
956,CDK2,6529,UBE4B
956,CDK2,6534,UBQLN2
956,CDK2,6539,UBTF
956,CDK2,6556,UHRF1
956,CDK2,6571,UNG
956,CDK2,6595,USP24
956,CDK2,6600,USP37
956,CDK2,6603,USP5
956,CDK2,6605,USP6NL
956,CDK2,6683,WDR62
956,CDK2,6686,WEE1
956,CDK2,6719,WRN
956,CDK2,6723,WTAP
956,CDK2,6749,XRN2
956,CDK2,6770,ZBTB16
956,CDK2,6777,ZC3HAV1
956,CDK2,6778,ZC3HC1
956,CDK2,6787,ZFP36
956,CDK2,6804,ZHX3
956,CDK2,6810,ZMYM2
956,CDK2,6811,ZMYM3
956,CDK2,6813,ZMYND8
956,CDK2,6815,ZNF217
958,CDK2AP1,2801,IKBKE
959,CDK3,970,CDKN1A
959,CDK3,1897,ESR1
959,CDK3,2314,GLCCI1
959,CDK3,3006,JUN
959,CDK3,3063,KCTD15
959,CDK3,3112,KIR3DL1
959,CDK3,3285,LIN9
959,CDK3,3887,NFATC4
959,CDK3,5034,RB1
959,CDK3,5648,SLC4A10
959,CDK3,6097,TFCP2
959,CDK3,6756,YLPM1
960,CDK4,966,CDK7
960,CDK4,970,CDKN1A
960,CDK4,973,CDKN2A
960,CDK4,975,CDKN2B
960,CDK4,976,CDKN2C
960,CDK4,977,CDKN2D
960,CDK4,1000,CEBPA
960,CDK4,1006,CELF1
960,CDK4,2097,FLCN
960,CDK4,2144,FOXM1
960,CDK4,2243,GATA4
960,CDK4,3012,KAT2A
960,CDK4,3386,LYN
960,CDK4,3470,MAPK14
960,CDK4,3476,MAPK8
960,CDK4,3553,MDM4
960,CDK4,3564,MEF2A
960,CDK4,3566,MEF2C
960,CDK4,3567,MEF2D
960,CDK4,3745,MYC
960,CDK4,3782,MYOD1
960,CDK4,3783,MYOG
960,CDK4,3994,NPM1
960,CDK4,4364,PELP1
960,CDK4,4712,PRDX1
960,CDK4,5030,RASSF1
960,CDK4,5034,RB1
960,CDK4,5041,RBL1
960,CDK4,5042,RBL2
960,CDK4,5318,RUNX2
960,CDK4,5319,RUNX3
960,CDK4,5687,SMAD3
960,CDK4,5812,SPOP
960,CDK4,5827,SRC
960,CDK4,6099,TFEB
960,CDK4,6265,TOB2
960,CDK4,6539,UBTF
960,CDK4,6632,VCP
960,CDK4,6752,YES1
961,CDK5,962,CDK5R1
961,CDK5,971,CDKN1B
961,CDK5,1159,CLOCK
961,CDK5,1236,CORO1A
961,CDK5,1277,CRMP1
961,CDK5,1317,CSNK1A1
961,CDK5,1318,CSNK1A1L
961,CDK5,1319,CSNK1D
961,CDK5,1320,CSNK1E
961,CDK5,1321,CSNK1G1
961,CDK5,1322,CSNK1G2
961,CDK5,1323,CSNK1G3
961,CDK5,1348,CTNNB1
961,CDK5,1426,DAB1
961,CDK5,1445,DBN1
961,CDK5,1467,DCX
961,CDK5,1544,DLC1
961,CDK5,1582,DNM1
961,CDK5,1586,DNMT1
961,CDK5,1615,DPYSL2
961,CDK5,1616,DPYSL3
961,CDK5,1620,DRD2
961,CDK5,1733,EFHD2
961,CDK5,1846,EPHA4
961,CDK5,1870,ERBB2
961,CDK5,1871,ERBB3
961,CDK5,1926,EZR
961,CDK5,2181,FYN
961,CDK5,2394,GPHN
961,CDK5,2450,GRIN2A
961,CDK5,2581,HIF1A
961,CDK5,2713,HTR1A
961,CDK5,2723,HTR6
961,CDK5,2725,HTRA2
961,CDK5,2726,HTT
961,CDK5,3076,KDR
961,CDK5,3087,KIF13B
961,CDK5,3304,LMTK2
961,CDK5,3356,LRRK2
961,CDK5,3437,MAP2K1
961,CDK5,3466,MAPK10
961,CDK5,3487,MAPT
961,CDK5,3530,MCL1
961,CDK5,3564,MEF2A
961,CDK5,3566,MEF2C
961,CDK5,3567,MEF2D
961,CDK5,3745,MYC
961,CDK5,3842,NDE1
961,CDK5,3843,NDEL1
961,CDK5,3859,NEFH
961,CDK5,3860,NEFL
961,CDK5,3874,NES
961,CDK5,3883,NFAT5
961,CDK5,3890,NFE2L2
961,CDK5,3970,NOS3
961,CDK5,4030,NR3C1
961,CDK5,4073,NTRK2
961,CDK5,4087,NUMB
961,CDK5,4120,OPRD1
961,CDK5,4179,PAK1
961,CDK5,4202,PARP1
961,CDK5,4358,PEBP1
961,CDK5,4407,PHACTR3
961,CDK5,4462,PIK3C3
961,CDK5,4488,PIP5K1C
961,CDK5,4539,PLD2
961,CDK5,4579,PMAIP1
961,CDK5,4637,PPARG
961,CDK5,4660,PPP1CA
961,CDK5,4675,PPP1R1A
961,CDK5,4676,PPP1R1B
961,CDK5,4677,PPP1R2
961,CDK5,4683,PPP1R9B
961,CDK5,4765,PRNP
961,CDK5,4795,PSEN1
961,CDK5,4854,PTK2
961,CDK5,4870,PTPN2
961,CDK5,4912,PXN
961,CDK5,4986,RALB
961,CDK5,5026,RASGRF2
961,CDK5,5034,RB1
961,CDK5,5287,RPS6KB1
961,CDK5,5515,SH3GLB1
961,CDK5,5827,SRC
961,CDK5,5885,STAT3
961,CDK5,5913,STMN1
961,CDK5,5915,STMN3
961,CDK5,5934,STXBP1
961,CDK5,5935,STXBP2
961,CDK5,5941,SUDS3
961,CDK5,5966,SYN1
961,CDK5,6122,TH
961,CDK5,6171,TLN1
961,CDK5,6275,TP53
961,CDK5,6296,TPPP
961,CDK5,6302,TPX2
961,CDK5,6375,TRIM59
961,CDK5,6407,TRPC6
961,CDK5,6417,TRPV1
961,CDK5,6644,VIM
961,CDK5,6660,VRK3
961,CDK5,6669,WASF1
961,CDK5,6735,XDH
962,CDK5R1,1077,CHN1
962,CDK5R1,3304,LMTK2
962,CDK5R1,4684,PPP2CA
962,CDK5R1,4685,PPP2CB
962,CDK5R1,4740,PRKCD
962,CDK5R1,5558,SIK2
963,CDK5RAP2,1019,CEP152
963,CDK5RAP2,1026,CEP63
963,CDK5RAP2,1028,CEP72
963,CDK5RAP2,4284,PCNT
963,CDK5RAP2,5793,SPAG5
963,CDK5RAP2,6477,TUBG1
963,CDK5RAP2,6683,WDR62
964,CDK5RAP3,1065,CHEK1
965,CDK6,966,CDK7
965,CDK6,970,CDKN1A
965,CDK6,971,CDKN1B
965,CDK6,973,CDKN2A
965,CDK6,976,CDKN2C
965,CDK6,977,CDKN2D
965,CDK6,1000,CEBPA
965,CDK6,1006,CELF1
965,CDK6,1259,CREB1
965,CDK6,1348,CTNNB1
965,CDK6,1746,EGFR
965,CDK6,1798,ELAVL1
965,CDK6,2144,FOXM1
965,CDK6,2181,FYN
965,CDK6,3994,NPM1
965,CDK6,4388,PFKFB3
965,CDK6,4648,PPM1A
965,CDK6,4649,PPM1B
965,CDK6,4712,PRDX1
965,CDK6,5034,RB1
965,CDK6,5042,RBL2
965,CDK6,5076,RELA
965,CDK6,5317,RUNX1
965,CDK6,6099,TFEB
965,CDK6,6424,TSC2
966,CDK7,968,CDK9
966,CDK7,1689,E2F1
966,CDK7,1897,ESR1
966,CDK7,1903,ETS1
966,CDK7,3206,LASP1
966,CDK7,3532,MCM2
966,CDK7,3869,NEK6
966,CDK7,4035,NR5A1
966,CDK7,4276,PCGF6
966,CDK7,4609,POLR2A
966,CDK7,4623,POU2F1
966,CDK7,4632,POU5F1
966,CDK7,4637,PPARG
966,CDK7,4744,PRKCI
966,CDK7,5014,RARA
966,CDK7,5016,RARG
966,CDK7,6275,TP53
966,CDK7,6749,XRN2
967,CDK8,1689,E2F1
967,CDK8,3377,LTC4S
967,CDK8,3424,MAML1
967,CDK8,3972,NOTCH1
967,CDK8,4609,POLR2A
967,CDK8,5685,SMAD1
967,CDK8,5687,SMAD3
967,CDK8,5883,STAT1
968,CDK9,1832,EP300
968,CDK9,3012,KAT2A
968,CDK9,3013,KAT2B
968,CDK9,3830,NCOA2
968,CDK9,4609,POLR2A
968,CDK9,4648,PPM1A
968,CDK9,4649,PPM1B
968,CDK9,4660,PPP1CA
968,CDK9,4662,PPP1CC
968,CDK9,4684,PPP2CA
968,CDK9,4685,PPP2CB
968,CDK9,5034,RB1
968,CDK9,5065,RCHY1
968,CDK9,5685,SMAD1
968,CDK9,5687,SMAD3
968,CDK9,5952,SUPT5H
968,CDK9,6275,TP53
969,CDKL5,1683,DYRK1A
969,CDKL5,3350,LRRC4C
970,CDKN1A,1008,CELF6
970,CDKN1A,1065,CHEK1
970,CDKN1A,1436,DAPK1
970,CDKN1A,1438,DAPK3
970,CDKN1A,1469,DDB2
970,CDKN1A,1684,DYRK1B
970,CDKN1A,1689,E2F1
970,CDKN1A,1750,EGR1
970,CDKN1A,1798,ELAVL1
970,CDKN1A,1833,EP400
970,CDKN1A,2032,FEN1
970,CDKN1A,2144,FOXM1
970,CDKN1A,2146,FOXO1
970,CDKN1A,2147,FOXO3
970,CDKN1A,2149,FOXP1
970,CDKN1A,2278,GFI1B
970,CDKN1A,2477,GSK3B
970,CDKN1A,2541,HDAC3
970,CDKN1A,2542,HDAC4
970,CDKN1A,2630,HNF4A
970,CDKN1A,2641,HNRNPK
970,CDKN1A,2893,ING1
970,CDKN1A,3082,KHSRP
970,CDKN1A,3210,LATS2
970,CDKN1A,3453,MAP3K5
970,CDKN1A,3465,MAPK1
970,CDKN1A,3466,MAPK10
970,CDKN1A,3470,MAPK14
970,CDKN1A,3476,MAPK8
970,CDKN1A,3480,MAPK9
970,CDKN1A,3621,MKRN1
970,CDKN1A,3745,MYC
970,CDKN1A,3878,NEUROD1
970,CDKN1A,3891,NFIA
970,CDKN1A,4282,PCNA
970,CDKN1A,4475,PIM1
970,CDKN1A,4476,PIM2
970,CDKN1A,4535,PLCG1
970,CDKN1A,4536,PLCG2
970,CDKN1A,4604,POLK
970,CDKN1A,4637,PPARG
970,CDKN1A,4738,PRKCA
970,CDKN1A,4740,PRKCD
970,CDKN1A,4825,PSME3
970,CDKN1A,5173,RNF126
970,CDKN1A,5184,RNF144B
970,CDKN1A,5283,RPS6KA3
970,CDKN1A,5591,SKP2
970,CDKN1A,5696,SMARCA4
970,CDKN1A,5786,SP1
970,CDKN1A,5883,STAT1
970,CDKN1A,5908,STK38
970,CDKN1A,6275,TP53
970,CDKN1A,6345,TRIM28
970,CDKN1A,6483,TWIST1
970,CDKN1A,6771,ZBTB17
970,CDKN1A,6772,ZBTB4
971,CDKN1B,1233,COPS5
971,CDKN1B,1324,CSNK2A1
971,CDKN1B,1367,CUL1
971,CDKN1B,1684,DYRK1B
971,CDKN1B,2110,FLT3
971,CDKN1B,2144,FOXM1
971,CDKN1B,2146,FOXO1
971,CDKN1B,2147,FOXO3
971,CDKN1B,2477,GSK3B
971,CDKN1B,2588,HIPK2
971,CDKN1B,2988,JAG1
971,CDKN1B,2991,JAK2
971,CDKN1B,3386,LYN
971,CDKN1B,3465,MAPK1
971,CDKN1B,3470,MAPK14
971,CDKN1B,3472,MAPK3
971,CDKN1B,4475,PIM1
971,CDKN1B,4476,PIM2
971,CDKN1B,4477,PIM3
971,CDKN1B,4726,PRKAA1
971,CDKN1B,4738,PRKCA
971,CDKN1B,4751,PRKDC
971,CDKN1B,4996,RANBP2
971,CDKN1B,5065,RCHY1
971,CDKN1B,5235,RNF7
971,CDKN1B,5281,RPS6KA1
971,CDKN1B,5282,RPS6KA2
971,CDKN1B,5283,RPS6KA3
971,CDKN1B,5498,SGK1
971,CDKN1B,5591,SKP2
971,CDKN1B,5827,SRC
971,CDKN1B,5883,STAT1
971,CDKN1B,5997,TAF1
971,CDKN1B,6555,UHMK1
971,CDKN1B,6752,YES1
971,CDKN1B,6760,YWHAE
971,CDKN1B,6762,YWHAH
971,CDKN1B,6763,YWHAQ
972,CDKN1C,1925,EZH2
972,CDKN1C,2277,GFI1
972,CDKN1C,3065,KDM1A
972,CDKN1C,3470,MAPK14
973,CDKN2A,1436,DAPK1
973,CDKN2A,1689,E2F1
973,CDKN2A,1690,E2F2
973,CDKN2A,1691,E2F3
973,CDKN2A,1904,ETS2
973,CDKN2A,1925,EZH2
973,CDKN2A,2729,HUWE1
973,CDKN2A,2800,IKBKB
973,CDKN2A,3014,KAT5
973,CDKN2A,3552,MDM2
973,CDKN2A,3621,MKRN1
973,CDKN2A,3745,MYC
973,CDKN2A,3994,NPM1
973,CDKN2A,4738,PRKCA
973,CDKN2A,4814,PSMC3
973,CDKN2A,4825,PSME3
973,CDKN2A,6397,TRIP12
973,CDKN2A,6483,TWIST1
974,CDKN2AIP,3552,MDM2
974,CDKN2AIP,6275,TP53
975,CDKN2B,1925,EZH2
975,CDKN2B,2146,FOXO1
975,CDKN2B,2147,FOXO3
975,CDKN2B,4739,PRKCB
977,CDKN2D,2146,FOXO1
977,CDKN2D,2147,FOXO3
977,CDKN2D,3470,MAPK14
977,CDKN2D,4729,PRKACA
977,CDKN2D,4738,PRKCA
977,CDKN2D,5014,RARA
979,CDO1,5535,SHH
980,CDON,1519,DHH
980,CDON,2799,IHH
980,CDON,3470,MAPK14
980,CDON,4068,NTN3
980,CDON,5535,SHH
980,CDON,5794,SPAG9
981,CDR2,3745,MYC
982,CDS1,1066,CHEK2
982,CDS1,4556,PLK1
982,CDS1,4648,PPM1A
982,CDS1,4650,PPM1D
982,CDS1,4751,PRKDC
982,CDS1,6457,TTK
983,CDT1,1689,E2F1
983,CDT1,1692,E2F4
983,CDT1,1832,EP300
983,CDT1,2341,GMNN
983,CDT1,3013,KAT2B
983,CDT1,3476,MAPK8
983,CDT1,3532,MCM2
983,CDT1,4282,PCNA
985,CDX1,5014,RARA
986,CDX2,987,CDX4
986,CDX2,2144,FOXM1
986,CDX2,2477,GSK3B
986,CDX2,3470,MAPK14
986,CDX2,4329,PDHX
988,CDYL,1755,EHMT2
989,CEACAM1,996,CEACAM5
989,CEACAM1,997,CEACAM6
989,CEACAM1,999,CEACAM8
989,CEACAM1,1746,EGFR
989,CEACAM1,2522,HAVCR2
989,CEACAM1,3386,LYN
989,CEACAM1,3445,MAP3K10
989,CEACAM1,3589,MFAP3L
989,CEACAM1,4296,PDCD1
989,CEACAM1,5430,SELE
989,CEACAM1,5785,SOX9
989,CEACAM1,5827,SRC
990,CEACAM16,6075,TECTA
990,CEACAM16,6076,TECTB
991,CEACAM19,2167,FSTL5
992,CEACAM20,6663,VSIG8
993,CEACAM21,3268,LILRA6
993,CEACAM21,3269,LILRB1
994,CEACAM3,996,CEACAM5
994,CEACAM3,998,CEACAM7
994,CEACAM3,4884,PTPRD
995,CEACAM4,2112,FLT4
995,CEACAM4,4298,PDCD1LG2
996,CEACAM5,997,CEACAM6
996,CEACAM5,998,CEACAM7
996,CEACAM5,999,CEACAM8
996,CEACAM5,3345,LRP8
997,CEACAM6,998,CEACAM7
997,CEACAM6,999,CEACAM8
997,CEACAM6,1746,EGFR
997,CEACAM6,2944,ITGA1
997,CEACAM6,5870,STAB1
999,CEACAM8,4892,PTPRO
999,CEACAM8,6076,TECTB
1000,CEBPA,1304,CSF1R
1000,CEBPA,1306,CSF2RA
1000,CEBPA,1309,CSF3R
1000,CEBPA,1797,ELANE
1000,CEBPA,2242,GATA3
1000,CEBPA,2476,GSK3A
1000,CEBPA,2477,GSK3B
1000,CEBPA,3378,LTF
1000,CEBPA,3392,LYZ
1000,CEBPA,3465,MAPK1
1000,CEBPA,3472,MAPK3
1000,CEBPA,3672,MPO
1000,CEBPA,4017,NR0B2
1000,CEBPA,4028,NR2F2
1000,CEBPA,4290,PCSK7
1000,CEBPA,5599,SLC11A1
1000,CEBPA,5687,SMAD3
1000,CEBPA,5803,SPI1
1000,CEBPA,5948,SUMO3
1000,CEBPA,6513,UBE2I
1000,CEBPA,6577,USF1
1000,CEBPA,6770,ZBTB16
1001,CEBPB,1259,CREB1
1001,CEBPB,1692,E2F4
1001,CEBPB,2146,FOXO1
1001,CEBPB,2242,GATA3
1001,CEBPB,2477,GSK3B
1001,CEBPB,2588,HIPK2
1001,CEBPB,2694,HSP90AA1
1001,CEBPB,3213,LBP
1001,CEBPB,3465,MAPK1
1001,CEBPB,3466,MAPK10
1001,CEBPB,3472,MAPK3
1001,CEBPB,3476,MAPK8
1001,CEBPB,4030,NR3C1
1001,CEBPB,4128,ORM1
1001,CEBPB,4729,PRKACA
1001,CEBPB,4739,PRKCB
1001,CEBPB,5281,RPS6KA1
1001,CEBPB,5282,RPS6KA2
1001,CEBPB,5283,RPS6KA3
1001,CEBPB,5318,RUNX2
1001,CEBPB,5687,SMAD3
1001,CEBPB,5885,STAT3
1001,CEBPB,5912,STK40
1002,CEBPD,1324,CSNK2A1
1002,CEBPD,2477,GSK3B
1003,CEBPE,1004,CEBPG
1003,CEBPE,2477,GSK3B
1003,CEBPE,3476,MAPK8
1003,CEBPE,5014,RARA
1005,CEL,1395,CXCR4
1006,CELF1,1769,EIF2S1
1006,CELF1,4738,PRKCA
1007,CELF2,5827,SRC
1009,CELSR1,4793,PSAP
1010,CELSR2,6211,TNF
1011,CENPA,1530,DIAPH3
1011,CENPA,2144,FOXM1
1011,CENPA,2594,HJURP
1011,CENPA,3994,NPM1
1012,CENPB,2144,FOXM1
1013,CENPE,1117,CKS2
1013,CENPE,3107,KIFC1
1013,CENPE,3465,MAPK1
1013,CENPE,4707,PRC1
1014,CENPF,2144,FOXM1
1015,CENPJ,1018,CEP135
1015,CENPJ,4557,PLK2
1015,CENPJ,4559,PLK4
1016,CENPK,5783,SOX6
1017,CENPQ,4556,PLK1
1018,CEP135,5358,SASS6
1020,CEP164,6738,XPA
1021,CEP170,3465,MAPK1
1022,CEP192,4556,PLK1
1023,CEP250,3867,NEK2
1023,CEP250,4281,PCM1
1023,CEP250,4660,PPP1CA
1023,CEP250,4661,PPP1CB
1023,CEP250,4662,PPP1CC
1023,CEP250,5401,SCYL1
1023,CEP250,5558,SIK2
1024,CEP290,4953,RAB8A
1024,CEP290,6062,TCTN1
1025,CEP55,3465,MAPK1
1025,CEP55,4556,PLK1
1027,CEP68,4556,PLK1
1029,CEP76,4556,PLK1
1030,CER1,3683,MRC2
1031,CERK,4980,RAF1
1032,CETN1,4281,PCM1
1032,CETN1,4648,PPM1A
1032,CETN1,4649,PPM1B
1032,CETN1,4729,PRKACA
1033,CETN2,1324,CSNK2A1
1033,CETN2,4281,PCM1
1033,CETN2,4649,PPM1B
1033,CETN2,4729,PRKACA
1034,CETN3,4281,PCM1
1035,CFB,1038,CFD
1035,CFB,1039,CFH
1036,CFC1,2898,INHBB
1036,CFC1,3961,NODAL
1036,CFC1,5687,SMAD3
1037,CFC1B,2898,INHBB
1039,CFH,1040,CFHR1
1039,CFH,1041,CFI
1039,CFH,1279,CRP
1039,CFH,2959,ITGAM
1039,CFH,4903,PTX3
1039,CFH,5431,SELL
1042,CFL1,2883,ILK
1042,CFL1,3277,LIMK1
1042,CFL1,3278,LIMK2
1042,CFL1,4047,NRK
1042,CFL1,4349,PDXP
1042,CFL1,4662,PPP1CC
1042,CFL1,4684,PPP2CA
1042,CFL1,4696,PPP2R5C
1042,CFL1,4738,PRKCA
1042,CFL1,5242,ROBO2
1042,CFL1,5243,ROBO3
1042,CFL1,5827,SRC
1042,CFL1,5855,SSH1
1042,CFL1,5856,SSH2
1042,CFL1,5857,SSH3
1042,CFL1,6084,TESK1
1042,CFL1,6085,TESK2
1042,CFL1,6762,YWHAH
1043,CFL2,3277,LIMK1
1043,CFL2,5283,RPS6KA3
1043,CFL2,5855,SSH1
1043,CFL2,6084,TESK1
1043,CFL2,6085,TESK2
1044,CFLAR,1946,FADD
1044,CFLAR,2943,ITCH
1044,CFLAR,3470,MAPK14
1044,CFLAR,3476,MAPK8
1044,CFLAR,4738,PRKCA
1045,CFP,3836,NCR1
1046,CFTR,1324,CSNK2A1
1046,CFTR,2378,GOPC
1046,CFTR,2694,HSP90AA1
1046,CFTR,2702,HSPA8
1046,CFTR,3304,LMTK2
1046,CFTR,3386,LYN
1046,CFTR,3890,NFE2L2
1046,CFTR,4726,PRKAA1
1046,CFTR,4729,PRKACA
1046,CFTR,4738,PRKCA
1046,CFTR,4739,PRKCB
1046,CFTR,4751,PRKDC
1046,CFTR,4752,PRKG1
1046,CFTR,4753,PRKG2
1046,CFTR,5233,RNF5
1046,CFTR,5245,ROCK1
1046,CFTR,5283,RPS6KA3
1046,CFTR,5334,S100A10
1046,CFTR,5523,SHANK2
1046,CFTR,5666,SLC9A3R1
1046,CFTR,5910,STK39
1046,CFTR,5964,SYK
1046,CFTR,6159,TJP1
1046,CFTR,6765,YY1
1047,CGA,2125,FOS
1047,CGA,2163,FSHR
1047,CGA,2411,GPR20
1047,CGA,2422,GPR84
1047,CGA,3006,JUN
1047,CGA,3253,LHCGR
1047,CGA,3257,LHX4
1047,CGA,4850,PTH1R
1047,CGA,4992,RAMP2
1047,CGA,4993,RAMP3
1047,CGA,6428,TSHR
1047,CGA,6646,VIPR1
1048,CGB5,3253,LHCGR
1048,CGB5,4729,PRKACA
1048,CGB5,4730,PRKACB
1048,CGB5,4752,PRKG1
1049,CGB7,3253,LHCGR
1050,CGN,1929,F11R
1050,CGN,4105,OCLN
1050,CGN,4738,PRKCA
1050,CGN,4751,PRKDC
1050,CGN,6115,TGFBR1
1050,CGN,6116,TGFBR2
1051,CGRRF1,6513,UBE2I
1052,CH25H,2143,FOXL2
1053,CHAD,2947,ITGA2
1053,CHAD,2962,ITGB1
1055,CHAF1B,2477,GSK3B
1055,CHAF1B,3470,MAPK14
1055,CHAF1B,4282,PCNA
1056,CHAT,4738,PRKCA
1056,CHAT,4739,PRKCB
1056,CHAT,4740,PRKCD
1056,CHAT,4741,PRKCE
1056,CHAT,4742,PRKCG
1056,CHAT,4747,PRKCZ
1058,CHCHD3,4729,PRKACA
1059,CHD1,1325,CSNK2A2
1060,CHD1L,4202,PARP1
1061,CHD2,3782,MYOD1
1061,CHD2,4202,PARP1
1061,CHD2,6746,XRCC4
1062,CHD3,2477,GSK3B
1062,CHD3,3470,MAPK14
1062,CHD3,6345,TRIM28
1063,CHD4,1324,CSNK2A1
1063,CHD4,2477,GSK3B
1063,CHD4,3465,MAPK1
1063,CHD4,3470,MAPK14
1063,CHD4,4202,PARP1
1064,CHD8,1348,CTNNB1
1065,CHEK1,1160,CLSPN
1065,CHEK1,1326,CSNK2B
1065,CHEK1,1478,DDX19B
1065,CHEK1,1689,E2F1
1065,CHEK1,1691,E2F3
1065,CHEK1,1694,E2F6
1065,CHEK1,1891,ERRFI1
1065,CHEK1,1917,EXO1
1065,CHEK1,1965,FANCD2
1065,CHEK1,1966,FANCE
1065,CHEK1,1970,FANCL
1065,CHEK1,2003,FBXO6
1065,CHEK1,2477,GSK3B
1065,CHEK1,2529,HCK
1065,CHEK1,2893,ING1
1065,CHEK1,3210,LATS2
1065,CHEK1,3400,MAD2L1
1065,CHEK1,3506,MATR3
1065,CHEK1,3533,MCM3
1065,CHEK1,3535,MCM4
1065,CHEK1,3553,MDM4
1065,CHEK1,3866,NEK11
1065,CHEK1,3896,NFKB1
1065,CHEK1,4112,OGT
1065,CHEK1,4475,PIM1
1065,CHEK1,4650,PPM1D
1065,CHEK1,4684,PPP2CA
1065,CHEK1,4685,PPP2CB
1065,CHEK1,4697,PPP2R5D
1065,CHEK1,4751,PRKDC
1065,CHEK1,4900,PTTG1
1065,CHEK1,4970,RAD51
1065,CHEK1,5030,RASSF1
1065,CHEK1,5034,RB1
1065,CHEK1,5076,RELA
1065,CHEK1,5128,RIF1
1065,CHEK1,5283,RPS6KA3
1065,CHEK1,5484,SETMAR
1065,CHEK1,5730,SNCB
1065,CHEK1,5827,SRC
1065,CHEK1,5964,SYK
1065,CHEK1,6150,TIMELESS
1065,CHEK1,6169,TLK1
1065,CHEK1,6170,TLK2
1065,CHEK1,6275,TP53
1065,CHEK1,6277,TP53BP1
1065,CHEK1,6285,TP73
1065,CHEK1,6345,TRIM28
1065,CHEK1,6505,UBE2B
1065,CHEK1,6686,WEE1
1066,CHEK2,1320,CSNK1E
1066,CHEK2,1326,CSNK2B
1066,CHEK2,1689,E2F1
1066,CHEK2,1691,E2F3
1066,CHEK2,1798,ELAVL1
1066,CHEK2,2144,FOXM1
1066,CHEK2,2477,GSK3B
1066,CHEK2,2892,INCENP
1066,CHEK2,3118,KIT
1066,CHEK2,3164,KPNA2
1066,CHEK2,3210,LATS2
1066,CHEK2,3476,MAPK8
1066,CHEK2,3487,MAPT
1066,CHEK2,3552,MDM2
1066,CHEK2,3553,MDM4
1066,CHEK2,4556,PLK1
1066,CHEK2,4558,PLK3
1066,CHEK2,4581,PML
1066,CHEK2,4648,PPM1A
1066,CHEK2,4650,PPM1D
1066,CHEK2,4684,PPP2CA
1066,CHEK2,4685,PPP2CB
1066,CHEK2,4696,PPP2R5C
1066,CHEK2,4738,PRKCA
1066,CHEK2,4751,PRKDC
1066,CHEK2,4900,PTTG1
1066,CHEK2,5025,RASGRF1
1066,CHEK2,5034,RB1
1066,CHEK2,5089,REV3L
1066,CHEK2,5761,SOD1
1066,CHEK2,5922,STRAP
1066,CHEK2,6081,TERF2
1066,CHEK2,6275,TP53
1066,CHEK2,6345,TRIM28
1066,CHEK2,6457,TTK
1066,CHEK2,6642,VHL
1066,CHEK2,6743,XRCC1
1067,CHFR,2537,HDAC1
1067,CHFR,2615,HLTF
1067,CHFR,3095,KIF22
1067,CHFR,4202,PARP1
1067,CHFR,4217,PBK
1067,CHFR,4556,PLK1
1067,CHFR,5696,SMARCA4
1067,CHFR,5700,SMARCB1
1067,CHFR,5703,SMARCD1
1067,CHFR,6513,UBE2I
1067,CHFR,6606,USP7
1068,CHGA,1325,CSNK2A2
1069,CHIA,5889,STAT6
1070,CHKA,1746,EGFR
1070,CHKA,3014,KAT5
1070,CHKA,4554,PLIN2
1070,CHKA,4555,PLIN3
1070,CHKA,5827,SRC
1071,CHKB,4729,PRKACA
1072,CHL1,1182,CNTN1
1072,CHL1,1186,CNTN5
1072,CHL1,2167,FSTL5
1072,CHL1,3182,L1CAM
1072,CHL1,5568,SIRPA
1072,CHL1,6193,TMEM132A
1073,CHM,4958,RABGGTA
1073,CHM,4959,RABGGTB
1074,CHMP2A,6655,VPS4A
1075,CHMP4B,6452,TTC19
1076,CHMP4C,6275,TP53
1077,CHN1,4960,RAC1
1078,CHN2,2181,FYN
1078,CHN2,3216,LCK
1078,CHN2,4740,PRKCD
1078,CHN2,4960,RAC1
1078,CHN2,5827,SRC
1079,CHRD,2577,HHEX
1080,CHRM1,2343,GNA11
1080,CHRM1,2346,GNA14
1080,CHRM1,2348,GNAI1
1080,CHRM1,2349,GNAI2
1080,CHRM1,2350,GNAI3
1080,CHRM1,2353,GNAQ
1080,CHRM1,2359,GNB2
1081,CHRM2,1320,CSNK1E
1081,CHRM2,2348,GNAI1
1081,CHRM2,2350,GNAI3
1081,CHRM2,2352,GNAO1
1081,CHRM2,2359,GNB2
1081,CHRM2,2477,GSK3B
1081,CHRM2,3476,MAPK8
1081,CHRM2,4739,PRKCB
1082,CHRM3,2346,GNA14
1082,CHRM3,2347,GNA15
1082,CHRM3,2348,GNAI1
1082,CHRM3,2350,GNAI3
1082,CHRM3,2353,GNAQ
1082,CHRM3,2510,GZMB
1083,CHRM4,1723,EEF1A2
1083,CHRM4,2348,GNAI1
1083,CHRM4,2350,GNAI3
1083,CHRM4,2352,GNAO1
1083,CHRM4,2359,GNB2
1084,CHRM5,2346,GNA14
1084,CHRM5,2347,GNA15
1084,CHRM5,2348,GNAI1
1084,CHRM5,2350,GNAI3
1084,CHRM5,2352,GNAO1
1084,CHRM5,2353,GNAQ
1084,CHRM5,2357,GNAZ
1085,CHRNA1,3065,KDM1A
1085,CHRNA1,6716,WNT9A
1085,CHRNA1,6717,WNT9B
1086,CHRNA10,5684,SLURP1
1087,CHRNA3,5684,SLURP1
1088,CHRNA4,5684,SLURP1
1089,CHRNA7,5120,RHOA
1089,CHRNA7,5684,SLURP1
1089,CHRNA7,5827,SRC
1089,CHRNA7,6842,ZP3
1090,CHRNA9,5684,SLURP1
1091,CHRNB1,2909,INSR
1092,CHRNB2,5684,SLURP1
1094,CHRNB4,5684,SLURP1
1095,CHRND,4738,PRKCA
1095,CHRND,4752,PRKG1
1095,CHRND,5283,RPS6KA3
1096,CHRNG,5283,RPS6KA3
1097,CHTF18,2477,GSK3B
1097,CHTF18,3470,MAPK14
1098,CHUK,1264,CREBBP
1098,CHUK,1348,CTNNB1
1098,CHUK,1405,CYLD
1098,CHUK,1689,E2F1
1098,CHUK,1873,ERC1
1098,CHUK,1897,ESR1
1098,CHUK,2130,FOXA2
1098,CHUK,2147,FOXO3
1098,CHUK,2541,HDAC3
1098,CHUK,2800,IKBKB
1098,CHUK,2801,IKBKE
1098,CHUK,2802,IKBKG
1098,CHUK,2928,IRF5
1098,CHUK,2929,IRF7
1098,CHUK,3356,LRRK2
1098,CHUK,3444,MAP3K1
1098,CHUK,3449,MAP3K14
1098,CHUK,3450,MAP3K2
1098,CHUK,3451,MAP3K3
1098,CHUK,3455,MAP3K7
1098,CHUK,3831,NCOA3
1098,CHUK,3835,NCOR2
1098,CHUK,3896,NFKB1
1098,CHUK,3897,NFKB2
1098,CHUK,3898,NFKBIA
1098,CHUK,3899,NFKBIB
1098,CHUK,3972,NOTCH1
1098,CHUK,4445,PIAS1
1098,CHUK,4684,PPP2CA
1098,CHUK,4685,PPP2CB
1098,CHUK,4739,PRKCB
1098,CHUK,4745,PRKCQ
1098,CHUK,5076,RELA
1098,CHUK,5077,RELB
1098,CHUK,5498,SGK1
1098,CHUK,5827,SRC
1098,CHUK,6024,TAX1BP1
1098,CHUK,6035,TBK1
1098,CHUK,6309,TRAF4
1098,CHUK,6424,TSC2
1099,CIB1,2948,ITGA2B
1099,CIB1,4179,PAK1
1099,CIB1,4749,PRKD2
1099,CIB1,4962,RAC3
1100,CIB2,6187,TMC1
1100,CIB2,6188,TMC2
1101,CIC,2477,GSK3B
1101,CIC,3465,MAPK1
1101,CIC,3472,MAPK3
1101,CIC,3476,MAPK8
1101,CIC,5281,RPS6KA1
1101,CIC,5283,RPS6KA3
1102,CIDEC,4635,PPARA
1103,CIITA,1264,CREBBP
1103,CIITA,2477,GSK3B
1103,CIITA,2540,HDAC2
1103,CIITA,3013,KAT2B
1103,CIITA,3465,MAPK1
1103,CIITA,3472,MAPK3
1103,CIITA,3783,MYOG
1103,CIITA,4729,PRKACA
1103,CIITA,4730,PRKACB
1103,CIITA,4751,PRKDC
1103,CIITA,5101,RFX5
1104,CIR1,5058,RBPJ
1105,CIRBP,6319,TREM1
1107,CISH,1862,EPOR
1107,CISH,3236,LEPR
1107,CISH,4759,PRLR
1107,CISH,5887,STAT5A
1108,CIT,3088,KIF14
1108,CIT,3763,MYL9
1108,CIT,5120,RHOA
1108,CIT,5283,RPS6KA3
1109,CITED1,5076,RELA
1110,CITED2,3465,MAPK1
1112,CKAP4,2190,FZD8
1112,CKAP4,6781,ZDHHC2
1114,CKLF,3344,LRP6
1116,CKS1B,2144,FOXM1
1117,CKS2,2584,HINFP
1118,CLASP1,1151,CLIP1
1118,CLASP1,1152,CLIP2
1118,CLASP1,3476,MAPK8
1118,CLASP1,3484,MAPRE1
1118,CLASP1,4747,PRKCZ
1118,CLASP1,4751,PRKDC
1118,CLASP1,6302,TPX2
1119,CLASP2,1151,CLIP1
1119,CLASP2,1152,CLIP2
1119,CLASP2,2477,GSK3B
1119,CLASP2,2914,IQGAP1
1119,CLASP2,3470,MAPK14
1119,CLASP2,3484,MAPRE1
1119,CLASP2,4556,PLK1
1120,CLCF1,1181,CNTFR
1120,CLCF1,1274,CRLF1
1120,CLCF1,2875,IL6ST
1120,CLCF1,3259,LIFR
1120,CLCF1,5771,SORL1
1121,CLCN3,2378,GOPC
1121,CLCN3,4353,PDZK1
1122,CLDN1,1128,CLDN2
1122,CLDN1,1739,EFNB1
1122,CLDN1,1840,EPCAM
1122,CLDN1,3667,MPDZ
1122,CLDN1,4738,PRKCA
1122,CLDN1,6159,TJP1
1122,CLDN1,6160,TJP2
1122,CLDN1,6161,TJP3
1123,CLDN11,2962,ITGB1
1123,CLDN11,6440,TSPAN3
1123,CLDN11,6441,TSPAN33
1125,CLDN14,1126,CLDN16
1126,CLDN16,1127,CLDN19
1126,CLDN16,6420,TRPV5
1127,CLDN19,1132,CLDN6
1127,CLDN19,1133,CLDN7
1127,CLDN19,1134,CLDN8
1127,CLDN19,1135,CLDN9
1128,CLDN2,1129,CLDN3
1128,CLDN2,3178,KRTAP4-12
1128,CLDN2,4105,OCLN
1128,CLDN2,6159,TJP1
1128,CLDN2,6160,TJP2
1128,CLDN2,6161,TJP3
1129,CLDN3,4729,PRKACA
1129,CLDN3,6159,TJP1
1129,CLDN3,6160,TJP2
1129,CLDN3,6161,TJP3
1130,CLDN4,1735,EFNA2
1130,CLDN4,1739,EFNB1
1130,CLDN4,1844,EPHA2
1130,CLDN4,3667,MPDZ
1130,CLDN4,4738,PRKCA
1130,CLDN4,5527,SHBG
1130,CLDN4,6159,TJP1
1130,CLDN4,6160,TJP2
1130,CLDN4,6161,TJP3
1131,CLDN5,3667,MPDZ
1131,CLDN5,6159,TJP1
1131,CLDN5,6160,TJP2
1131,CLDN5,6161,TJP3
1132,CLDN6,6159,TJP1
1132,CLDN6,6160,TJP2
1132,CLDN6,6161,TJP3
1133,CLDN7,1840,EPCAM
1133,CLDN7,5785,SOX9
1133,CLDN7,6159,TJP1
1133,CLDN7,6160,TJP2
1133,CLDN7,6161,TJP3
1133,CLDN7,6483,TWIST1
1133,CLDN7,6698,WNK4
1134,CLDN8,3667,MPDZ
1134,CLDN8,6159,TJP1
1134,CLDN8,6160,TJP2
1134,CLDN8,6161,TJP3
1136,CLEC10A,1145,CLEC3A
1137,CLEC11A,2945,ITGA10
1137,CLEC11A,2946,ITGA11
1137,CLEC11A,2962,ITGB1
1138,CLEC12A,4877,PTPN6
1139,CLEC12B,2881,ILDR2
1140,CLEC14A,2845,IL20RA
1140,CLEC14A,3655,MMRN2
1140,CLEC14A,3812,NCAM1
1141,CLEC1B,3154,KLRB1
1141,CLEC1B,4345,PDPN
1142,CLEC2B,3154,KLRB1
1142,CLEC2B,3158,KLRF1
1143,CLEC2D,3154,KLRB1
1144,CLEC2L,2793,IGSF11
1144,CLEC2L,3154,KLRB1
1144,CLEC2L,3812,NCAM1
1146,CLEC4A,4801,PSG7
1146,CLEC4A,5413,SDK2
1147,CLEC4G,3186,LAG3
1147,CLEC4G,5803,SPI1
1148,CLEC4M,2469,GRN
1148,CLEC4M,2737,ICAM3
1149,CLEC7A,5889,STAT6
1150,CLIC5,2181,FYN
1151,CLIP1,1320,CSNK1E
1151,CLIP1,1324,CSNK2A1
1151,CLIP1,1463,DCTN1
1151,CLIP1,2600,HLA-DMA
1151,CLIP1,2601,HLA-DMB
1151,CLIP1,2602,HLA-DOA
1151,CLIP1,2603,HLA-DOB
1151,CLIP1,2604,HLA-DPA1
1151,CLIP1,2605,HLA-DPB1
1151,CLIP1,2606,HLA-DQA1
1151,CLIP1,2607,HLA-DQA2
1151,CLIP1,2608,HLA-DQB1
1151,CLIP1,2609,HLA-DRA
1151,CLIP1,2610,HLA-DRB1
1151,CLIP1,2611,HLA-DRB5
1151,CLIP1,3355,LRRK1
1151,CLIP1,4174,PAFAH1B1
1151,CLIP1,4508,PKN1
1151,CLIP1,4510,PKN3
1151,CLIP1,4556,PLK1
1151,CLIP1,4738,PRKCA
1153,CLK1,3214,LBR
1153,CLK1,4724,PRICKLE2
1153,CLK1,4864,PTPN1
1153,CLK1,5046,RBM17
1154,CLK2,1319,CSNK1D
1154,CLK2,4176,PAGE4
1154,CLK2,4864,PTPN1
1155,CLK3,6585,USP13
1157,CLMN,2477,GSK3B
1157,CLMN,3480,MAPK9
1157,CLMN,4752,PRKG1
1158,CLN8,4684,PPP2CA
1158,CLN8,5478,SET
1159,CLOCK,2477,GSK3B
1159,CLOCK,3419,MAGEL2
1160,CLSPN,1469,DDB2
1160,CLSPN,1692,E2F4
1160,CLSPN,2008,FBXW11
1160,CLSPN,4441,PI4K2A
1160,CLSPN,4556,PLK1
1160,CLSPN,4739,PRKCB
1160,CLSPN,6505,UBE2B
1160,CLSPN,6597,USP28
1160,CLSPN,6606,USP7
1160,CLSPN,6677,WDHD1
1162,CLTB,1317,CSNK1A1
1162,CLTB,1324,CSNK2A1
1162,CLTB,1325,CSNK2A2
1163,CLTC,2181,FYN
1163,CLTC,2909,INSR
1163,CLTC,3470,MAPK14
1163,CLTC,4449,PICALM
1163,CLTC,4730,PRKACB
1163,CLTC,5827,SRC
1164,CLTCL1,4449,PICALM
1165,CLU,1228,COMMD1
1165,CLU,2800,IKBKB
1165,CLU,3340,LRP2
1165,CLU,6320,TREM2
1166,CLUL1,2419,GPR55
1167,CMA1,1715,EDN1
1167,CMA1,1717,EDN3
1167,CMA1,3637,MMP1
1168,CMKLR1,5018,RARRES2
1169,CNBP,4760,PRMT1
1171,CNKSR1,3949,NME1
1171,CNKSR1,4980,RAF1
1171,CNKSR1,5030,RASSF1
1171,CNKSR1,5827,SRC
1172,CNKSR2,4980,RAF1
1173,CNN1,2181,FYN
1173,CNN1,4739,PRKCB
1173,CNN1,4751,PRKDC
1173,CNN1,5246,ROCK2
1174,CNN3,2181,FYN
1174,CNN3,5246,ROCK2
1175,CNOT3,3470,MAPK14
1176,CNOT4,2477,GSK3B
1176,CNOT4,3074,KDM5C
1176,CNOT4,3465,MAPK1
1176,CNOT4,3476,MAPK8
1176,CNOT4,5045,RBM15
1176,CNOT4,6513,UBE2I
1177,CNP,3515,MBP
1177,CNP,5283,RPS6KA3
1178,CNR1,2344,GNA12
1178,CNR1,2345,GNA13
1178,CNR1,2346,GNA14
1178,CNR1,2348,GNAI1
1178,CNR1,2349,GNAI2
1178,CNR1,2350,GNAI3
1178,CNR1,2352,GNAO1
1178,CNR1,2357,GNAZ
1178,CNR1,2359,GNB2
1178,CNR1,2534,HCRTR1
1178,CNR1,6060,TCN2
1178,CNR1,6417,TRPV1
1179,CNR2,2348,GNAI1
1179,CNR2,2350,GNAI3
1179,CNR2,2352,GNAO1
1179,CNR2,2357,GNAZ
1179,CNR2,2359,GNB2
1179,CNR2,2456,GRK1
1180,CNTF,1181,CNTFR
1180,CNTF,1274,CRLF1
1180,CNTF,1746,EGFR
1180,CNTF,2874,IL6R
1180,CNTF,2875,IL6ST
1180,CNTF,3259,LIFR
1181,CNTFR,1274,CRLF1
1181,CNTFR,2990,JAK1
1181,CNTFR,3178,KRTAP4-12
1181,CNTFR,3272,LILRB4
1181,CNTFR,3838,NCR3
1181,CNTFR,4589,PNP
1181,CNTFR,5771,SORL1
1182,CNTN1,1183,CNTN2
1182,CNTN1,1188,CNTNAP1
1182,CNTN1,1189,CNTNAP2
1182,CNTN1,2024,FCGRT
1182,CNTN1,2853,IL23R
1182,CNTN1,3182,L1CAM
1182,CNTN1,3523,MCAM
1182,CNTN1,3812,NCAM1
1182,CNTN1,3882,NFASC
1182,CNTN1,3972,NOTCH1
1182,CNTN1,3973,NOTCH2
1182,CNTN1,4039,NRCAM
1182,CNTN1,4248,PCDHB7
1182,CNTN1,4897,PTPRZ1
1182,CNTN1,5497,SGCG
1182,CNTN1,6140,THY1
1182,CNTN1,6210,TNC
1183,CNTN2,1189,CNTNAP2
1183,CNTN2,3170,KREMEN1
1183,CNTN2,4039,NRCAM
1183,CNTN2,4049,NRP1
1184,CNTN3,4887,PTPRG
1185,CNTN4,4887,PTPRG
1186,CNTN5,2167,FSTL5
1186,CNTN5,2838,IL1RAPL1
1186,CNTN5,2839,IL1RAPL2
1186,CNTN5,4887,PTPRG
1186,CNTN5,5594,SLAMF1
1186,CNTN5,6202,TMEM81
1187,CNTN6,3972,NOTCH1
1187,CNTN6,4887,PTPRG
1188,CNTNAP1,5313,RTN4
1188,CNTNAP1,5314,RTN4R
1191,CNTROB,3867,NEK2
1193,COBL,2477,GSK3B
1193,COBL,3466,MAPK10
1193,COBL,5283,RPS6KA3
1194,COIL,2477,GSK3B
1194,COIL,3466,MAPK10
1194,COIL,3476,MAPK8
1194,COIL,4653,PPM1G
1194,COIL,4738,PRKCA
1194,COIL,6658,VRK1
1194,COIL,6659,VRK2
1195,COL10A1,3187,LAIR1
1196,COL11A1,1474,DDR1
1196,COL11A1,2947,ITGA2
1196,COL11A1,2962,ITGB1
1197,COL13A1,2117,FN1
1197,COL13A1,2709,HSPG2
1197,COL13A1,3918,NID1
1197,COL13A1,3919,NID2
1199,COL16A1,2962,ITGB1
1200,COL17A1,1324,CSNK2A1
1200,COL17A1,3196,LAMB3
1200,COL17A1,3198,LAMC2
1201,COL18A1,2386,GPC1
1201,COL18A1,2389,GPC4
1201,COL18A1,2949,ITGA3
1201,COL18A1,2951,ITGA5
1201,COL18A1,2962,ITGB1
1201,COL18A1,2965,ITGB3
1201,COL18A1,2968,ITGB5
1201,COL18A1,3076,KDR
1201,COL18A1,4894,PTPRS
1201,COL18A1,6275,TP53
1202,COL1A1,1230,COMP
1202,COL1A1,1474,DDR1
1202,COL1A1,1475,DDR2
1202,COL1A1,2112,FLT4
1202,COL1A1,2383,GP6
1202,COL1A1,2944,ITGA1
1202,COL1A1,2946,ITGA11
1202,COL1A1,2947,ITGA2
1202,COL1A1,2951,ITGA5
1202,COL1A1,2960,ITGAV
1202,COL1A1,2962,ITGB1
1202,COL1A1,3187,LAIR1
1202,COL1A1,3740,MYB
1202,COL1A1,5403,SDC1
1202,COL1A1,5786,SP1
1202,COL1A1,6208,TMPRSS6
1202,COL1A1,6630,VCAN
1202,COL1A1,6666,VWF
1203,COL1A2,1230,COMP
1203,COL1A2,1474,DDR1
1203,COL1A2,1475,DDR2
1203,COL1A2,2112,FLT4
1203,COL1A2,2383,GP6
1203,COL1A2,2944,ITGA1
1203,COL1A2,2946,ITGA11
1203,COL1A2,2947,ITGA2
1203,COL1A2,2948,ITGA2B
1203,COL1A2,2960,ITGAV
1203,COL1A2,2962,ITGB1
1203,COL1A2,2965,ITGB3
1203,COL1A2,3187,LAIR1
1203,COL1A2,3740,MYB
1203,COL1A2,3893,NFIC
1203,COL1A2,5403,SDC1
1203,COL1A2,6630,VCAN
1203,COL1A2,6666,VWF
1204,COL2A1,1474,DDR1
1204,COL2A1,1475,DDR2
1204,COL2A1,2944,ITGA1
1204,COL2A1,2945,ITGA10
1204,COL2A1,2947,ITGA2
1204,COL2A1,2948,ITGA2B
1204,COL2A1,2962,ITGB1
1204,COL2A1,3187,LAIR1
1204,COL2A1,3413,MAG
1204,COL2A1,3505,MATN1
1204,COL2A1,3637,MMP1
1204,COL2A1,3641,MMP13
1204,COL2A1,6216,TNFRSF10A
1205,COL3A1,1474,DDR1
1205,COL3A1,1475,DDR2
1205,COL3A1,2947,ITGA2
1205,COL3A1,2962,ITGB1
1205,COL3A1,3187,LAIR1
1205,COL3A1,3413,MAG
1205,COL3A1,5403,SDC1
1205,COL3A1,6666,VWF
1206,COL4A1,1474,DDR1
1206,COL4A1,1475,DDR2
1206,COL4A1,2944,ITGA1
1206,COL4A1,2947,ITGA2
1206,COL4A1,2960,ITGAV
1206,COL4A1,2962,ITGB1
1206,COL4A1,2971,ITGB8
1206,COL4A1,6666,VWF
1207,COL4A2,1474,DDR1
1207,COL4A2,1475,DDR2
1207,COL4A2,2965,ITGB3
1207,COL4A2,2968,ITGB5
1207,COL4A2,6666,VWF
1208,COL4A3,1474,DDR1
1208,COL4A3,1475,DDR2
1208,COL4A3,2944,ITGA1
1208,COL4A3,2947,ITGA2
1208,COL4A3,2949,ITGA3
1208,COL4A3,2960,ITGAV
1208,COL4A3,2962,ITGB1
1208,COL4A3,2965,ITGB3
1208,COL4A3,2968,ITGB5
1208,COL4A3,4729,PRKACA
1208,COL4A3,6666,VWF
1209,COL4A4,1474,DDR1
1209,COL4A4,1475,DDR2
1209,COL4A4,2944,ITGA1
1209,COL4A4,2947,ITGA2
1209,COL4A4,2960,ITGAV
1209,COL4A4,2962,ITGB1
1209,COL4A4,2965,ITGB3
1209,COL4A4,4911,PXDN
1210,COL4A5,1474,DDR1
1210,COL4A5,1475,DDR2
1210,COL4A5,2944,ITGA1
1210,COL4A5,2947,ITGA2
1210,COL4A5,2960,ITGAV
1210,COL4A5,2962,ITGB1
1210,COL4A5,6666,VWF
1211,COL4A6,1474,DDR1
1211,COL4A6,1475,DDR2
1211,COL4A6,2944,ITGA1
1211,COL4A6,2947,ITGA2
1211,COL4A6,2960,ITGAV
1211,COL4A6,2962,ITGB1
1211,COL4A6,6666,VWF
1212,COL5A1,1474,DDR1
1212,COL5A1,1475,DDR2
1212,COL5A1,2944,ITGA1
1212,COL5A1,2962,ITGB1
1212,COL5A1,3187,LAIR1
1212,COL5A1,5403,SDC1
1212,COL5A1,5405,SDC3
1213,COL5A2,1474,DDR1
1213,COL5A2,1475,DDR2
1213,COL5A2,2944,ITGA1
1213,COL5A2,2962,ITGB1
1213,COL5A2,3187,LAIR1
1213,COL5A2,5403,SDC1
1214,COL5A3,1474,DDR1
1214,COL5A3,1475,DDR2
1214,COL5A3,5403,SDC1
1214,COL5A3,5405,SDC3
1215,COL6A1,1474,DDR1
1215,COL6A1,2944,ITGA1
1215,COL6A1,2947,ITGA2
1215,COL6A1,2952,ITGA6
1215,COL6A1,2962,ITGB1
1216,COL6A2,1474,DDR1
1216,COL6A2,2944,ITGA1
1216,COL6A2,2947,ITGA2
1216,COL6A2,2962,ITGB1
1217,COL6A3,1474,DDR1
1217,COL6A3,2944,ITGA1
1217,COL6A3,2947,ITGA2
1217,COL6A3,2962,ITGB1
1218,COL6A5,1474,DDR1
1219,COL6A6,1474,DDR1
1220,COL7A1,2947,ITGA2
1220,COL7A1,2962,ITGB1
1221,COL8A1,1474,DDR1
1221,COL8A1,2944,ITGA1
1221,COL8A1,2947,ITGA2
1222,COL8A2,1474,DDR1
1222,COL8A2,5649,SLC4A11
1223,COL9A1,2962,ITGB1
1223,COL9A1,3413,MAG
1223,COL9A1,5785,SOX9
1224,COL9A2,2962,ITGB1
1224,COL9A2,3413,MAG
1225,COL9A3,2962,ITGB1
1225,COL9A3,3413,MAG
1226,COLEC11,3496,MASP1
1227,COLQ,3730,MUSK
1229,COMMD5,4946,RAB5A
1230,COMP,2951,ITGA5
1230,COMP,2953,ITGA7
1230,COMP,2962,ITGB1
1230,COMP,2965,ITGB3
1230,COMP,5785,SOX9
1231,COPA,2477,GSK3B
1231,COPA,3470,MAPK14
1231,COPA,4751,PRKDC
1232,COPS3,3625,MLF1
1232,COPS3,5773,SOS1
1233,COPS5,2125,FOS
1233,COPS5,2581,HIF1A
1233,COPS5,2800,IKBKB
1233,COPS5,3006,JUN
1233,COPS5,3552,MDM2
1233,COPS5,3745,MYC
1233,COPS5,3829,NCOA1
1233,COPS5,5688,SMAD4
1233,COPS5,6489,TYK2
1234,COPS6,3465,MAPK1
1235,CORIN,3350,LRRC4C
1237,CORO1B,3470,MAPK14
1237,CORO1B,4738,PRKCA
1237,CORO1B,5855,SSH1
1238,CORO1C,1324,CSNK2A1
1239,CORO7,5827,SRC
1240,CORT,2297,GHSR
1240,CORT,2467,GRM7
1240,CORT,3685,MRGPRX2
1240,CORT,3717,MTNR1A
1240,CORT,5860,SSTR1
1240,CORT,5861,SSTR2
1240,CORT,5862,SSTR3
1240,CORT,5863,SSTR4
1240,CORT,5864,SSTR5
1241,COTL1,1325,CSNK2A2
1243,CP,4552,PLG
1243,CP,5535,SHH
1243,CP,5643,SLC40A1
1243,CP,5711,SMO
1244,CPAMD8,5399,SCTR
1245,CPE,2239,GAST
1245,CPE,2903,INS
1246,CPEB1,5283,RPS6KA3
1247,CPM,1745,EGF
1247,CPM,2524,HBA1
1248,CPN1,2524,HBA1
1249,CPNE3,1870,ERBB2
1250,CPS1,5576,SIRT5
1252,CR1,1279,CRP
1254,CR2,2017,FCER2
1254,CR2,2609,HLA-DRA
1254,CR2,2610,HLA-DRB1
1254,CR2,2758,IFNA13
1254,CR2,2762,IFNA2
1254,CR2,2880,ILDR1
1255,CRABP1,6770,ZBTB16
1256,CRABP2,5014,RARA
1257,CRADD,5143,RIPK1
1258,CRAT,4635,PPARA
1259,CREB1,1264,CREBBP
1259,CREB1,1265,CREM
1259,CREB1,1282,CRTC2
1259,CREB1,1317,CSNK1A1
1259,CREB1,1348,CTNNB1
1259,CREB1,1686,DYRK3
1259,CREB1,2148,FOXO4
1259,CREB1,2164,FST
1259,CREB1,2272,GDNF
1259,CREB1,2476,GSK3A
1259,CREB1,2477,GSK3B
1259,CREB1,2489,GTF2B
1259,CREB1,2588,HIPK2
1259,CREB1,2629,HNF1B
1259,CREB1,2690,HSD3B1
1259,CREB1,2804,IL10
1259,CREB1,2843,IL2
1259,CREB1,2873,IL6
1259,CREB1,3006,JUN
1259,CREB1,3035,KCNIP3
1259,CREB1,3227,LDHC
1259,CREB1,3470,MAPK14
1259,CREB1,3481,MAPKAPK2
1259,CREB1,3557,MECP2
1259,CREB1,3611,MIF
1259,CREB1,3710,MTA3
1259,CREB1,3745,MYC
1259,CREB1,4604,POLK
1259,CREB1,4662,PPP1CC
1259,CREB1,4684,PPP2CA
1259,CREB1,4685,PPP2CB
1259,CREB1,4696,PPP2R5C
1259,CREB1,4701,PPP3R1
1259,CREB1,4729,PRKACA
1259,CREB1,4739,PRKCB
1259,CREB1,4752,PRKG1
1259,CREB1,4753,PRKG2
1259,CREB1,4837,PTEN
1259,CREB1,4848,PTGS2
1259,CREB1,5281,RPS6KA1
1259,CREB1,5282,RPS6KA2
1259,CREB1,5283,RPS6KA3
1259,CREB1,5284,RPS6KA4
1259,CREB1,5285,RPS6KA5
1259,CREB1,5498,SGK1
1259,CREB1,5499,SGK2
1259,CREB1,5500,SGK3
1259,CREB1,5686,SMAD2
1259,CREB1,5687,SMAD3
1259,CREB1,5688,SMAD4
1259,CREB1,5690,SMAD6
1259,CREB1,5695,SMARCA2
1259,CREB1,5696,SMARCA4
1259,CREB1,5997,TAF1
1259,CREB1,6053,TCF3
1259,CREB1,6057,TCL1A
1259,CREB1,6211,TNF
1259,CREB1,6449,TSSK4
1260,CREB3,1324,CSNK2A1
1260,CREB3,2528,HCFC1
1261,CREB3L1,3516,MBTPS1
1261,CREB3L1,3517,MBTPS2
1262,CREB3L2,3516,MBTPS1
1263,CREB5,3006,JUN
1264,CREBBP,1313,CSK
1264,CREBBP,1348,CTNNB1
1264,CREBBP,1756,EID1
1264,CREBBP,1806,ELK1
1264,CREBBP,2257,GCM1
1264,CREBBP,2541,HDAC3
1264,CREBBP,2628,HNF1A
1264,CREBBP,2770,IFNAR2
1264,CREBBP,2931,IRF9
1264,CREBBP,3006,JUN
1264,CREBBP,3013,KAT2B
1264,CREBBP,3014,KAT5
1264,CREBBP,3079,KHDRBS1
1264,CREBBP,3080,KHDRBS2
1264,CREBBP,3124,KLF1
1264,CREBBP,3256,LHX3
1264,CREBBP,3411,MAFG
1264,CREBBP,3465,MAPK1
1264,CREBBP,3472,MAPK3
1264,CREBBP,3566,MEF2C
1264,CREBBP,3654,MMP9
1264,CREBBP,3740,MYB
1264,CREBBP,3742,MYBL1
1264,CREBBP,3782,MYOD1
1264,CREBBP,3890,NFE2L2
1264,CREBBP,3896,NFKB1
1264,CREBBP,4116,ONECUT1
1264,CREBBP,4621,POU1F1
1264,CREBBP,4729,PRKACA
1264,CREBBP,4738,PRKCA
1264,CREBBP,4740,PRKCD
1264,CREBBP,4837,PTEN
1264,CREBBP,5076,RELA
1264,CREBBP,5077,RELB
1264,CREBBP,5318,RUNX2
1264,CREBBP,5686,SMAD2
1264,CREBBP,5687,SMAD3
1264,CREBBP,5803,SPI1
1264,CREBBP,5850,SS18L1
1264,CREBBP,5883,STAT1
1264,CREBBP,5884,STAT2
1264,CREBBP,5885,STAT3
1264,CREBBP,5889,STAT6
1264,CREBBP,6055,TCF7
1264,CREBBP,6065,TDG
1264,CREBBP,6275,TP53
1264,CREBBP,6719,WRN
1265,CREM,1317,CSNK1A1
1265,CREM,1324,CSNK2A1
1265,CREM,1325,CSNK2A2
1265,CREM,2084,FHL5
1265,CREM,2476,GSK3A
1265,CREM,2477,GSK3B
1265,CREM,3035,KCNIP3
1265,CREM,3472,MAPK3
1265,CREM,4729,PRKACA
1265,CREM,4738,PRKCA
1265,CREM,5287,RPS6KB1
1266,CRH,1267,CRHR1
1266,CRH,1268,CRHR2
1266,CRH,1897,ESR1
1266,CRH,2411,GPR20
1266,CRH,2422,GPR84
1266,CRH,4850,PTH1R
1266,CRH,4992,RAMP2
1266,CRH,4993,RAMP3
1266,CRH,6428,TSHR
1266,CRH,6646,VIPR1
1267,CRHR1,2348,GNAI1
1267,CRHR1,2353,GNAQ
1267,CRHR1,2354,GNAS
1267,CRHR1,4729,PRKACA
1267,CRHR1,6547,UCN
1267,CRHR1,6548,UCN2
1267,CRHR1,6549,UCN3
1268,CRHR2,6547,UCN
1268,CRHR2,6548,UCN2
1268,CRHR2,6549,UCN3
1269,CRIP2,4730,PRKACB
1269,CRIP2,4752,PRKG1
1272,CRK,1592,DOCK1
1272,CRK,1602,DOK4
1272,CRK,1746,EGFR
1272,CRK,1845,EPHA3
1272,CRK,2197,GAB1
1272,CRK,2783,IGF1R
1272,CRK,3442,MAP2K6
1272,CRK,3458,MAP4K1
1272,CRK,3462,MAP4K5
1272,CRK,3476,MAPK8
1272,CRK,3858,NEDD9
1272,CRK,4072,NTRK1
1272,CRK,4179,PAK1
1272,CRK,4325,PDGFRA
1272,CRK,4326,PDGFRB
1272,CRK,4854,PTK2
1272,CRK,4864,PTPN1
1272,CRK,4912,PXN
1272,CRK,5006,RAPGEF1
1272,CRK,6766,ZAP70
1273,CRKL,1592,DOCK1
1273,CRKL,1862,EPOR
1273,CRKL,2197,GAB1
1273,CRKL,2477,GSK3B
1273,CRKL,3458,MAP4K1
1273,CRKL,3466,MAPK10
1273,CRKL,3858,NEDD9
1273,CRKL,4464,PIK3CB
1273,CRKL,4912,PXN
1273,CRKL,5006,RAPGEF1
1274,CRLF1,5771,SORL1
1275,CRLF2,2877,IL7R
1275,CRLF2,2991,JAK2
1275,CRLF2,6431,TSLP
1276,CRLF3,1861,EPO
1277,CRMP1,2181,FYN
1277,CRMP1,2477,GSK3B
1277,CRMP1,3480,MAPK9
1277,CRMP1,4480,PINK1
1279,CRP,4114,OLR1
1280,CRTAM,1627,DSC3
1280,CRTAM,2881,ILDR2
1280,CRTAM,3723,MUC15
1280,CRTAM,4074,NTRK3
1281,CRTC1,3444,MAP3K1
1281,CRTC1,4726,PRKAA1
1281,CRTC1,5557,SIK1
1281,CRTC1,5558,SIK2
1281,CRTC1,5572,SIRT1
1281,CRTC1,5899,STK11
1282,CRTC2,1406,CYP11A1
1282,CRTC2,2690,HSD3B1
1282,CRTC2,3465,MAPK1
1282,CRTC2,3492,MARK2
1282,CRTC2,4030,NR3C1
1282,CRTC2,4726,PRKAA1
1282,CRTC2,4727,PRKAA2
1282,CRTC2,4728,PRKAB1
1282,CRTC2,5557,SIK1
1282,CRTC2,5558,SIK2
1282,CRTC2,5559,SIK3
1282,CRTC2,5878,STAR
1283,CRTC3,3472,MAPK3
1283,CRTC3,5557,SIK1
1284,CRX,2090,FIZ1
1284,CRX,5786,SP1
1284,CRX,5789,SP4
1285,CRY1,3465,MAPK1
1285,CRY1,4726,PRKAA1
1285,CRY1,6150,TIMELESS
1286,CRY2,1683,DYRK1A
1286,CRY2,1986,FBXL17
1286,CRY2,1988,FBXL3
1286,CRY2,2477,GSK3B
1286,CRY2,3465,MAPK1
1287,CRYAA,1293,CRYBB2
1287,CRYAA,3406,MAF
1287,CRYAA,3466,MAPK10
1287,CRYAA,4684,PPP2CA
1287,CRYAA,4685,PPP2CB
1287,CRYAA,4698,PPP3CA
1287,CRYAA,4699,PPP3CB
1287,CRYAA,4700,PPP3CC
1287,CRYAA,4739,PRKCB
1287,CRYAA,4752,PRKG1
1287,CRYAA,5283,RPS6KA3
1287,CRYAA,5498,SGK1
1288,CRYAB,1296,CRYGC
1288,CRYAB,1297,CRYGD
1288,CRYAB,1298,CRYGS
1288,CRYAB,3406,MAF
1288,CRYAB,3465,MAPK1
1288,CRYAB,3470,MAPK14
1288,CRYAB,3472,MAPK3
1288,CRYAB,3481,MAPKAPK2
1288,CRYAB,4660,PPP1CA
1288,CRYAB,4752,PRKG1
1288,CRYAB,4803,PSIP1
1288,CRYAB,5014,RARA
1289,CRYBA1,4739,PRKCB
1290,CRYBA2,4739,PRKCB
1290,CRYBA2,5283,RPS6KA3
1290,CRYBA2,5498,SGK1
1291,CRYBA4,1325,CSNK2A2
1291,CRYBA4,4738,PRKCA
1292,CRYBB1,1293,CRYBB2
1293,CRYBB2,1294,CRYBB3
1293,CRYBB2,4738,PRKCA
1295,CRYGB,2783,IGF1R
1296,CRYGC,2909,INSR
1299,CRYZ,6275,TP53
1300,CSAG2,5572,SIRT1
1301,CSDE1,2125,FOS
1301,CSDE1,2174,FUS
1302,CSE1L,4654,PPM1H
1303,CSF1,1304,CSF1R
1303,CSF1,1306,CSF2RA
1303,CSF1,1309,CSF3R
1303,CSF1,5568,SIRPA
1303,CSF1,5803,SPI1
1304,CSF1R,1798,ELAVL1
1304,CSF1R,2110,FLT3
1304,CSF1R,2149,FOXP1
1304,CSF1R,2530,HCLS1
1304,CSF1R,2783,IGF1R
1304,CSF1R,2867,IL34
1304,CSF1R,2909,INSR
1304,CSF1R,2933,IRS1
1304,CSF1R,3381,LY6G6F
1304,CSF1R,3458,MAP4K1
1304,CSF1R,4211,PAX5
1304,CSF1R,4536,PLCG2
1304,CSF1R,4759,PRLR
1304,CSF1R,4791,PRTG
1304,CSF1R,4854,PTK2
1304,CSF1R,5317,RUNX1
1304,CSF1R,5587,SKAP2
1304,CSF1R,5803,SPI1
1304,CSF1R,6077,TEK
1304,CSF1R,6627,VAV2
1305,CSF2,1306,CSF2RA
1305,CSF2,1307,CSF2RB
1305,CSF2,1309,CSF3R
1305,CSF2,2868,IL3RA
1305,CSF2,2955,ITGA9
1305,CSF2,2962,ITGB1
1305,CSF2,5404,SDC2
1305,CSF2,5803,SPI1
1306,CSF2RA,1308,CSF3
1306,CSF2RA,2862,IL3
1306,CSF2RA,2871,IL5
1306,CSF2RA,2991,JAK2
1306,CSF2RA,5317,RUNX1
1306,CSF2RA,5803,SPI1
1307,CSF2RB,2862,IL3
1307,CSF2RB,2871,IL5
1307,CSF2RB,2881,ILDR2
1307,CSF2RB,2991,JAK2
1307,CSF2RB,3386,LYN
1307,CSF2RB,4463,PIK3CA
1307,CSF2RB,4729,PRKACA
1307,CSF2RB,4865,PTPN11
1307,CSF2RB,4877,PTPN6
1307,CSF2RB,5803,SPI1
1307,CSF2RB,5827,SRC
1308,CSF3,1309,CSF3R
1308,CSF3,5803,SPI1
1309,CSF3R,2529,HCK
1309,CSF3R,2794,IGSF21
1309,CSF3R,2990,JAK1
1309,CSF3R,2991,JAK2
1309,CSF3R,5758,SOCS3
1309,CSF3R,5803,SPI1
1309,CSF3R,6489,TYK2
1310,CSH1,4759,PRLR
1311,CSH2,4759,PRLR
1312,CSHL1,2293,GHR
1313,CSK,1348,CTNNB1
1313,CSK,1427,DAB2
1313,CSK,2079,FGR
1313,CSK,2110,FLT3
1313,CSK,2157,FRK
1313,CSK,2181,FYN
1313,CSK,2478,GSN
1313,CSK,2529,HCK
1313,CSK,2783,IGF1R
1313,CSK,2933,IRS1
1313,CSK,2943,ITCH
1313,CSK,2944,ITGA1
1313,CSK,2945,ITGA10
1313,CSK,2946,ITGA11
1313,CSK,2947,ITGA2
1313,CSK,2949,ITGA3
1313,CSK,2950,ITGA4
1313,CSK,2951,ITGA5
1313,CSK,2952,ITGA6
1313,CSK,2953,ITGA7
1313,CSK,2954,ITGA8
1313,CSK,2955,ITGA9
1313,CSK,2956,ITGAD
1313,CSK,2957,ITGAE
1313,CSK,2958,ITGAL
1313,CSK,2959,ITGAM
1313,CSK,2960,ITGAV
1313,CSK,2961,ITGAX
1313,CSK,2962,ITGB1
1313,CSK,2964,ITGB2
1313,CSK,2965,ITGB3
1313,CSK,2967,ITGB4
1313,CSK,2968,ITGB5
1313,CSK,2969,ITGB6
1313,CSK,2970,ITGB7
1313,CSK,2971,ITGB8
1313,CSK,3006,JUN
1313,CSK,3118,KIT
1313,CSK,3216,LCK
1313,CSK,3386,LYN
1313,CSK,3471,MAPK15
1313,CSK,3722,MUC1
1313,CSK,3972,NOTCH1
1313,CSK,4175,PAG1
1313,CSK,4359,PECAM1
1313,CSK,4488,PIP5K1C
1313,CSK,4729,PRKACA
1313,CSK,4854,PTK2
1313,CSK,4882,PTPRC
1313,CSK,4912,PXN
1313,CSK,5107,RGS16
1313,CSK,5679,SLK
1313,CSK,5827,SRC
1313,CSK,6752,YES1
1313,CSK,6757,YTHDC1
1314,CSMD1,5687,SMAD3
1315,CSN1S1,1662,DUSP3
1315,CSN1S1,5076,RELA
1316,CSN2,1317,CSNK1A1
1316,CSN2,1325,CSNK2A2
1316,CSN2,1662,DUSP3
1316,CSN2,5887,STAT5A
1317,CSNK1A1,1320,CSNK1E
1317,CSNK1A1,1348,CTNNB1
1317,CSNK1A1,1350,CTNND1
1317,CSNK1A1,1352,CTPS2
1317,CSNK1A1,1433,DAGLA
1317,CSNK1A1,1552,DLGAP2
1317,CSNK1A1,1554,DLGAP4
1317,CSNK1A1,1607,DPF2
1317,CSNK1A1,1704,ECE1
1317,CSNK1A1,1768,EIF2B5
1317,CSNK1A1,1796,EIF6
1317,CSNK1A1,1821,ENAM
1317,CSNK1A1,1838,EPB41L3
1317,CSNK1A1,1884,ERG
1317,CSNK1A1,1946,FADD
1317,CSNK1A1,1974,FAS
1317,CSNK1A1,2137,FOXG1
1317,CSNK1A1,2146,FOXO1
1317,CSNK1A1,2147,FOXO3
1317,CSNK1A1,2148,FOXO4
1317,CSNK1A1,2319,GLI2
1317,CSNK1A1,2320,GLI3
1317,CSNK1A1,2477,GSK3B
1317,CSNK1A1,2537,HDAC1
1317,CSNK1A1,2592,HIRIP3
1317,CSNK1A1,2636,HNRNPC
1317,CSNK1A1,2769,IFNAR1
1317,CSNK1A1,2933,IRS1
1317,CSNK1A1,3035,KCNIP3
1317,CSNK1A1,3230,LEF1
1317,CSNK1A1,3233,LEMD3
1317,CSNK1A1,3240,LGALS3
1317,CSNK1A1,3344,LRP6
1317,CSNK1A1,3423,MALT1
1317,CSNK1A1,3553,MDM4
1317,CSNK1A1,3745,MYC
1317,CSNK1A1,3861,NEFM
1317,CSNK1A1,3869,NEK6
1317,CSNK1A1,3883,NFAT5
1317,CSNK1A1,3886,NFATC3
1317,CSNK1A1,4131,OSBP2
1317,CSNK1A1,4280,PCLO
1317,CSNK1A1,4304,PDCL3
1317,CSNK1A1,4367,PER1
1317,CSNK1A1,4432,PHLPP1
1317,CSNK1A1,4581,PML
1317,CSNK1A1,4676,PPP1R1B
1317,CSNK1A1,4721,PRG4
1317,CSNK1A1,4729,PRKACA
1317,CSNK1A1,4796,PSEN2
1317,CSNK1A1,5121,RHOB
1317,CSNK1A1,5249,RORA
1317,CSNK1A1,5281,RPS6KA1
1317,CSNK1A1,5284,RPS6KA4
1317,CSNK1A1,5310,RTF1
1317,CSNK1A1,5359,SAT1
1317,CSNK1A1,5612,SLC18A2
1317,CSNK1A1,5624,SLC24A2
1317,CSNK1A1,5647,SLC4A1
1317,CSNK1A1,5711,SMO
1317,CSNK1A1,5728,SNCA
1317,CSNK1A1,5764,SON
1317,CSNK1A1,5826,SQSTM1
1317,CSNK1A1,5844,SRPK2
1317,CSNK1A1,5918,STON1
1317,CSNK1A1,6022,TARDBP
1317,CSNK1A1,6143,TIAM1
1317,CSNK1A1,6211,TNF
1317,CSNK1A1,6251,TNK2
1317,CSNK1A1,6253,TNKS1BP1
1317,CSNK1A1,6275,TP53
1317,CSNK1A1,6283,TP53TG5
1317,CSNK1A1,6481,TUT1
1317,CSNK1A1,6642,VHL
1317,CSNK1A1,6751,YBX1
1317,CSNK1A1,6763,YWHAQ
1317,CSNK1A1,6764,YWHAZ
1317,CSNK1A1,6844,ZRANB1
1318,CSNK1A1L,1320,CSNK1E
1318,CSNK1A1L,1348,CTNNB1
1318,CSNK1A1L,2318,GLI1
1318,CSNK1A1L,2319,GLI2
1318,CSNK1A1L,2320,GLI3
1318,CSNK1A1L,2322,GLIS2
1318,CSNK1A1L,3344,LRP6
1318,CSNK1A1L,3886,NFATC3
1318,CSNK1A1L,4729,PRKACA
1318,CSNK1A1L,4796,PSEN2
1318,CSNK1A1L,5612,SLC18A2
1318,CSNK1A1L,6275,TP53
1318,CSNK1A1L,6763,YWHAQ
1319,CSNK1D,1320,CSNK1E
1319,CSNK1D,1348,CTNNB1
1319,CSNK1D,1521,DHX16
1319,CSNK1D,1670,DVL1
1319,CSNK1D,1671,DVL2
1319,CSNK1D,1834,EPAS1
1319,CSNK1D,1860,EPN2
1319,CSNK1D,2085,FHOD1
1319,CSNK1D,2304,GJA1
1319,CSNK1D,2477,GSK3B
1319,CSNK1D,2557,HELB
1319,CSNK1D,2581,HIF1A
1319,CSNK1D,2802,IKBKG
1319,CSNK1D,3112,KIR3DL1
1319,CSNK1D,3230,LEF1
1319,CSNK1D,3344,LRP6
1319,CSNK1D,3394,LZTS2
1319,CSNK1D,3430,MAP1A
1319,CSNK1D,3436,MAP2
1319,CSNK1D,3487,MAPT
1319,CSNK1D,3518,MC1R
1319,CSNK1D,3552,MDM2
1319,CSNK1D,3567,MEF2D
1319,CSNK1D,3693,MSH6
1319,CSNK1D,3720,MTSS1
1319,CSNK1D,3797,NACC1
1319,CSNK1D,3828,NCL
1319,CSNK1D,3831,NCOA3
1319,CSNK1D,3858,NEDD9
1319,CSNK1D,3886,NFATC3
1319,CSNK1D,3898,NFKBIA
1319,CSNK1D,4137,OSR1
1319,CSNK1D,4367,PER1
1319,CSNK1D,4368,PER2
1319,CSNK1D,4369,PER3
1319,CSNK1D,4413,PHF10
1319,CSNK1D,4467,PIK3R1
1319,CSNK1D,4704,PPP5C
1319,CSNK1D,4722,PRH2
1319,CSNK1D,4729,PRKACA
1319,CSNK1D,4738,PRKCA
1319,CSNK1D,4749,PRKD2
1319,CSNK1D,4751,PRKDC
1319,CSNK1D,4795,PSEN1
1319,CSNK1D,4796,PSEN2
1319,CSNK1D,4996,RANBP2
1319,CSNK1D,5041,RBL1
1319,CSNK1D,5091,RFC1
1319,CSNK1D,5119,RHO
1319,CSNK1D,5312,RTN2
1319,CSNK1D,5612,SLC18A2
1319,CSNK1D,5647,SLC4A1
1319,CSNK1D,5696,SMARCA4
1319,CSNK1D,5728,SNCA
1319,CSNK1D,5804,SPIB
1319,CSNK1D,5832,SRF
1319,CSNK1D,5875,STAMBP
1319,CSNK1D,6022,TARDBP
1319,CSNK1D,6116,TGFBR2
1319,CSNK1D,6160,TJP2
1319,CSNK1D,6275,TP53
1319,CSNK1D,6556,UHRF1
1319,CSNK1D,6665,VTN
1319,CSNK1D,6728,WWTR1
1319,CSNK1D,6750,YAP1
1319,CSNK1D,6763,YWHAQ
1319,CSNK1D,6766,ZAP70
1320,CSNK1E,1321,CSNK1G1
1320,CSNK1E,1322,CSNK1G2
1320,CSNK1E,1323,CSNK1G3
1320,CSNK1E,1346,CTNNA2
1320,CSNK1E,1348,CTNNB1
1320,CSNK1E,1350,CTNND1
1320,CSNK1E,1480,DDX21
1320,CSNK1E,1482,DDX24
1320,CSNK1E,1539,DKC1
1320,CSNK1E,1551,DLGAP1
1320,CSNK1E,1552,DLGAP2
1320,CSNK1E,1670,DVL1
1320,CSNK1E,1671,DVL2
1320,CSNK1E,1672,DVL3
1320,CSNK1E,1727,EEF2
1320,CSNK1E,1768,EIF2B5
1320,CSNK1E,1773,EIF3B
1320,CSNK1E,1782,EIF4B
1320,CSNK1E,1785,EIF4EBP1
1320,CSNK1E,1793,EIF5
1320,CSNK1E,1795,EIF5B
1320,CSNK1E,1838,EPB41L3
1320,CSNK1E,1878,ERCC5
1320,CSNK1E,2042,FGA
1320,CSNK1E,2152,FPR1
1320,CSNK1E,2194,G3BP1
1320,CSNK1E,2486,GTF2A1
1320,CSNK1E,2498,GTSE1
1320,CSNK1E,2537,HDAC1
1320,CSNK1E,2540,HDAC2
1320,CSNK1E,2549,HDGF
1320,CSNK1E,2664,HOXB6
1320,CSNK1E,2694,HSP90AA1
1320,CSNK1E,2695,HSP90AB1
1320,CSNK1E,2712,HTATSF1
1320,CSNK1E,2787,IGFBP1
1320,CSNK1E,2972,ITIH2
1320,CSNK1E,3090,KIF1B
1320,CSNK1E,3094,KIF21A
1320,CSNK1E,3177,KRT8
1320,CSNK1E,3230,LEF1
1320,CSNK1E,3240,LGALS3
1320,CSNK1E,3344,LRP6
1320,CSNK1E,3431,MAP1B
1320,CSNK1E,3470,MAPK14
1320,CSNK1E,3508,MAX
1320,CSNK1E,3587,MFAP1
1320,CSNK1E,3600,MGP
1320,CSNK1E,3740,MYB
1320,CSNK1E,3763,MYL9
1320,CSNK1E,3796,NACA
1320,CSNK1E,3831,NCOA3
1320,CSNK1E,3848,NDRG1
1320,CSNK1E,3860,NEFL
1320,CSNK1E,3861,NEFM
1320,CSNK1E,3886,NFATC3
1320,CSNK1E,3897,NFKB2
1320,CSNK1E,3994,NPM1
1320,CSNK1E,4000,NPR2
1320,CSNK1E,4105,OCLN
1320,CSNK1E,4130,OSBP
1320,CSNK1E,4181,PAK2
1320,CSNK1E,4187,PALM
1320,CSNK1E,4294,PDAP1
1320,CSNK1E,4367,PER1
1320,CSNK1E,4368,PER2
1320,CSNK1E,4369,PER3
1320,CSNK1E,4405,PGRMC1
1320,CSNK1E,4509,PKN2
1320,CSNK1E,4514,PKP3
1320,CSNK1E,4646,PPIG
1320,CSNK1E,4660,PPP1CA
1320,CSNK1E,4661,PPP1CB
1320,CSNK1E,4662,PPP1CC
1320,CSNK1E,4684,PPP2CA
1320,CSNK1E,4685,PPP2CB
1320,CSNK1E,4698,PPP3CA
1320,CSNK1E,4699,PPP3CB
1320,CSNK1E,4700,PPP3CC
1320,CSNK1E,4704,PPP5C
1320,CSNK1E,4726,PRKAA1
1320,CSNK1E,4736,PRKAR2A
1320,CSNK1E,4749,PRKD2
1320,CSNK1E,4751,PRKDC
1320,CSNK1E,4778,PRPF4B
1320,CSNK1E,4796,PSEN2
1320,CSNK1E,4882,PTPRC
1320,CSNK1E,4906,PURB
1320,CSNK1E,4965,RAD17
1320,CSNK1E,5134,RIMS1
1320,CSNK1E,5246,ROCK2
1320,CSNK1E,5248,ROR2
1320,CSNK1E,5283,RPS6KA3
1320,CSNK1E,5302,RRP12
1320,CSNK1E,5313,RTN4
1320,CSNK1E,5349,SAFB2
1320,CSNK1E,5447,SEMA5A
1320,CSNK1E,5487,SF3B2
1320,CSNK1E,5523,SHANK2
1320,CSNK1E,5612,SLC18A2
1320,CSNK1E,5640,SLC39A7
1320,CSNK1E,5695,SMARCA2
1320,CSNK1E,5711,SMO
1320,CSNK1E,5720,SNAI1
1320,CSNK1E,5736,SNN
1320,CSNK1E,5846,SRRM1
1320,CSNK1E,5847,SRRM2
1320,CSNK1E,5911,STK4
1320,CSNK1E,5975,SYNRG
1320,CSNK1E,6003,TAF3
1320,CSNK1E,6053,TCF3
1320,CSNK1E,6061,TCOF1
1320,CSNK1E,6104,TFIP11
1320,CSNK1E,6136,THRAP3
1320,CSNK1E,6160,TJP2
1320,CSNK1E,6270,TOP2B
1320,CSNK1E,6275,TP53
1320,CSNK1E,6307,TRAF3
1320,CSNK1E,6412,TRPM4
1320,CSNK1E,6599,USP34
1320,CSNK1E,6656,VPS72
1320,CSNK1E,6728,WWTR1
1320,CSNK1E,6750,YAP1
1320,CSNK1E,6763,YWHAQ
1320,CSNK1E,6764,YWHAZ
1321,CSNK1G1,1348,CTNNB1
1321,CSNK1G1,1670,DVL1
1321,CSNK1G1,1672,DVL3
1321,CSNK1G1,2146,FOXO1
1321,CSNK1G1,3343,LRP5
1321,CSNK1G1,3344,LRP6
1321,CSNK1G1,3386,LYN
1321,CSNK1G1,3487,MAPT
1321,CSNK1G1,3884,NFATC1
1321,CSNK1G1,3886,NFATC3
1321,CSNK1G1,4796,PSEN2
1321,CSNK1G1,5466,SERPINB2
1321,CSNK1G1,5612,SLC18A2
1321,CSNK1G1,5929,STX3
1321,CSNK1G1,6040,TBR1
1321,CSNK1G1,6275,TP53
1321,CSNK1G1,6763,YWHAQ
1322,CSNK1G2,1348,CTNNB1
1322,CSNK1G2,1454,DCLK1
1322,CSNK1G2,2935,IRS4
1322,CSNK1G2,3886,NFATC3
1322,CSNK1G2,4367,PER1
1322,CSNK1G2,4796,PSEN2
1322,CSNK1G2,5612,SLC18A2
1322,CSNK1G2,5687,SMAD3
1322,CSNK1G2,6275,TP53
1322,CSNK1G2,6763,YWHAQ
1323,CSNK1G3,1348,CTNNB1
1323,CSNK1G3,3886,NFATC3
1323,CSNK1G3,4796,PSEN2
1323,CSNK1G3,5612,SLC18A2
1323,CSNK1G3,6275,TP53
1323,CSNK1G3,6763,YWHAQ
1324,CSNK2A1,1326,CSNK2B
1324,CSNK2A1,1336,CTDP1
1324,CSNK2A1,1345,CTNNA1
1324,CSNK2A1,1348,CTNNB1
1324,CSNK2A1,1440,DAXX
1324,CSNK2A1,1471,DDHD1
1324,CSNK2A1,1472,DDIT3
1324,CSNK2A1,1499,DEK
1324,CSNK2A1,1518,DHFR
1324,CSNK2A1,1574,DNAJB2
1324,CSNK2A1,1608,DPF3
1324,CSNK2A1,1703,ECD
1324,CSNK2A1,1704,ECE1
1324,CSNK2A1,1724,EEF1B2
1324,CSNK2A1,1725,EEF1D
1324,CSNK2A1,1750,EGR1
1324,CSNK2A1,1755,EHMT2
1324,CSNK2A1,1768,EIF2B5
1324,CSNK2A1,1770,EIF2S2
1324,CSNK2A1,1779,EIF3J
1324,CSNK2A1,1785,EIF4EBP1
1324,CSNK2A1,1790,EIF4G2
1324,CSNK2A1,1793,EIF5
1324,CSNK2A1,1876,ERCC3
1324,CSNK2A1,1887,ERH
1324,CSNK2A1,1897,ESR1
1324,CSNK2A1,1921,EXOSC9
1324,CSNK2A1,1929,F11R
1324,CSNK2A1,1938,F5
1324,CSNK2A1,1947,FAF1
1324,CSNK2A1,1965,FANCD2
1324,CSNK2A1,2042,FGA
1324,CSNK2A1,2054,FGF14
1324,CSNK2A1,2079,FGR
1324,CSNK2A1,2086,FHOD3
1324,CSNK2A1,2093,FKBP4
1324,CSNK2A1,2116,FMR1
1324,CSNK2A1,2121,FNIP1
1324,CSNK2A1,2126,FOSB
1324,CSNK2A1,2170,FTO
1324,CSNK2A1,2172,FUNDC1
1324,CSNK2A1,2173,FURIN
1324,CSNK2A1,2194,G3BP1
1324,CSNK2A1,2216,GABRR1
1324,CSNK2A1,2221,GADD45GIP1
1324,CSNK2A1,2232,GAP43
1324,CSNK2A1,2245,GBF1
1324,CSNK2A1,2252,GCH1
1324,CSNK2A1,2285,GGA1
1324,CSNK2A1,2337,GMFB
1324,CSNK2A1,2341,GMNN
1324,CSNK2A1,2395,GPI
1324,CSNK2A1,2451,GRIN2B
1324,CSNK2A1,2486,GTF2A1
1324,CSNK2A1,2487,GTF2A1L
1324,CSNK2A1,2507,GYS1
1324,CSNK2A1,2530,HCLS1
1324,CSNK2A1,2537,HDAC1
1324,CSNK2A1,2540,HDAC2
1324,CSNK2A1,2541,HDAC3
1324,CSNK2A1,2569,HES6
1324,CSNK2A1,2577,HHEX
1324,CSNK2A1,2581,HIF1A
1324,CSNK2A1,2616,HMGA1
1324,CSNK2A1,2622,HMGN1
1324,CSNK2A1,2626,HMOX2
1324,CSNK2A1,2633,HNRNPA1
1324,CSNK2A1,2636,HNRNPC
1324,CSNK2A1,2665,HOXB7
1324,CSNK2A1,2691,HSF1
1324,CSNK2A1,2694,HSP90AA1
1324,CSNK2A1,2695,HSP90AB1
1324,CSNK2A1,2710,HSPH1
1324,CSNK2A1,2752,IFI16
1324,CSNK2A1,2786,IGF2R
1324,CSNK2A1,2788,IGFBP3
1324,CSNK2A1,2803,IKZF1
1324,CSNK2A1,2818,IL16
1324,CSNK2A1,2912,IP6K2
1324,CSNK2A1,2933,IRS1
1324,CSNK2A1,3006,JUN
1324,CSNK2A1,3065,KDM1A
1324,CSNK2A1,3077,KEAP1
1324,CSNK2A1,3091,KIF1C
1324,CSNK2A1,3124,KLF1
1324,CSNK2A1,3182,L1CAM
1324,CSNK2A1,3230,LEF1
1324,CSNK2A1,3240,LGALS3
1324,CSNK2A1,3260,LIG1
1324,CSNK2A1,3386,LYN
1324,CSNK2A1,3465,MAPK1
1324,CSNK2A1,3470,MAPK14
1324,CSNK2A1,3480,MAPK9
1324,CSNK2A1,3485,MAPRE2
1324,CSNK2A1,3508,MAX
1324,CSNK2A1,3509,MAZ
1324,CSNK2A1,3532,MCM2
1324,CSNK2A1,3546,MDC1
1324,CSNK2A1,3552,MDM2
1324,CSNK2A1,3556,MECOM
1324,CSNK2A1,3564,MEF2A
1324,CSNK2A1,3566,MEF2C
1324,CSNK2A1,3627,MLH1
1324,CSNK2A1,3636,MME
1324,CSNK2A1,3687,MRTO4
1324,CSNK2A1,3688,MS4A1
1324,CSNK2A1,3729,MUS81
1324,CSNK2A1,3730,MUSK
1324,CSNK2A1,3740,MYB
1324,CSNK2A1,3745,MYC
1324,CSNK2A1,3748,MYCN
1324,CSNK2A1,3750,MYF5
1324,CSNK2A1,3752,MYH10
1324,CSNK2A1,3753,MYH2
1324,CSNK2A1,3754,MYH9
1324,CSNK2A1,3757,MYL12B
1324,CSNK2A1,3807,NASP
1324,CSNK2A1,3816,NCAPG
1324,CSNK2A1,3817,NCAPH
1324,CSNK2A1,3820,NCF1
1324,CSNK2A1,3834,NCOR1
1324,CSNK2A1,3835,NCOR2
1324,CSNK2A1,3890,NFE2L2
1324,CSNK2A1,3898,NFKBIA
1324,CSNK2A1,3899,NFKBIB
1324,CSNK2A1,3931,NKX2-5
1324,CSNK2A1,3963,NOL3
1324,CSNK2A1,3964,NOLC1
1324,CSNK2A1,3972,NOTCH1
1324,CSNK2A1,3991,NPHP1
1324,CSNK2A1,4020,NR1H3
1324,CSNK2A1,4031,NR3C2
1324,CSNK2A1,4032,NR4A1
1324,CSNK2A1,4105,OCLN
1324,CSNK2A1,4140,OTUB1
1324,CSNK2A1,4142,OTUD5
1324,CSNK2A1,4167,PACS1
1324,CSNK2A1,4179,PAK1
1324,CSNK2A1,4210,PAX3
1324,CSNK2A1,4301,PDCD5
1324,CSNK2A1,4303,PDCL
1324,CSNK2A1,4333,PDIA6
1324,CSNK2A1,4404,PGR
1324,CSNK2A1,4421,PHF8
1324,CSNK2A1,4445,PIAS1
1324,CSNK2A1,4467,PIK3R1
1324,CSNK2A1,4479,PIN4
1324,CSNK2A1,4483,PIP4K2A
1324,CSNK2A1,4502,PKD2
1324,CSNK2A1,4538,PLD1
1324,CSNK2A1,4581,PML
1324,CSNK2A1,4612,POLR2F
1324,CSNK2A1,4648,PPM1A
1324,CSNK2A1,4676,PPP1R1B
1324,CSNK2A1,4677,PPP1R2
1324,CSNK2A1,4681,PPP1R8
1324,CSNK2A1,4751,PRKDC
1324,CSNK2A1,4777,PRPF3
1324,CSNK2A1,4796,PSEN2
1324,CSNK2A1,4804,PSMA3
1324,CSNK2A1,4820,PSMD3
1324,CSNK2A1,4837,PTEN
1324,CSNK2A1,4843,PTGES3
1324,CSNK2A1,4858,PTMA
1324,CSNK2A1,4864,PTPN1
1324,CSNK2A1,4882,PTPRC
1324,CSNK2A1,4883,PTPRCAP
1324,CSNK2A1,4965,RAD17
1324,CSNK2A1,4970,RAD51
1324,CSNK2A1,4975,RAD9A
1324,CSNK2A1,4999,RANGAP1
1324,CSNK2A1,5076,RELA
1324,CSNK2A1,5109,RGS19
1324,CSNK2A1,5140,RIOK1
1324,CSNK2A1,5235,RNF7
1324,CSNK2A1,5240,RNPS1
1324,CSNK2A1,5285,RPS6KA5
1324,CSNK2A1,5287,RPS6KB1
1324,CSNK2A1,5292,RRAD
1324,CSNK2A1,5301,RRN3
1324,CSNK2A1,5359,SAT1
1324,CSNK2A1,5427,SEC63
1324,CSNK2A1,5460,SERINC3
1324,CSNK2A1,5473,SERPINF1
1324,CSNK2A1,5478,SET
1324,CSNK2A1,5539,SHOX
1324,CSNK2A1,5572,SIRT1
1324,CSNK2A1,5597,SLBP
1324,CSNK2A1,5612,SLC18A2
1324,CSNK2A1,5631,SLC29A1
1324,CSNK2A1,5642,SLC3A2
1324,CSNK2A1,5647,SLC4A1
1324,CSNK2A1,5673,SLITRK1
1324,CSNK2A1,5679,SLK
1324,CSNK2A1,5706,SMC3
1324,CSNK2A1,5720,SNAI1
1324,CSNK2A1,5728,SNCA
1324,CSNK2A1,5786,SP1
1324,CSNK2A1,5803,SPI1
1324,CSNK2A1,5804,SPIB
1324,CSNK2A1,5813,SPP1
1324,CSNK2A1,5822,SPTBN1
1324,CSNK2A1,5832,SRF
1324,CSNK2A1,5843,SRPK1
1324,CSNK2A1,5851,SSB
1324,CSNK2A1,5858,SSRP1
1324,CSNK2A1,5879,STARD10
1324,CSNK2A1,5881,STARD3NL
1324,CSNK2A1,5892,STC2
1324,CSNK2A1,5897,STIP1
1324,CSNK2A1,5913,STMN1
1324,CSNK2A1,5928,STX1A
1324,CSNK2A1,5940,SUB1
1324,CSNK2A1,6022,TARDBP
1324,CSNK2A1,6054,TCF4
1324,CSNK2A1,6056,TCF7L2
1324,CSNK2A1,6061,TCOF1
1324,CSNK2A1,6078,TELO2
1324,CSNK2A1,6079,TEP1
1324,CSNK2A1,6080,TERF1
1324,CSNK2A1,6093,TFAP2A
1324,CSNK2A1,6105,TFPI
1324,CSNK2A1,6135,THRA
1324,CSNK2A1,6154,TINF2
1324,CSNK2A1,6164,TLE1
1324,CSNK2A1,6211,TNF
1324,CSNK2A1,6212,TNFAIP1
1324,CSNK2A1,6268,TOP1
1324,CSNK2A1,6269,TOP2A
1324,CSNK2A1,6275,TP53
1324,CSNK2A1,6445,TSPY1
1324,CSNK2A1,6473,TUBB3
1324,CSNK2A1,6483,TWIST1
1324,CSNK2A1,6490,TYMS
1324,CSNK2A1,6496,UBA1
1324,CSNK2A1,6520,UBE2R2
1324,CSNK2A1,6558,UIMC1
1324,CSNK2A1,6606,USP7
1324,CSNK2A1,6619,VAMP4
1324,CSNK2A1,6636,VDR
1324,CSNK2A1,6642,VHL
1324,CSNK2A1,6656,VPS72
1324,CSNK2A1,6665,VTN
1324,CSNK2A1,6668,WAS
1324,CSNK2A1,6670,WASF2
1324,CSNK2A1,6686,WEE1
1324,CSNK2A1,6737,XK
1324,CSNK2A1,6739,XPC
1324,CSNK2A1,6743,XRCC1
1324,CSNK2A1,6746,XRCC4
1324,CSNK2A1,6763,YWHAQ
1324,CSNK2A1,6765,YY1
1324,CSNK2A1,6776,ZC3H8
1325,CSNK2A2,1326,CSNK2B
1325,CSNK2A2,1329,CST4
1325,CSNK2A2,1336,CTDP1
1325,CSNK2A2,1348,CTNNB1
1325,CSNK2A2,1353,CTR9
1325,CSNK2A2,1472,DDIT3
1325,CSNK2A2,1488,DDX46
1325,CSNK2A2,1521,DHX16
1325,CSNK2A2,1532,DIDO1
1325,CSNK2A2,1539,DKC1
1325,CSNK2A2,1554,DLGAP4
1325,CSNK2A2,1611,DPP3
1325,CSNK2A2,1724,EEF1B2
1325,CSNK2A2,1746,EGFR
1325,CSNK2A2,1750,EGR1
1325,CSNK2A2,1751,EGR2
1325,CSNK2A2,1768,EIF2B5
1325,CSNK2A2,1770,EIF2S2
1325,CSNK2A2,1774,EIF3C
1325,CSNK2A2,1782,EIF4B
1325,CSNK2A2,1785,EIF4EBP1
1325,CSNK2A2,1863,EPS15
1325,CSNK2A2,1878,ERCC5
1325,CSNK2A2,1887,ERH
1325,CSNK2A2,1897,ESR1
1325,CSNK2A2,1899,ESRRA
1325,CSNK2A2,1938,F5
1325,CSNK2A2,1947,FAF1
1325,CSNK2A2,2011,FBXW7
1325,CSNK2A2,2232,GAP43
1325,CSNK2A2,2338,GMFG
1325,CSNK2A2,2395,GPI
1325,CSNK2A2,2486,GTF2A1
1325,CSNK2A2,2487,GTF2A1L
1325,CSNK2A2,2507,GYS1
1325,CSNK2A2,2537,HDAC1
1325,CSNK2A2,2540,HDAC2
1325,CSNK2A2,2549,HDGF
1325,CSNK2A2,2550,HDLBP
1325,CSNK2A2,2615,HLTF
1325,CSNK2A2,2616,HMGA1
1325,CSNK2A2,2636,HNRNPC
1325,CSNK2A2,2665,HOXB7
1325,CSNK2A2,2691,HSF1
1325,CSNK2A2,2694,HSP90AA1
1325,CSNK2A2,2695,HSP90AB1
1325,CSNK2A2,2710,HSPH1
1325,CSNK2A2,2752,IFI16
1325,CSNK2A2,2769,IFNAR1
1325,CSNK2A2,2787,IGFBP1
1325,CSNK2A2,2788,IGFBP3
1325,CSNK2A2,2800,IKBKB
1325,CSNK2A2,2818,IL16
1325,CSNK2A2,2933,IRS1
1325,CSNK2A2,3006,JUN
1325,CSNK2A2,3070,KDM4B
1325,CSNK2A2,3091,KIF1C
1325,CSNK2A2,3094,KIF21A
1325,CSNK2A2,3124,KLF1
1325,CSNK2A2,3182,L1CAM
1325,CSNK2A2,3240,LGALS3
1325,CSNK2A2,3260,LIG1
1325,CSNK2A2,3303,LMO7
1325,CSNK2A2,3371,LTB4R
1325,CSNK2A2,3461,MAP4K4
1325,CSNK2A2,3472,MAPK3
1325,CSNK2A2,3508,MAX
1325,CSNK2A2,3509,MAZ
1325,CSNK2A2,3518,MC1R
1325,CSNK2A2,3532,MCM2
1325,CSNK2A2,3544,MCRS1
1325,CSNK2A2,3554,MDN1
1325,CSNK2A2,3566,MEF2C
1325,CSNK2A2,3587,MFAP1
1325,CSNK2A2,3688,MS4A1
1325,CSNK2A2,3693,MSH6
1325,CSNK2A2,3740,MYB
1325,CSNK2A2,3745,MYC
1325,CSNK2A2,3748,MYCN
1325,CSNK2A2,3750,MYF5
1325,CSNK2A2,3796,NACA
1325,CSNK2A2,3820,NCF1
1325,CSNK2A2,3828,NCL
1325,CSNK2A2,3860,NEFL
1325,CSNK2A2,3861,NEFM
1325,CSNK2A2,3898,NFKBIA
1325,CSNK2A2,3932,NKX3-1
1325,CSNK2A2,3963,NOL3
1325,CSNK2A2,3967,NOP56
1325,CSNK2A2,4105,OCLN
1325,CSNK2A2,4123,OPRM1
1325,CSNK2A2,4130,OSBP
1325,CSNK2A2,4164,PA2G4
1325,CSNK2A2,4167,PACS1
1325,CSNK2A2,4280,PCLO
1325,CSNK2A2,4301,PDCD5
1325,CSNK2A2,4366,PEPD
1325,CSNK2A2,4404,PGR
1325,CSNK2A2,4431,PHLDB2
1325,CSNK2A2,4467,PIK3R1
1325,CSNK2A2,4479,PIN4
1325,CSNK2A2,4509,PKN2
1325,CSNK2A2,4612,POLR2F
1325,CSNK2A2,4646,PPIG
1325,CSNK2A2,4676,PPP1R1B
1325,CSNK2A2,4677,PPP1R2
1325,CSNK2A2,4681,PPP1R8
1325,CSNK2A2,4682,PPP1R9A
1325,CSNK2A2,4736,PRKAR2A
1325,CSNK2A2,4796,PSEN2
1325,CSNK2A2,4804,PSMA3
1325,CSNK2A2,4837,PTEN
1325,CSNK2A2,4858,PTMA
1325,CSNK2A2,4864,PTPN1
1325,CSNK2A2,4882,PTPRC
1325,CSNK2A2,5043,RBM10
1325,CSNK2A2,5076,RELA
1325,CSNK2A2,5083,RERE
1325,CSNK2A2,5091,RFC1
1325,CSNK2A2,5109,RGS19
1325,CSNK2A2,5165,RNF113A
1325,CSNK2A2,5235,RNF7
1325,CSNK2A2,5267,RPLP0
1325,CSNK2A2,5268,RPLP1
1325,CSNK2A2,5269,RPLP2
1325,CSNK2A2,5272,RPS10
1325,CSNK2A2,5292,RRAD
1325,CSNK2A2,5302,RRP12
1325,CSNK2A2,5310,RTF1
1325,CSNK2A2,5313,RTN4
1325,CSNK2A2,5349,SAFB2
1325,CSNK2A2,5355,SART1
1325,CSNK2A2,5359,SAT1
1325,CSNK2A2,5478,SET
1325,CSNK2A2,5564,SIN3A
1325,CSNK2A2,5597,SLBP
1325,CSNK2A2,5602,SLC12A2
1325,CSNK2A2,5612,SLC18A2
1325,CSNK2A2,5640,SLC39A7
1325,CSNK2A2,5706,SMC3
1325,CSNK2A2,5728,SNCA
1325,CSNK2A2,5786,SP1
1325,CSNK2A2,5804,SPIB
1325,CSNK2A2,5813,SPP1
1325,CSNK2A2,5843,SRPK1
1325,CSNK2A2,5851,SSB
1325,CSNK2A2,5890,STATH
1325,CSNK2A2,5911,STK4
1325,CSNK2A2,5918,STON1
1325,CSNK2A2,5928,STX1A
1325,CSNK2A2,5974,SYNPO
1325,CSNK2A2,6002,TAF2
1325,CSNK2A2,6035,TBK1
1325,CSNK2A2,6056,TCF7L2
1325,CSNK2A2,6104,TFIP11
1325,CSNK2A2,6135,THRA
1325,CSNK2A2,6158,TJAP1
1325,CSNK2A2,6209,TMX1
1325,CSNK2A2,6211,TNF
1325,CSNK2A2,6269,TOP2A
1325,CSNK2A2,6275,TP53
1325,CSNK2A2,6285,TP73
1325,CSNK2A2,6294,TPM3
1325,CSNK2A2,6393,TRIO
1325,CSNK2A2,6422,TRRAP
1325,CSNK2A2,6496,UBA1
1325,CSNK2A2,6520,UBE2R2
1325,CSNK2A2,6569,UNC5D
1325,CSNK2A2,6599,USP34
1325,CSNK2A2,6610,UTRN
1325,CSNK2A2,6619,VAMP4
1325,CSNK2A2,6636,VDR
1325,CSNK2A2,6656,VPS72
1325,CSNK2A2,6665,VTN
1325,CSNK2A2,6668,WAS
1325,CSNK2A2,6737,XK
1325,CSNK2A2,6739,XPC
1325,CSNK2A2,6743,XRCC1
1325,CSNK2A2,6746,XRCC4
1325,CSNK2A2,6747,XRCC5
1325,CSNK2A2,6794,ZFX
1325,CSNK2A2,6795,ZFY
1325,CSNK2A2,6845,ZRANB2
1326,CSNK2B,1336,CTDP1
1326,CSNK2B,1348,CTNNB1
1326,CSNK2B,1793,EIF5
1326,CSNK2B,1946,FADD
1326,CSNK2B,2664,HOXB6
1326,CSNK2B,2803,IKZF1
1326,CSNK2B,2933,IRS1
1326,CSNK2B,3470,MAPK14
1326,CSNK2B,3636,MME
1326,CSNK2B,3820,NCF1
1326,CSNK2B,3898,NFKBIA
1326,CSNK2B,4105,OCLN
1326,CSNK2B,5235,RNF7
1326,CSNK2B,5427,SEC63
1326,CSNK2B,5478,SET
1326,CSNK2B,5720,SNAI1
1326,CSNK2B,5843,SRPK1
1326,CSNK2B,6039,TBP
1326,CSNK2B,6275,TP53
1326,CSNK2B,6582,USO1
1326,CSNK2B,6686,WEE1
1327,CSPG4,2049,FGF1
1327,CSPG4,4738,PRKCA
1328,CSRP3,3751,MYF6
1328,CSRP3,3782,MYOD1
1328,CSRP3,3783,MYOG
1329,CST4,4730,PRKACB
1330,CSTF1,5965,SYMPK
1331,CSTF2,5965,SYMPK
1332,CSTF2T,2477,GSK3B
1332,CSTF2T,3470,MAPK14
1333,CTBP1,1807,ELK3
1333,CTBP1,2588,HIPK2
1333,CTBP1,3476,MAPK8
1333,CTBP1,3835,NCOR2
1333,CTBP1,4179,PAK1
1333,CTBP1,4726,PRKAA1
1333,CTBP1,5946,SUMO1
1333,CTBP1,6038,TBL1Y
1333,CTBP1,6056,TCF7L2
1333,CTBP1,6785,ZEB2
1334,CTBP2,1832,EP300
1334,CTBP2,3137,KLF8
1334,CTBP2,4184,PAK6
1335,CTCF,2550,HDLBP
1335,CTCF,5946,SUMO1
1336,CTDP1,4609,POLR2A
1336,CTDP1,4751,PRKDC
1336,CTDP1,4761,PRMT5
1336,CTDP1,5283,RPS6KA3
1337,CTDSP1,4609,POLR2A
1337,CTDSP1,5685,SMAD1
1337,CTDSP1,5686,SMAD2
1337,CTDSP1,5687,SMAD3
1337,CTDSP1,6483,TWIST1
1338,CTDSP2,4609,POLR2A
1338,CTDSP2,5685,SMAD1
1338,CTDSP2,5686,SMAD2
1338,CTDSP2,5687,SMAD3
1339,CTDSPL,5034,RB1
1339,CTDSPL,5685,SMAD1
1339,CTDSPL,5686,SMAD2
1339,CTDSPL,5687,SMAD3
1340,CTDSPL2,4609,POLR2A
1341,CTF1,2875,IL6ST
1341,CTF1,3259,LIFR
1342,CTH,4753,PRKG2
1343,CTHRC1,2185,FZD3
1343,CTHRC1,2187,FZD5
1343,CTHRC1,2188,FZD6
1343,CTHRC1,5248,ROR2
1343,CTHRC1,6702,WNT11
1343,CTHRC1,6707,WNT3A
1343,CTHRC1,6709,WNT5A
1344,CTLA4,1956,FAM200A
1344,CTLA4,2181,FYN
1344,CTLA4,2742,ICOSLG
1344,CTLA4,2991,JAK2
1344,CTLA4,3216,LCK
1344,CTLA4,3891,NFIA
1344,CTLA4,4264,PCDHGB4
1344,CTLA4,4865,PTPN11
1344,CTLA4,4877,PTPN6
1344,CTLA4,5548,SIGLEC10
1344,CTLA4,6484,TXK
1344,CTLA4,6673,WBP1
1345,CTNNA1,4730,PRKACB
1345,CTNNA1,4865,PTPN11
1345,CTNNA1,6750,YAP1
1346,CTNNA2,2477,GSK3B
1346,CTNNA2,3476,MAPK8
1346,CTNNA2,4730,PRKACB
1346,CTNNA2,6750,YAP1
1347,CTNNA3,1348,CTNNB1
1347,CTNNA3,3009,JUP
1348,CTNNB1,1349,CTNNBIP1
1348,CTNNB1,1367,CUL1
1348,CTNNB1,1428,DAB2IP
1348,CTNNB1,1437,DAPK2
1348,CTNNB1,1670,DVL1
1348,CTNNB1,1746,EGFR
1348,CTNNB1,1832,EP300
1348,CTNNB1,1870,ERBB2
1348,CTNNB1,2008,FBXW11
1348,CTNNB1,2033,FER
1348,CTNNB1,2081,FHIT
1348,CTNNB1,2110,FLT3
1348,CTNNB1,2146,FOXO1
1348,CTNNB1,2147,FOXO3
1348,CTNNB1,2148,FOXO4
1348,CTNNB1,2181,FYN
1348,CTNNB1,2371,GNRHR
1348,CTNNB1,2476,GSK3A
1348,CTNNB1,2477,GSK3B
1348,CTNNB1,2588,HIPK2
1348,CTNNB1,2628,HNF1A
1348,CTNNB1,2992,JAK3
1348,CTNNB1,3006,JUN
1348,CTNNB1,3013,KAT2B
1348,CTNNB1,3133,KLF4
1348,CTNNB1,3230,LEF1
1348,CTNNB1,3377,LTC4S
1348,CTNNB1,3424,MAML1
1348,CTNNB1,3476,MAPK8
1348,CTNNB1,3480,MAPK9
1348,CTNNB1,3782,MYOD1
1348,CTNNB1,3867,NEK2
1348,CTNNB1,3924,NKD1
1348,CTNNB1,3972,NOTCH1
1348,CTNNB1,4032,NR4A1
1348,CTNNB1,4033,NR4A2
1348,CTNNB1,4034,NR4A3
1348,CTNNB1,4179,PAK1
1348,CTNNB1,4183,PAK4
1348,CTNNB1,4497,PITX2
1348,CTNNB1,4556,PLK1
1348,CTNNB1,4632,POU5F1
1348,CTNNB1,4637,PPARG
1348,CTNNB1,4684,PPP2CA
1348,CTNNB1,4727,PRKAA2
1348,CTNNB1,4729,PRKACA
1348,CTNNB1,4739,PRKCB
1348,CTNNB1,4740,PRKCD
1348,CTNNB1,4747,PRKCZ
1348,CTNNB1,4748,PRKD1
1348,CTNNB1,4795,PSEN1
1348,CTNNB1,4856,PTK6
1348,CTNNB1,4857,PTK7
1348,CTNNB1,4864,PTPN1
1348,CTNNB1,4868,PTPN14
1348,CTNNB1,4873,PTPN23
1348,CTNNB1,4886,PTPRF
1348,CTNNB1,4890,PTPRK
1348,CTNNB1,4896,PTPRU
1348,CTNNB1,4997,RANBP3
1348,CTNNB1,5014,RARA
1348,CTNNB1,5085,RET
1348,CTNNB1,5326,RXRA
1348,CTNNB1,5398,SCRIB
1348,CTNNB1,5543,SIAH1
1348,CTNNB1,5572,SIRT1
1348,CTNNB1,5691,SMAD7
1348,CTNNB1,5716,SMURF2
1348,CTNNB1,5779,SOX17
1348,CTNNB1,5780,SOX2
1348,CTNNB1,5781,SOX3
1348,CTNNB1,5782,SOX4
1348,CTNNB1,5783,SOX6
1348,CTNNB1,5827,SRC
1348,CTNNB1,6036,TBL1X
1348,CTNNB1,6053,TCF3
1348,CTNNB1,6054,TCF4
1348,CTNNB1,6055,TCF7
1348,CTNNB1,6056,TCF7L2
1348,CTNNB1,6350,TRIM33
1348,CTNNB1,6422,TRRAP
1348,CTNNB1,6636,VDR
1348,CTNNB1,6750,YAP1
1350,CTNND1,1746,EGFR
1350,CTNND1,2181,FYN
1350,CTNND1,2477,GSK3B
1350,CTNND1,2783,IGF1R
1350,CTNND1,3472,MAPK3
1350,CTNND1,4729,PRKACA
1350,CTNND1,4738,PRKCA
1350,CTNND1,4739,PRKCB
1350,CTNND1,4741,PRKCE
1350,CTNND1,4877,PTPN6
1350,CTNND1,4889,PTPRJ
1350,CTNND1,4891,PTPRM
1350,CTNND1,4895,PTPRT
1350,CTNND1,4960,RAC1
1350,CTNND1,5827,SRC
1350,CTNND1,6627,VAV2
1351,CTNND2,2477,GSK3B
1351,CTNND2,3421,MAGI2
1351,CTNND2,3476,MAPK8
1351,CTNND2,4739,PRKCB
1351,CTNND2,5283,RPS6KA3
1353,CTR9,2477,GSK3B
1353,CTR9,3470,MAPK14
1353,CTR9,4730,PRKACB
1353,CTR9,5283,RPS6KA3
1354,CTSB,2782,IGF1
1354,CTSB,5081,REN
1355,CTSD,1897,ESR1
1355,CTSD,2903,INS
1355,CTSD,6275,TP53
1357,CTSF,2600,HLA-DMA
1357,CTSF,2601,HLA-DMB
1357,CTSF,2602,HLA-DOA
1357,CTSF,2603,HLA-DOB
1357,CTSF,2604,HLA-DPA1
1357,CTSF,2605,HLA-DPB1
1357,CTSF,2606,HLA-DQA1
1357,CTSF,2607,HLA-DQA2
1357,CTSF,2608,HLA-DQB1
1357,CTSF,2609,HLA-DRA
1357,CTSF,2610,HLA-DRB1
1357,CTSF,2611,HLA-DRB5
1358,CTSG,1382,CXCL12
1358,CTSG,1933,F2R
1358,CTSG,1934,F2RL1
1358,CTSG,2788,IGFBP3
1358,CTSG,5470,SERPIND1
1358,CTSG,5803,SPI1
1361,CTSS,2600,HLA-DMA
1361,CTSS,2601,HLA-DMB
1361,CTSS,2602,HLA-DOA
1361,CTSS,2603,HLA-DOB
1361,CTSS,2604,HLA-DPA1
1361,CTSS,2605,HLA-DPB1
1361,CTSS,2606,HLA-DQA1
1361,CTSS,2607,HLA-DQA2
1361,CTSS,2608,HLA-DQB1
1361,CTSS,2609,HLA-DRA
1361,CTSS,2610,HLA-DRB1
1361,CTSS,2611,HLA-DRB5
1361,CTSS,5803,SPI1
1362,CTTN,1363,CTTNBP2
1362,CTTN,1364,CTTNBP2NL
1362,CTTN,1534,DIP2A
1362,CTTN,1824,ENG
1362,CTTN,2033,FER
1362,CTTN,2072,FGFR1
1362,CTTN,2477,GSK3B
1362,CTTN,2544,HDAC6
1362,CTTN,2783,IGF1R
1362,CTTN,2909,INSR
1362,CTTN,3437,MAP2K1
1362,CTTN,3465,MAPK1
1362,CTTN,3472,MAPK3
1362,CTTN,3480,MAPK9
1362,CTTN,3580,MET
1362,CTTN,4179,PAK1
1362,CTTN,4182,PAK3
1362,CTTN,4740,PRKCD
1362,CTTN,4748,PRKD1
1362,CTTN,4750,PRKD3
1362,CTTN,4855,PTK2B
1362,CTTN,4864,PTPN1
1362,CTTN,4887,PTPRG
1362,CTTN,5827,SRC
1362,CTTN,5964,SYK
1362,CTTN,6672,WASL
1363,CTTNBP2,5524,SHANK3
1364,CTTNBP2NL,5923,STRN
1364,CTTNBP2NL,5924,STRN4
1365,CUBN,3340,LRP2
1367,CUL1,3745,MYC
1367,CUL1,5060,RBX1
1367,CUL1,5235,RNF7
1367,CUL1,5590,SKP1
1367,CUL1,6517,UBE2M
1368,CUL2,3857,NEDD8
1368,CUL2,6517,UBE2M
1369,CUL3,2231,GAN
1369,CUL3,2322,GLIS2
1369,CUL3,2477,GSK3B
1369,CUL3,2692,HSF2
1369,CUL3,3060,KCTD10
1369,CUL3,3062,KCTD13
1369,CUL3,3077,KEAP1
1369,CUL3,3393,LZTR1
1369,CUL3,3431,MAP1B
1369,CUL3,3435,MAP1S
1369,CUL3,3476,MAPK8
1369,CUL3,3890,NFE2L2
1369,CUL3,5120,RHOA
1369,CUL3,5590,SKP1
1369,CUL3,5812,SPOP
1369,CUL3,6034,TBCB
1369,CUL3,6212,TNFAIP1
1370,CUL4A,1639,DTL
1370,CUL4A,3857,NEDD8
1372,CUL5,4729,PRKACA
1372,CUL5,4730,PRKACB
1373,CUL9,6513,UBE2I
1374,CUX1,2477,GSK3B
1374,CUX1,3470,MAPK14
1374,CUX1,4729,PRKACA
1375,CUX2,4111,OGG1
1376,CX3CL1,1377,CX3CR1
1376,CX3CL1,2960,ITGAV
1376,CX3CL1,2965,ITGB3
1376,CX3CL1,6275,TP53
1378,CXADR,2477,GSK3B
1378,CXADR,3480,MAPK9
1379,CXCL1,1392,CXCR1
1379,CXCL1,1393,CXCR2
1379,CXCL1,2185,FZD3
1379,CXCL1,2467,GRM7
1379,CXCL1,3717,MTNR1A
1379,CXCL1,4534,PLCE1
1379,CXCL1,4729,PRKACA
1379,CXCL1,5711,SMO
1380,CXCL10,1394,CXCR3
1380,CXCL10,1612,DPP4
1380,CXCL10,2467,GRM7
1380,CXCL10,2926,IRF3
1380,CXCL10,3717,MTNR1A
1380,CXCL10,5406,SDC4
1380,CXCL10,6177,TLR4
1381,CXCL11,1394,CXCR3
1381,CXCL11,1612,DPP4
1381,CXCL11,2467,GRM7
1381,CXCL11,3717,MTNR1A
1382,CXCL12,1394,CXCR3
1382,CXCL12,1395,CXCR4
1382,CXCL12,1612,DPP4
1382,CXCL12,1897,ESR1
1382,CXCL12,2467,GRM7
1382,CXCL12,2950,ITGA4
1382,CXCL12,2951,ITGA5
1382,CXCL12,2960,ITGAV
1382,CXCL12,2962,ITGB1
1382,CXCL12,2965,ITGB3
1382,CXCL12,3717,MTNR1A
1382,CXCL12,5406,SDC4
1383,CXCL13,1394,CXCR3
1383,CXCL13,1396,CXCR5
1383,CXCL13,2467,GRM7
1383,CXCL13,3717,MTNR1A
1383,CXCL13,4120,OPRD1
1384,CXCL14,1395,CXCR4
1385,CXCL16,1397,CXCR6
1385,CXCL16,2467,GRM7
1385,CXCL16,3717,MTNR1A
1386,CXCL17,2415,GPR35
1387,CXCL2,1392,CXCR1
1387,CXCL2,1393,CXCR2
1387,CXCL2,1612,DPP4
1387,CXCL2,2143,FOXL2
1387,CXCL2,2467,GRM7
1387,CXCL2,3717,MTNR1A
1387,CXCL2,6734,XCR1
1388,CXCL3,1392,CXCR1
1388,CXCL3,1393,CXCR2
1388,CXCL3,2143,FOXL2
1388,CXCL3,2467,GRM7
1388,CXCL3,3717,MTNR1A
1389,CXCL5,1392,CXCR1
1389,CXCL5,1393,CXCR2
1389,CXCL5,2467,GRM7
1389,CXCL5,3654,MMP9
1389,CXCL5,3717,MTNR1A
1390,CXCL6,1392,CXCR1
1390,CXCL6,1393,CXCR2
1390,CXCL6,2467,GRM7
1390,CXCL6,3717,MTNR1A
1391,CXCL9,1394,CXCR3
1391,CXCL9,1612,DPP4
1391,CXCL9,2019,FCGR2A
1391,CXCL9,2467,GRM7
1391,CXCL9,3109,KIR2DL3
1391,CXCL9,3717,MTNR1A
1392,CXCR1,2349,GNAI2
1392,CXCR1,4641,PPBP
1392,CXCR1,5074,REEP5
1393,CXCR2,2349,GNAI2
1393,CXCR2,3611,MIF
1393,CXCR2,4641,PPBP
1393,CXCR2,4730,PRKACB
1393,CXCR2,6625,VASP
1394,CXCR3,2349,GNAI2
1394,CXCR3,4383,PF4
1394,CXCR3,4384,PF4V1
1395,CXCR4,1612,DPP4
1395,CXCR4,2348,GNAI1
1395,CXCR4,2349,GNAI2
1395,CXCR4,2350,GNAI3
1395,CXCR4,2458,GRK5
1395,CXCR4,2459,GRK6
1395,CXCR4,2618,HMGB1
1395,CXCR4,2992,JAK3
1395,CXCR4,3131,KLF2
1395,CXCR4,3611,MIF
1395,CXCR4,4475,PIM1
1395,CXCR4,4740,PRKCD
1395,CXCR4,6101,TFF2
1395,CXCR4,6102,TFF3
1395,CXCR4,6111,TGFB1
1395,CXCR4,6586,USP14
1395,CXCR4,6801,ZG16B
1398,CXXC4,1670,DVL1
1399,CXXC5,1670,DVL1
1400,CYBA,4738,PRKCA
1400,CYBA,4740,PRKCD
1401,CYBB,5803,SPI1
1402,CYC1,2477,GSK3B
1403,CYCS,1435,DAP3
1403,CYCS,2292,GHITM
1403,CYCS,2477,GSK3B
1403,CYCS,3942,NLRP1
1403,CYCS,4480,PINK1
1403,CYCS,6276,TP53AIP1
1404,CYFIP1,3917,NHS
1405,CYLD,2800,IKBKB
1405,CYLD,2801,IKBKE
1405,CYLD,2802,IKBKG
1405,CYLD,3455,MAP3K7
1405,CYLD,6306,TRAF2
1405,CYLD,6311,TRAF6
1405,CYLD,6365,TRIM47
1406,CYP11A1,5574,SIRT3
1407,CYP17A1,2143,FOXL2
1407,CYP17A1,3470,MAPK14
1407,CYP17A1,3893,NFIC
1407,CYP17A1,4219,PBX1
1407,CYP17A1,4729,PRKACA
1408,CYP19A1,2143,FOXL2
1408,CYP19A1,5827,SRC
1409,CYP1A2,3891,NFIA
1410,CYP26A1,5014,RARA
1411,CYP2B6,4729,PRKACA
1411,CYP2B6,6636,VDR
1412,CYP2C18,4739,PRKCB
1413,CYP2C9,2630,HNF4A
1413,CYP2C9,6636,VDR
1414,CYP2D6,2630,HNF4A
1415,CYP2F1,5283,RPS6KA3
1416,CYP3A4,2630,HNF4A
1416,CYP3A4,4738,PRKCA
1416,CYP3A4,6636,VDR
1418,CYP7A1,2130,FOXA2
1418,CYP7A1,2144,FOXM1
1418,CYP7A1,2630,HNF4A
1419,CYP8B1,2630,HNF4A
1420,CYSLTR1,2346,GNA14
1420,CYSLTR1,2347,GNA15
1420,CYSLTR1,2348,GNAI1
1420,CYSLTR1,2350,GNAI3
1420,CYSLTR1,2353,GNAQ
1420,CYSLTR1,4738,PRKCA
1421,CYSLTR2,2346,GNA14
1421,CYSLTR2,2350,GNAI3
1421,CYSLTR2,2353,GNAQ
1421,CYSLTR2,2357,GNAZ
1422,CYTH1,4738,PRKCA
1422,CYTH1,4740,PRKCD
1423,CYTH2,4738,PRKCA
1423,CYTH2,4739,PRKCB
1423,CYTH2,4742,PRKCG
1425,DAAM1,1670,DVL1
1425,DAAM1,4393,PFN1
1425,DAAM1,5119,RHO
1425,DAAM1,5120,RHOA
1425,DAAM1,5827,SRC
1426,DAB1,2477,GSK3B
1426,DAB1,2783,IGF1R
1426,DAB1,3386,LYN
1426,DAB1,3476,MAPK8
1426,DAB1,3972,NOTCH1
1426,DAB1,4887,PTPRG
1426,DAB1,5283,RPS6KA3
1426,DAB1,5827,SRC
1427,DAB2,1428,DAB2IP
1427,DAB2,1672,DVL3
1427,DAB2,2477,GSK3B
1427,DAB2,3344,LRP6
1427,DAB2,3470,MAPK14
1427,DAB2,4677,PPP1R2
1427,DAB2,4738,PRKCA
1427,DAB2,4739,PRKCB
1427,DAB2,4740,PRKCD
1427,DAB2,4742,PRKCG
1427,DAB2,5686,SMAD2
1427,DAB2,6115,TGFBR1
1427,DAB2,6116,TGFBR2
1428,DAB2IP,1888,ERN1
1428,DAB2IP,2011,FBXW7
1428,DAB2IP,2240,GATA1
1428,DAB2IP,2477,GSK3B
1428,DAB2IP,2682,HRAS
1428,DAB2IP,2991,JAK2
1428,DAB2IP,3169,KRAS
1428,DAB2IP,3453,MAP3K5
1428,DAB2IP,4037,NRAS
1428,DAB2IP,4463,PIK3CA
1428,DAB2IP,4467,PIK3R1
1428,DAB2IP,5143,RIPK1
1428,DAB2IP,5591,SKP2
1428,DAB2IP,5715,SMURF1
1428,DAB2IP,5885,STAT3
1429,DACH1,5581,SIX1
1430,DACH2,4210,PAX3
1430,DACH2,5581,SIX1
1431,DACT1,1671,DVL2
1431,DACT1,4729,PRKACA
1432,DAG1,1739,EFNB1
1432,DAG1,3190,LAMA2
1432,DAG1,3192,LAMA4
1432,DAG1,3194,LAMB1
1432,DAG1,3195,LAMB2
1432,DAG1,3197,LAMC1
1432,DAG1,3198,LAMC2
1432,DAG1,4053,NRXN1
1432,DAG1,4054,NRXN2
1432,DAG1,4055,NRXN3
1432,DAG1,4535,PLCG1
1432,DAG1,4738,PRKCA
1432,DAG1,5827,SRC
1433,DAGLA,3470,MAPK14
1433,DAGLA,4751,PRKDC
1433,DAGLA,5287,RPS6KB1
1434,DAP,3719,MTOR
1435,DAP3,4729,PRKACA
1435,DAP3,4740,PRKCD
1436,DAPK1,1437,DAPK2
1436,DAPK1,1438,DAPK3
1436,DAPK1,2451,GRIN2B
1436,DAPK1,2694,HSP90AA1
1436,DAPK1,2949,ITGA3
1436,DAPK1,3144,KLHL20
1436,DAPK1,3431,MAP1B
1436,DAPK1,3465,MAPK1
1436,DAPK1,3472,MAPK3
1436,DAPK1,3474,MAPK6
1436,DAPK1,3491,MARK1
1436,DAPK1,3492,MARK2
1436,DAPK1,3533,MCM3
1436,DAPK1,3604,MIB1
1436,DAPK1,3756,MYL12A
1436,DAPK1,3757,MYL12B
1436,DAPK1,3873,NEO1
1436,DAPK1,4361,PELI1
1436,DAPK1,4478,PIN1
1436,DAPK1,4738,PRKCA
1436,DAPK1,4748,PRKD1
1436,DAPK1,4886,PTPRF
1436,DAPK1,5265,RPL13A
1436,DAPK1,5280,RPS6
1436,DAPK1,5281,RPS6KA1
1436,DAPK1,5282,RPS6KA2
1436,DAPK1,5283,RPS6KA3
1436,DAPK1,5686,SMAD2
1436,DAPK1,5687,SMAD3
1436,DAPK1,5688,SMAD4
1436,DAPK1,5827,SRC
1436,DAPK1,5928,STX1A
1436,DAPK1,5929,STX3
1436,DAPK1,6171,TLN1
1436,DAPK1,6275,TP53
1436,DAPK1,6292,TPM1
1436,DAPK1,6424,TSC2
1436,DAPK1,6567,UNC5B
1437,DAPK2,1689,E2F1
1437,DAPK2,1861,EPO
1437,DAPK2,3135,KLF6
1437,DAPK2,3755,MYL1
1437,DAPK2,4752,PRKG1
1437,DAPK2,5291,RPTOR
1437,DAPK2,5928,STX1A
1438,DAPK3,3552,MDM2
1438,DAPK3,3756,MYL12A
1438,DAPK3,3757,MYL12B
1438,DAPK3,3761,MYL5
1438,DAPK3,3763,MYL9
1438,DAPK3,4030,NR3C1
1438,DAPK3,4664,PPP1R12A
1438,DAPK3,4669,PPP1R14A
1438,DAPK3,5245,ROCK1
1438,DAPK3,5265,RPL13A
1438,DAPK3,5885,STAT3
1438,DAPK3,5928,STX1A
1438,DAPK3,6275,TP53
1438,DAPK3,6397,TRIP12
1438,DAPK3,6562,ULK1
1439,DAPP1,3216,LCK
1439,DAPP1,3386,LYN
1439,DAPP1,5827,SRC
1440,DAXX,1974,FAS
1440,DAXX,2477,GSK3B
1440,DAXX,2587,HIPK1
1440,DAXX,2588,HIPK2
1440,DAXX,2589,HIPK3
1440,DAXX,3453,MAP3K5
1440,DAXX,3470,MAPK14
1440,DAXX,3552,MDM2
1440,DAXX,5812,SPOP
1440,DAXX,6116,TGFBR2
1440,DAXX,6513,UBE2I
1441,DAZAP1,3465,MAPK1
1442,DAZL,3481,MAPKAPK2
1443,DBF4,1689,E2F1
1443,DBF4,3573,MEN1
1444,DBI,4740,PRKCD
1445,DBN1,4738,PRKCA
1446,DBNDD1,6349,TRIM32
1447,DBNL,6766,ZAP70
1448,DBP,2990,JAK1
1448,DBP,2991,JAK2
1448,DBP,2992,JAK3
1449,DCAF7,1683,DYRK1A
1449,DCAF7,1684,DYRK1B
1450,DCBLD2,5442,SEMA4B
1451,DCC,1628,DSCAM
1451,DCC,2181,FYN
1451,DCC,2790,IGFBPL1
1451,DCC,3768,MYO10
1451,DCC,4067,NTN1
1451,DCC,4069,NTN4
1451,DCC,4801,PSG7
1451,DCC,4802,PSG9
1451,DCC,4854,PTK2
1451,DCC,5671,SLIT2
1451,DCC,5827,SRC
1451,DCC,6566,UNC5A
1451,DCC,6567,UNC5B
1451,DCC,6568,UNC5C
1451,DCC,6569,UNC5D
1451,DCC,6662,VSIG4
1452,DCHS1,1977,FAT4
1454,DCLK1,2477,GSK3B
1454,DCLK1,3476,MAPK8
1454,DCLK1,4730,PRKACB
1454,DCLK1,5283,RPS6KA3
1455,DCLK3,4991,RAMP1
1455,DCLK3,4992,RAMP2
1455,DCLK3,4993,RAMP3
1457,DCLRE1B,2697,HSPA1A
1457,DCLRE1B,3729,MUS81
1457,DCLRE1B,6081,TERF2
1458,DCLRE1C,4751,PRKDC
1458,DCLRE1C,6746,XRCC4
1459,DCN,1746,EGFR
1459,DCN,1872,ERBB4
1459,DCN,2783,IGF1R
1459,DCN,3076,KDR
1459,DCN,3335,LRP1
1459,DCN,3580,MET
1459,DCN,3646,MMP2
1459,DCN,3651,MMP3
1459,DCN,3652,MMP7
1459,DCN,6111,TGFB1
1459,DCN,6175,TLR2
1459,DCN,6177,TLR4
1460,DCP1A,3476,MAPK8
1461,DCST1,6513,UBE2I
1462,DCT,5777,SOX10
1463,DCTN1,1989,FBXL5
1463,DCTN1,4556,PLK1
1464,DCTN2,6847,ZW10
1466,DCTN6,4556,PLK1
1467,DCX,1685,DYRK2
1467,DCX,2477,GSK3B
1467,DCX,3476,MAPK8
1467,DCX,3480,MAPK9
1467,DCX,4729,PRKACA
1467,DCX,4739,PRKCB
1467,DCX,4751,PRKDC
1467,DCX,4752,PRKG1
1467,DCX,5283,RPS6KA3
1468,DDB1,1689,E2F1
1468,DDB1,4729,PRKACA
1468,DDB1,6739,XPC
1469,DDB2,1689,E2F1
1469,DDB2,3470,MAPK14
1469,DDB2,6275,TP53
1469,DDB2,6595,USP24
1469,DDB2,6739,XPC
1469,DDB2,6747,XRCC5
1470,DDC,2130,FOXA2
1471,DDHD1,3465,MAPK1
1471,DDHD1,4684,PPP2CA
1472,DDIT3,2127,FOSL1
1472,DDIT3,2477,GSK3B
1472,DDIT3,2959,ITGAM
1472,DDIT3,3008,JUND
1472,DDIT3,3433,MAP1LC3B
1472,DDIT3,3465,MAPK1
1472,DDIT3,3470,MAPK14
1472,DDIT3,3481,MAPKAPK2
1472,DDIT3,4726,PRKAA1
1473,DDIT4,6275,TP53
1474,DDR1,1475,DDR2
1474,DDR1,3381,LY6G6F
1474,DDR1,3642,MMP14
1474,DDR1,3643,MMP15
1474,DDR1,3644,MMP16
1474,DDR1,3646,MMP2
1474,DDR1,3654,MMP9
1474,DDR1,3869,NEK6
1474,DDR1,5528,SHC1
1474,DDR1,6153,TIMP3
1474,DDR1,6275,TP53
1475,DDR2,5528,SHC1
1475,DDR2,5827,SRC
1476,DDX1,1480,DDX21
1477,DDX17,1832,EP300
1477,DDX17,1897,ESR1
1477,DDX17,3552,MDM2
1479,DDX20,2143,FOXL2
1479,DDX20,4653,PPM1G
1480,DDX21,3006,JUN
1480,DDX21,6145,TICAM1
1481,DDX23,3480,MAPK9
1481,DDX23,5283,RPS6KA3
1483,DDX25,4729,PRKACA
1484,DDX3X,1783,EIF4E
1484,DDX3X,2174,FUS
1484,DDX3X,2783,IGF1R
1484,DDX3X,4165,PABPC1
1484,DDX3X,5786,SP1
1485,DDX3Y,2909,INSR
1487,DDX42,2477,GSK3B
1487,DDX42,3470,MAPK14
1489,DDX5,1832,EP300
1489,DDX5,2537,HDAC1
1489,DDX5,3470,MAPK14
1489,DDX5,3481,MAPKAPK2
1489,DDX5,4445,PIAS1
1489,DDX5,4738,PRKCA
1489,DDX5,5318,RUNX2
1489,DDX5,6275,TP53
1491,DEAF1,2477,GSK3B
1491,DEAF1,3472,MAPK3
1491,DEAF1,3476,MAPK8
1491,DEAF1,3557,MECP2
1492,DEF6,2973,ITK
1492,DEF6,3216,LCK
1492,DEF6,5000,RAP1A
1492,DEF6,5001,RAP1B
1493,DEFA5,3960,NOD2
1496,DEFB104A,3959,NOD1
1496,DEFB104A,3960,NOD2
1498,DEFB4A,3959,NOD1
1498,DEFB4A,3960,NOD2
1498,DEFB4A,6177,TLR4
1500,DENND3,4932,RAB12
1500,DENND3,6562,ULK1
1500,DENND3,6563,ULK2
1502,DENND4C,3465,MAPK1
1503,DENR,3545,MCTS1
1505,DEPDC5,4475,PIM1
1506,DERL1,5761,SOD1
1506,DERL1,6632,VCP
1507,DES,2476,GSK3A
1507,DES,2477,GSK3B
1507,DES,3476,MAPK8
1507,DES,4729,PRKACA
1507,DES,4730,PRKACB
1507,DES,4739,PRKCB
1507,DES,5245,ROCK1
1507,DES,5246,ROCK2
1508,DFFA,1509,DFFB
1508,DFFA,2510,GZMB
1510,DGCR8,3476,MAPK8
1510,DGCR8,5686,SMAD2
1510,DGCR8,5687,SMAD3
1511,DGKA,5827,SRC
1512,DGKD,4738,PRKCA
1513,DGKG,4742,PRKCG
1514,DGKZ,4738,PRKCA
1514,DGKZ,5745,SNTG1
1515,DGUOK,4738,PRKCA
1516,DHCR24,1517,DHCR7
1519,DHH,2578,HHIP
1519,DHH,4832,PTCH1
1519,DHH,4833,PTCH2
1520,DHPS,1794,EIF5A
1520,DHPS,3472,MAPK3
1521,DHX16,2397,GPKOW
1523,DHX36,3749,MYD88
1524,DHX58,2753,IFIH1
1524,DHX58,2801,IKBKE
1524,DHX58,2926,IRF3
1524,DHX58,2929,IRF7
1524,DHX58,3507,MAVS
1524,DHX58,6035,TBK1
1524,DHX58,6307,TRAF3
1525,DHX8,4730,PRKACB
1526,DHX9,2174,FUS
1526,DHX9,3470,MAPK14
1526,DHX9,3749,MYD88
1526,DHX9,4095,NUP98
1526,DHX9,6719,WRN
1527,DIABLO,3466,MAPK10
1527,DIABLO,6736,XIAP
1528,DIAPH1,5120,RHOA
1531,DICER1,6021,TARBP2
1531,DICER1,6022,TARDBP
1532,DIDO1,2477,GSK3B
1533,DIO2,6512,UBE2G2
1533,DIO2,6514,UBE2J1
1534,DIP2A,2165,FSTL1
1534,DIP2A,5761,SOD1
1534,DIP2A,5762,SOD2
1535,DISC1,3103,KIF5B
1535,DISC1,3843,NDEL1
1535,DISC1,4174,PAFAH1B1
1535,DISC1,4729,PRKACA
1536,DISP1,5535,SHH
1537,DISP2,5535,SHH
1538,DIXDC1,1670,DVL1
1538,DIXDC1,3452,MAP3K4
1538,DIXDC1,3491,MARK1
1539,DKC1,6083,TERT
1540,DKK1,3170,KREMEN1
1540,DKK1,3171,KREMEN2
1540,DKK1,3342,LRP4
1540,DKK1,3343,LRP5
1540,DKK1,3344,LRP6
1540,DKK1,6275,TP53
1541,DKK2,3170,KREMEN1
1541,DKK2,3171,KREMEN2
1541,DKK2,3343,LRP5
1541,DKK2,3344,LRP6
1542,DKK3,3170,KREMEN1
1543,DKK4,3170,KREMEN1
1543,DKK4,3171,KREMEN2
1543,DKK4,3343,LRP5
1543,DKK4,3344,LRP6
1544,DLC1,3754,MYH9
1544,DLC1,4748,PRKD1
1545,DLD,5145,RIPK3
1546,DLG1,1835,EPB41
1546,DLG1,2447,GRIK1
1546,DLG1,3468,MAPK12
1546,DLG1,3470,MAPK14
1546,DLG1,4217,PBK
1546,DLG1,4738,PRKCA
1547,DLG2,2181,FYN
1547,DLG2,3465,MAPK1
1548,DLG3,2259,GDA
1548,DLG3,2450,GRIN2A
1548,DLG3,3808,NBEA
1549,DLG4,1551,DLGAP1
1549,DLG4,1552,DLGAP2
1549,DLG4,1553,DLGAP3
1549,DLG4,1554,DLGAP4
1549,DLG4,1555,DLGAP5
1549,DLG4,1870,ERBB2
1549,DLG4,2116,FMR1
1549,DLG4,2174,FUS
1549,DLG4,2181,FYN
1549,DLG4,2450,GRIN2A
1549,DLG4,2451,GRIN2B
1549,DLG4,2916,IQSEC2
1549,DLG4,3102,KIF5A
1549,DLG4,3115,KIRREL3
1549,DLG4,3326,LRFN1
1549,DLG4,3327,LRFN2
1549,DLG4,3329,LRFN4
1549,DLG4,3347,LRRC4
1549,DLG4,3349,LRRC4B
1549,DLG4,3350,LRRC4C
1549,DLG4,3430,MAP1A
1549,DLG4,3445,MAP3K10
1549,DLG4,3465,MAPK1
1549,DLG4,3468,MAPK12
1549,DLG4,3469,MAPK13
1549,DLG4,3470,MAPK14
1549,DLG4,3476,MAPK8
1549,DLG4,3492,MARK2
1549,DLG4,3935,NLGN1
1549,DLG4,3936,NLGN2
1549,DLG4,3937,NLGN3
1549,DLG4,3938,NLGN4X
1549,DLG4,3939,NLGN4Y
1549,DLG4,3968,NOS1
1549,DLG4,4738,PRKCA
1549,DLG4,4751,PRKDC
1549,DLG4,4834,PTCHD1
1549,DLG4,5283,RPS6KA3
1549,DLG4,5827,SRC
1549,DLG4,5970,SYNGAP1
1549,DLG4,6012,TANC1
1549,DLG4,6013,TANC2
1549,DLG4,6525,UBE3A
1549,DLG4,6781,ZDHHC2
1550,DLG5,3465,MAPK1
1551,DLGAP1,2477,GSK3B
1551,DLGAP1,3470,MAPK14
1551,DLGAP1,3968,NOS1
1551,DLGAP1,4739,PRKCB
1551,DLGAP1,4751,PRKDC
1551,DLGAP1,5283,RPS6KA3
1551,DLGAP1,5498,SGK1
1551,DLGAP1,5522,SHANK1
1551,DLGAP1,5523,SHANK2
1551,DLGAP1,5524,SHANK3
1552,DLGAP2,2477,GSK3B
1552,DLGAP2,3476,MAPK8
1552,DLGAP2,4730,PRKACB
1552,DLGAP2,4739,PRKCB
1552,DLGAP2,4752,PRKG1
1552,DLGAP2,5283,RPS6KA3
1552,DLGAP2,5522,SHANK1
1552,DLGAP2,5523,SHANK2
1552,DLGAP2,5524,SHANK3
1553,DLGAP3,5522,SHANK1
1553,DLGAP3,5523,SHANK2
1553,DLGAP3,5524,SHANK3
1554,DLGAP4,4739,PRKCB
1554,DLGAP4,4745,PRKCQ
1554,DLGAP4,5283,RPS6KA3
1554,DLGAP4,5498,SGK1
1554,DLGAP4,5522,SHANK1
1554,DLGAP4,5523,SHANK2
1554,DLGAP4,5524,SHANK3
1555,DLGAP5,2004,FBXO7
1555,DLGAP5,3465,MAPK1
1555,DLGAP5,5522,SHANK1
1555,DLGAP5,5523,SHANK2
1555,DLGAP5,5524,SHANK3
1556,DLK1,1872,ERBB4
1556,DLK1,2117,FN1
1556,DLK1,2816,IL15
1556,DLK1,2843,IL2
1556,DLK1,2869,IL4
1556,DLK1,2876,IL7
1556,DLK1,2878,IL9
1556,DLK1,3477,MAPK8IP1
1556,DLK1,3834,NCOR1
1556,DLK1,3972,NOTCH1
1556,DLK1,3973,NOTCH2
1556,DLK1,3974,NOTCH3
1556,DLK1,3975,NOTCH4
1557,DLK2,3972,NOTCH1
1558,DLL1,3238,LFNG
1558,DLL1,3595,MFNG
1558,DLL1,3604,MIB1
1558,DLL1,3730,MUSK
1558,DLL1,3972,NOTCH1
1558,DLL1,3973,NOTCH2
1558,DLL1,3974,NOTCH3
1558,DLL1,3975,NOTCH4
1558,DLL1,6235,TNFRSF8
1559,DLL3,3238,LFNG
1559,DLL3,3604,MIB1
1559,DLL3,3972,NOTCH1
1559,DLL3,3973,NOTCH2
1559,DLL3,3974,NOTCH3
1559,DLL3,3975,NOTCH4
1560,DLL4,3604,MIB1
1560,DLL4,3972,NOTCH1
1560,DLL4,3973,NOTCH2
1560,DLL4,3974,NOTCH3
1560,DLL4,3975,NOTCH4
1560,DLL4,5973,SYNJ2BP
1561,DLX2,3704,MSX1
1561,DLX2,3705,MSX2
1562,DLX3,4729,PRKACA
1562,DLX3,4738,PRKCA
1563,DLX5,3470,MAPK14
1563,DLX5,3704,MSX1
1563,DLX5,3705,MSX2
1563,DLX5,5581,SIX1
1563,DLX5,6699,WNT1
1564,DMAP1,3466,MAPK10
1564,DMAP1,3549,MDGA2
1565,DMC1,5962,SYCP3
1567,DMP1,2965,ITGB3
1567,DMP1,4411,PHEX
1568,DMPK,4560,PLN
1568,DMPK,4664,PPP1R12A
1568,DMPK,5832,SRF
1569,DMXL2,3404,MADD
1569,DMXL2,4943,RAB3GAP1
1570,DNAJA3,1870,ERBB2
1570,DNAJA3,5925,STUB1
1571,DNAJB1,2691,HSF1
1571,DNAJB1,3483,MAPKAPK5
1572,DNAJB11,4791,PRTG
1573,DNAJB12,2702,HSPA8
1575,DNAJB9,2701,HSPA5
1576,DNAJC13,4739,PRKCB
1577,DNAJC3,1761,EIF2AK2
1577,DNAJC3,1762,EIF2AK3
1577,DNAJC3,1763,EIF2AK4
1578,DNAJC30,3465,MAPK1
1579,DNAJC5,2359,GNB2
1579,DNAJC5,4729,PRKACA
1579,DNAJC5,4742,PRKCG
1579,DNAJC5,5283,RPS6KA3
1579,DNAJC5,5498,SGK1
1580,DNAJC6,2702,HSPA8
1580,DNAJC6,3356,LRRK2
1581,DNER,3972,NOTCH1
1582,DNM1,1683,DYRK1A
1582,DNM1,2435,GRB2
1582,DNM1,2477,GSK3B
1582,DNM1,3476,MAPK8
1582,DNM1,3773,MYO1E
1582,DNM1,4698,PPP3CA
1582,DNM1,4699,PPP3CB
1582,DNM1,4700,PPP3CC
1582,DNM1,4738,PRKCA
1582,DNM1,4752,PRKG1
1582,DNM1,5754,SNX9
1582,DNM1,5827,SRC
1582,DNM1,5976,SYP
1582,DNM1,6463,TUBA1A
1582,DNM1,6464,TUBA1B
1583,DNM1L,2477,GSK3B
1583,DNM1L,3356,LRRK2
1583,DNM1L,3465,MAPK1
1583,DNM1L,3591,MFF
1583,DNM1L,4698,PPP3CA
1583,DNM1L,4699,PPP3CB
1583,DNM1L,4700,PPP3CC
1583,DNM1L,4726,PRKAA1
1583,DNM1L,4740,PRKCD
1583,DNM1L,4748,PRKD1
1583,DNM1L,5245,ROCK1
1584,DNM2,2309,GJB2
1584,DNM2,3771,MYO1C
1584,DNM2,4538,PLD1
1584,DNM2,4698,PPP3CA
1584,DNM2,4699,PPP3CB
1584,DNM2,4700,PPP3CC
1584,DNM2,4738,PRKCA
1584,DNM2,4828,PSTPIP1
1584,DNM2,5754,SNX9
1584,DNM2,5827,SRC
1584,DNM2,6626,VAV1
1586,DNMT1,1755,EHMT2
1586,DNMT1,2558,HELLS
1586,DNMT1,3557,MECP2
1586,DNMT1,4282,PCNA
1586,DNMT1,4726,PRKAA1
1586,DNMT1,5038,RBBP7
1586,DNMT1,5482,SETD7
1586,DNMT1,5885,STAT3
1586,DNMT1,6275,TP53
1586,DNMT1,6556,UHRF1
1587,DNMT3A,1755,EHMT2
1587,DNMT3A,3745,MYC
1587,DNMT3A,6065,TDG
1588,DNMT3B,1755,EHMT2
1589,DNMT3L,2558,HELLS
1591,DOC2A,6565,UNC13B
1592,DOCK1,3465,MAPK1
1592,DOCK1,4729,PRKACA
1592,DOCK1,4960,RAC1
1592,DOCK1,5752,SNX5
1593,DOCK10,4960,RAC1
1594,DOCK2,1810,ELMO1
1595,DOCK3,4960,RAC1
1596,DOCK4,4960,RAC1
1597,DOCK7,1870,ERBB2
1597,DOCK7,2477,GSK3B
1597,DOCK7,3470,MAPK14
1597,DOCK7,3809,NBEAL2
1597,DOCK7,4960,RAC1
1598,DOCK8,4738,PRKCA
1599,DOK1,1740,EFNB2
1599,DOK1,2181,FYN
1599,DOK1,2800,IKBKB
1599,DOK1,2909,INSR
1599,DOK1,2962,ITGB1
1599,DOK1,2964,ITGB2
1599,DOK1,2965,ITGB3
1599,DOK1,2967,ITGB4
1599,DOK1,2968,ITGB5
1599,DOK1,2969,ITGB6
1599,DOK1,2970,ITGB7
1599,DOK1,2971,ITGB8
1599,DOK1,3216,LCK
1599,DOK1,3386,LYN
1599,DOK1,4856,PTK6
1599,DOK1,4864,PTPN1
1599,DOK1,4888,PTPRH
1599,DOK1,5029,RASGRP3
1599,DOK1,5085,RET
1599,DOK1,6074,TEC
1600,DOK2,2529,HCK
1600,DOK2,3386,LYN
1600,DOK2,4887,PTPRG
1600,DOK2,5827,SRC
1600,DOK2,6077,TEK
1601,DOK3,2435,GRB2
1601,DOK3,3386,LYN
1602,DOK4,2181,FYN
1602,DOK4,2909,INSR
1602,DOK4,5085,RET
1602,DOK4,5827,SRC
1603,DOK5,2909,INSR
1603,DOK5,5085,RET
1604,DOK6,5085,RET
1605,DOK7,3730,MUSK
1606,DOT1L,3745,MYC
1607,DPF2,1899,ESRRA
1607,DPF2,5317,RUNX1
1609,DPH5,1727,EEF2
1610,DPP10,3030,KCND2
1611,DPP3,3077,KEAP1
1612,DPP4,2117,FN1
1612,DPP4,2251,GCG
1612,DPP4,2294,GHRH
1612,DPP4,2299,GIP
1612,DPP4,2388,GPC3
1612,DPP4,2629,HNF1B
1612,DPP4,2786,IGF2R
1612,DPP4,3997,NPPB
1612,DPP4,4010,NPY
1612,DPP4,4188,PAM
1612,DPP4,4882,PTPRC
1612,DPP4,4921,PYY
1612,DPP4,5987,TAC1
1612,DPP4,6645,VIP
1613,DPP6,3030,KCND2
1614,DPYD,5786,SP1
1615,DPYSL2,1685,DYRK2
1615,DPYSL2,2033,FER
1615,DPYSL2,2181,FYN
1615,DPYSL2,2477,GSK3B
1615,DPYSL2,3476,MAPK8
1615,DPYSL2,5245,ROCK1
1615,DPYSL2,5246,ROCK2
1615,DPYSL2,6463,TUBA1A
1615,DPYSL2,6464,TUBA1B
1616,DPYSL3,1685,DYRK2
1616,DPYSL3,2477,GSK3B
1617,DPYSL5,2477,GSK3B
1617,DPYSL5,3436,MAP2
1619,DRD1,2346,GNA14
1619,DRD1,2348,GNAI1
1619,DRD1,2350,GNAI3
1619,DRD1,2351,GNAL
1619,DRD1,2353,GNAQ
1619,DRD1,2354,GNAS
1619,DRD1,2357,GNAZ
1619,DRD1,2359,GNB2
1619,DRD1,4729,PRKACA
1619,DRD1,4739,PRKCB
1619,DRD1,6806,ZIC2
1620,DRD2,2101,FLNA
1620,DRD2,2348,GNAI1
1620,DRD2,2349,GNAI2
1620,DRD2,2350,GNAI3
1620,DRD2,2352,GNAO1
1620,DRD2,2357,GNAZ
1620,DRD2,2359,GNB2
1620,DRD2,2361,GNB5
1620,DRD2,3839,NCS1
1620,DRD2,4150,OXTR
1620,DRD2,4738,PRKCA
1620,DRD2,6402,TRPC1
1620,DRD2,6443,TSPAN7
1621,DRD3,2101,FLNA
1621,DRD3,2348,GNAI1
1621,DRD3,2350,GNAI3
1621,DRD3,2352,GNAO1
1621,DRD3,2357,GNAZ
1621,DRD3,2359,GNB2
1621,DRD3,2361,GNB5
1621,DRD3,2435,GRB2
1622,DRD4,2348,GNAI1
1622,DRD4,2350,GNAI3
1622,DRD4,2352,GNAO1
1622,DRD4,2357,GNAZ
1622,DRD4,2361,GNB5
1623,DRD5,2346,GNA14
1623,DRD5,2348,GNAI1
1623,DRD5,2350,GNAI3
1623,DRD5,2351,GNAL
1623,DRD5,2352,GNAO1
1623,DRD5,2353,GNAQ
1623,DRD5,2354,GNAS
1623,DRD5,2357,GNAZ
1624,DRG1,5900,STK16
1625,DSC1,1630,DSG1
1625,DSC1,1631,DSG2
1625,DSC1,1632,DSG3
1625,DSC1,1633,DSG4
1626,DSC2,1630,DSG1
1626,DSC2,1631,DSG2
1626,DSC2,1632,DSG3
1626,DSC2,1633,DSG4
1626,DSC2,2630,HNF4A
1627,DSC3,1630,DSG1
1627,DSC3,1631,DSG2
1627,DSC3,1632,DSG3
1627,DSC3,1633,DSG4
1628,DSCAM,2913,IPO5
1628,DSCAM,3974,NOTCH3
1628,DSCAM,4067,NTN1
1628,DSCAM,4798,PSG4
1628,DSCAM,4800,PSG6
1628,DSCAM,4801,PSG7
1628,DSCAM,4802,PSG9
1628,DSCAM,4890,PTPRK
1628,DSCAM,4891,PTPRM
1628,DSCAM,4895,PTPRT
1628,DSCAM,5506,SH2D2A
1628,DSCAM,5885,STAT3
1628,DSCAM,6235,TNFRSF8
1629,DSCAML1,2913,IPO5
1629,DSCAML1,4890,PTPRK
1629,DSCAML1,4891,PTPRM
1629,DSCAML1,4895,PTPRT
1629,DSCAML1,5885,STAT3
1630,DSG1,2112,FLT4
1632,DSG3,2173,FURIN
1633,DSG4,1739,EFNB1
1635,DSP,2477,GSK3B
1635,DSP,4513,PKP2
1635,DSP,4729,PRKACA
1636,DSPP,2962,ITGB1
1636,DSPP,2969,ITGB6
1637,DSTN,3278,LIMK2
1637,DSTN,5855,SSH1
1637,DSTN,6085,TESK2
1639,DTL,1689,E2F1
1639,DTL,1990,FBXO11
1639,DTL,4282,PCNA
1640,DTNB,4729,PRKACA
1640,DTNB,4738,PRKCA
1641,DTNBP1,6349,TRIM32
1641,DTNBP1,6659,VRK2
1641,DTNBP1,6670,WASF2
1642,DTX1,1832,EP300
1642,DTX1,2943,ITCH
1642,DTX1,3444,MAP3K1
1642,DTX1,3972,NOTCH1
1642,DTX1,6513,UBE2I
1643,DTX2,6513,UBE2I
1644,DTX3,6513,UBE2I
1645,DTX3L,6513,UBE2I
1646,DTX4,3974,NOTCH3
1646,DTX4,6035,TBK1
1646,DTX4,6513,UBE2I
1648,DUOX1,4729,PRKACA
1649,DUSP1,1750,EGR1
1649,DUSP1,1798,ELAVL1
1649,DUSP1,1832,EP300
1649,DUSP1,1969,FANCI
1649,DUSP1,3437,MAP2K1
1649,DUSP1,3438,MAP2K2
1649,DUSP1,3465,MAPK1
1649,DUSP1,3470,MAPK14
1649,DUSP1,3472,MAPK3
1649,DUSP1,3476,MAPK8
1649,DUSP1,3480,MAPK9
1649,DUSP1,4030,NR3C1
1649,DUSP1,4217,PBK
1649,DUSP1,4712,PRDX1
1649,DUSP1,4727,PRKAA2
1649,DUSP1,5058,RBPJ
1649,DUSP1,6275,TP53
1650,DUSP10,3470,MAPK14
1650,DUSP10,3476,MAPK8
1650,DUSP10,3480,MAPK9
1650,DUSP10,3719,MTOR
1651,DUSP11,3515,MBP
1652,DUSP12,2254,GCK
1653,DUSP13,3515,MBP
1654,DUSP14,3470,MAPK14
1654,DUSP14,3472,MAPK3
1654,DUSP14,3480,MAPK9
1655,DUSP16,3465,MAPK1
1655,DUSP16,3466,MAPK10
1655,DUSP16,3470,MAPK14
1655,DUSP16,3477,MAPK8IP1
1655,DUSP16,3478,MAPK8IP2
1655,DUSP16,3480,MAPK9
1656,DUSP18,2952,ITGA6
1656,DUSP18,2967,ITGB4
1656,DUSP18,2971,ITGB8
1656,DUSP18,3476,MAPK8
1656,DUSP18,5290,RPSA
1657,DUSP19,3476,MAPK8
1657,DUSP19,3480,MAPK9
1658,DUSP2,3465,MAPK1
1658,DUSP2,3470,MAPK14
1659,DUSP22,1897,ESR1
1659,DUSP22,3465,MAPK1
1659,DUSP22,3466,MAPK10
1659,DUSP22,3470,MAPK14
1659,DUSP22,3476,MAPK8
1659,DUSP22,3515,MBP
1659,DUSP22,5885,STAT3
1660,DUSP23,3472,MAPK3
1660,DUSP23,3515,MBP
1661,DUSP26,1946,FADD
1661,DUSP26,3106,KIFAP3
1661,DUSP26,3470,MAPK14
1661,DUSP26,6275,TP53
1662,DUSP3,1746,EGFR
1662,DUSP3,1870,ERBB2
1662,DUSP3,2073,FGFR2
1662,DUSP3,2909,INSR
1662,DUSP3,3438,MAP2K2
1662,DUSP3,3465,MAPK1
1662,DUSP3,3470,MAPK14
1662,DUSP3,3472,MAPK3
1662,DUSP3,3476,MAPK8
1662,DUSP3,3480,MAPK9
1662,DUSP3,4326,PDGFRB
1662,DUSP3,5887,STAT5A
1662,DUSP3,5964,SYK
1662,DUSP3,6489,TYK2
1662,DUSP3,6766,ZAP70
1663,DUSP4,1750,EGR1
1663,DUSP4,3465,MAPK1
1663,DUSP4,3470,MAPK14
1663,DUSP4,3472,MAPK3
1663,DUSP4,3476,MAPK8
1663,DUSP4,3480,MAPK9
1664,DUSP5,2147,FOXO3
1664,DUSP5,3465,MAPK1
1664,DUSP5,3470,MAPK14
1664,DUSP5,3472,MAPK3
1664,DUSP5,6275,TP53
1665,DUSP6,2146,FOXO1
1665,DUSP6,2147,FOXO3
1665,DUSP6,3465,MAPK1
1665,DUSP6,3472,MAPK3
1665,DUSP6,3474,MAPK6
1665,DUSP6,6770,ZBTB16
1666,DUSP7,2293,GHR
1666,DUSP7,3465,MAPK1
1666,DUSP7,3470,MAPK14
1667,DUSP8,3470,MAPK14
1667,DUSP8,3476,MAPK8
1668,DUSP9,3465,MAPK1
1668,DUSP9,3470,MAPK14
1668,DUSP9,3472,MAPK3
1668,DUSP9,3476,MAPK8
1668,DUSP9,3480,MAPK9
1669,DUT,2477,GSK3B
1670,DVL1,1933,F2R
1670,DVL1,2182,FZD1
1670,DVL1,2184,FZD2
1670,DVL1,2185,FZD3
1670,DVL1,2186,FZD4
1670,DVL1,2187,FZD5
1670,DVL1,2188,FZD6
1670,DVL1,2189,FZD7
1670,DVL1,2352,GNAO1
1670,DVL1,2359,GNB2
1670,DVL1,2477,GSK3B
1670,DVL1,2555,HECW1
1670,DVL1,2911,INVS
1670,DVL1,3006,JUN
1670,DVL1,3139,KLHL12
1670,DVL1,3343,LRP5
1670,DVL1,3344,LRP6
1670,DVL1,3356,LRRK2
1670,DVL1,4442,PI4K2B
1670,DVL1,4531,PLCB1
1670,DVL1,4960,RAC1
1670,DVL1,5120,RHOA
1670,DVL1,5245,ROCK1
1670,DVL1,5330,RYK
1670,DVL1,5406,SDC4
1670,DVL1,5685,SMAD1
1670,DVL1,5687,SMAD3
1670,DVL1,6728,WWTR1
1670,DVL1,6750,YAP1
1671,DVL2,2182,FZD1
1671,DVL2,2184,FZD2
1671,DVL2,2186,FZD4
1671,DVL2,2187,FZD5
1671,DVL2,2199,GABARAP
1671,DVL2,3339,LRP1B
1671,DVL2,3344,LRP6
1671,DVL2,3356,LRRK2
1671,DVL2,3915,NHLRC1
1671,DVL2,4197,PARD6A
1671,DVL2,4442,PI4K2B
1671,DVL2,4531,PLCB1
1671,DVL2,4556,PLK1
1671,DVL2,4738,PRKCA
1671,DVL2,4739,PRKCB
1671,DVL2,4742,PRKCG
1671,DVL2,4960,RAC1
1671,DVL2,5058,RBPJ
1671,DVL2,5330,RYK
1671,DVL2,5406,SDC4
1671,DVL2,5827,SRC
1671,DVL2,6725,WWOX
1672,DVL3,2155,FRAT1
1672,DVL3,2182,FZD1
1672,DVL3,2184,FZD2
1672,DVL3,2186,FZD4
1672,DVL3,2187,FZD5
1672,DVL3,3082,KHSRP
1672,DVL3,3354,LRRFIP2
1672,DVL3,3356,LRRK2
1672,DVL3,3491,MARK1
1672,DVL3,3492,MARK2
1672,DVL3,3924,NKD1
1672,DVL3,4486,PIP5K1A
1672,DVL3,4531,PLCB1
1672,DVL3,4723,PRICKLE1
1672,DVL3,4960,RAC1
1672,DVL3,5330,RYK
1672,DVL3,5406,SDC4
1672,DVL3,6676,WDFY3
1673,DYDC1,5514,SH3GL3
1674,DYM,1870,ERBB2
1675,DYNC1H1,3843,NDEL1
1675,DYNC1H1,4174,PAFAH1B1
1676,DYNC1I1,5283,RPS6KA3
1677,DYNC1I2,3465,MAPK1
1678,DYNC1LI1,2477,GSK3B
1678,DYNC1LI1,3465,MAPK1
1678,DYNC1LI1,3470,MAPK14
1679,DYNC1LI2,3476,MAPK8
1680,DYNLL1,4179,PAK1
1680,DYNLL1,5120,RHOA
1680,DYNLL1,6562,ULK1
1682,DYNLRB1,4729,PRKACA
1683,DYRK1A,1769,EIF2S1
1683,DYRK1A,2074,FGFR3
1683,DYRK1A,2146,FOXO1
1683,DYRK1A,2147,FOXO3
1683,DYRK1A,2148,FOXO4
1683,DYRK1A,2318,GLI1
1683,DYRK1A,2507,GYS1
1683,DYRK1A,2909,INSR
1683,DYRK1A,3281,LIN52
1683,DYRK1A,3431,MAP1B
1683,DYRK1A,3487,MAPT
1683,DYRK1A,3567,MEF2D
1683,DYRK1A,3745,MYC
1683,DYRK1A,3972,NOTCH1
1683,DYRK1A,4795,PSEN1
1683,DYRK1A,5063,RCAN1
1683,DYRK1A,5486,SF3B1
1683,DYRK1A,5572,SIRT1
1683,DYRK1A,5728,SNCA
1683,DYRK1A,5817,SPRY2
1683,DYRK1A,5885,STAT3
1683,DYRK1A,5934,STXBP1
1683,DYRK1A,6275,TP53
1683,DYRK1A,6672,WASL
1684,DYRK1B,1755,EHMT2
1684,DYRK1B,2507,GYS1
1684,DYRK1B,2543,HDAC5
1684,DYRK1B,2547,HDAC9
1684,DYRK1B,2628,HNF1A
1684,DYRK1B,2744,ID2
1684,DYRK1B,3439,MAP2K3
1684,DYRK1B,3932,NKX3-1
1684,DYRK1B,4998,RANBP9
1684,DYRK1B,5486,SF3B1
1684,DYRK1B,5885,STAT3
1685,DYRK2,1785,EIF4EBP1
1685,DYRK2,2319,GLI2
1685,DYRK2,2320,GLI3
1685,DYRK2,2507,GYS1
1685,DYRK2,3006,JUN
1685,DYRK2,3015,KATNA1
1685,DYRK2,3445,MAP3K10
1685,DYRK2,3487,MAPT
1685,DYRK2,3745,MYC
1685,DYRK2,3972,NOTCH1
1685,DYRK2,4815,PSMC4
1685,DYRK2,5544,SIAH2
1685,DYRK2,5885,STAT3
1685,DYRK2,6035,TBK1
1685,DYRK2,6275,TP53
1686,DYRK3,3831,NCOA3
1687,DYSF,4923,QDPR
1688,DZIP3,5858,SSRP1
1688,DZIP3,6513,UBE2I
1689,E2F1,1694,E2F6
1689,E2F1,1721,EED
1689,E2F1,1746,EGFR
1689,E2F1,1925,EZH2
1689,E2F1,2072,FGFR1
1689,E2F1,2477,GSK3B
1689,E2F1,2492,GTF2H1
1689,E2F1,2537,HDAC1
1689,E2F1,2541,HDAC3
1689,E2F1,2580,HIC1
1689,E2F1,2635,HNRNPA3
1689,E2F1,2701,HSPA5
1689,E2F1,3012,KAT2A
1689,E2F1,3432,MAP1LC3A
1689,E2F1,3453,MAP3K5
1689,E2F1,3455,MAP3K7
1689,E2F1,3465,MAPK1
1689,E2F1,3467,MAPK11
1689,E2F1,3470,MAPK14
1689,E2F1,3472,MAPK3
1689,E2F1,3481,MAPKAPK2
1689,E2F1,3543,MCPH1
1689,E2F1,3743,MYBL2
1689,E2F1,3745,MYC
1689,E2F1,3846,NDN
1689,E2F1,4282,PCNA
1689,E2F1,4596,POLA1
1689,E2F1,4650,PPM1D
1689,E2F1,4729,PRKACA
1689,E2F1,4738,PRKCA
1689,E2F1,4751,PRKDC
1689,E2F1,4837,PTEN
1689,E2F1,4900,PTTG1
1689,E2F1,4970,RAD51
1689,E2F1,5034,RB1
1689,E2F1,5076,RELA
1689,E2F1,5254,RPA2
1689,E2F1,5283,RPS6KA3
1689,E2F1,6098,TFDP1
1689,E2F1,6271,TOPBP1
1689,E2F1,6275,TP53
1689,E2F1,6280,TP53INP1
1689,E2F1,6285,TP73
1689,E2F1,6562,ULK1
1689,E2F1,6739,XPC
1689,E2F1,6743,XRCC1
1689,E2F1,6763,YWHAQ
1690,E2F2,1721,EED
1690,E2F2,1925,EZH2
1690,E2F2,4282,PCNA
1690,E2F2,5034,RB1
1690,E2F2,6098,TFDP1
1691,E2F3,5034,RB1
1691,E2F3,6098,TFDP1
1692,E2F4,3472,MAPK3
1692,E2F4,3743,MYBL2
1692,E2F4,5041,RBL1
1692,E2F4,5042,RBL2
1693,E2F5,5042,RBL2
1694,E2F6,5039,RBBP8
1694,E2F6,6614,UXT
1695,E2F7,1696,E2F8
1695,E2F7,5786,SP1
1697,E4F1,2617,HMGA2
1697,E4F1,6275,TP53
1698,EAF1,1809,ELL
1699,EAF2,1809,ELL
1700,EBAG9,1897,ESR1
1700,EBAG9,4738,PRKCA
1700,EBAG9,5283,RPS6KA3
1700,EBAG9,5498,SGK1
1701,EBF1,6829,ZNF521
1702,EBI3,2858,IL27RA
1702,EBI3,2875,IL6ST
1704,ECE1,1715,EDN1
1705,ECM1,2967,ITGB4
1706,ECSIT,3444,MAP3K1
1706,ECSIT,3507,MAVS
1706,ECSIT,6311,TRAF6
1706,ECSIT,6375,TRIM59
1707,ECT2,4556,PLK1
1707,ECT2,4744,PRKCI
1707,ECT2,5120,RHOA
1708,EDA,1709,EDA2R
1708,EDA,1710,EDAR
1708,EDA,2173,FURIN
1708,EDA,2840,IL1RL1
1709,EDA2R,2023,FCGR3B
1709,EDA2R,3114,KIR3DL3
1710,EDAR,3269,LILRB1
1710,EDAR,4739,PRKCB
1712,EDC4,2800,IKBKB
1713,EDF1,4738,PRKCA
1714,EDIL3,2960,ITGAV
1714,EDIL3,2965,ITGB3
1714,EDIL3,2968,ITGB5
1715,EDN1,1718,EDNRA
1715,EDN1,1719,EDNRB
1715,EDN1,2233,GAPDH
1715,EDN1,3078,KEL
1716,EDN2,1718,EDNRA
1716,EDN2,1719,EDNRB
1716,EDN2,3078,KEL
1716,EDN2,6275,TP53
1717,EDN3,1718,EDNRA
1717,EDN3,1719,EDNRB
1717,EDN3,3078,KEL
1718,EDNRA,2343,GNA11
1718,EDNRA,2345,GNA13
1718,EDNRA,2346,GNA14
1718,EDNRA,2348,GNAI1
1718,EDNRA,2349,GNAI2
1718,EDNRA,2350,GNAI3
1718,EDNRA,2351,GNAL
1718,EDNRA,2352,GNAO1
1718,EDNRA,2353,GNAQ
1718,EDNRA,2354,GNAS
1718,EDNRA,2357,GNAZ
1719,EDNRB,2272,GDNF
1719,EDNRB,2343,GNA11
1719,EDNRB,2346,GNA14
1719,EDNRB,2348,GNAI1
1719,EDNRB,2349,GNAI2
1719,EDNRB,2350,GNAI3
1719,EDNRB,2351,GNAL
1719,EDNRB,2352,GNAO1
1719,EDNRB,2353,GNAQ
1719,EDNRB,2354,GNAS
1719,EDNRB,2357,GNAZ
1719,EDNRB,5777,SOX10
1720,EEA1,3470,MAPK14
1720,EEA1,4544,PLEKHF2
1720,EEA1,4948,RAB5C
1722,EEF1A1,4205,PASK
1722,EEF1A1,4480,PINK1
1722,EEF1A1,4535,PLCG1
1722,EEF1A1,4739,PRKCB
1722,EEF1A1,4740,PRKCD
1722,EEF1A1,6115,TGFBR1
1722,EEF1A1,6275,TP53
1723,EEF1A2,4739,PRKCB
1727,EEF2,1728,EEF2K
1727,EEF2,3476,MAPK8
1727,EEF2,4648,PPM1A
1727,EEF2,4684,PPP2CA
1727,EEF2,4685,PPP2CB
1727,EEF2,4738,PRKCA
1728,EEF2K,2008,FBXW11
1728,EEF2K,3467,MAPK11
1728,EEF2K,3468,MAPK12
1728,EEF2K,3469,MAPK13
1728,EEF2K,3470,MAPK14
1728,EEF2K,3476,MAPK8
1728,EEF2K,3480,MAPK9
1728,EEF2K,3481,MAPKAPK2
1728,EEF2K,3482,MAPKAPK3
1728,EEF2K,3483,MAPKAPK5
1728,EEF2K,4726,PRKAA1
1728,EEF2K,4727,PRKAA2
1728,EEF2K,4728,PRKAB1
1728,EEF2K,4729,PRKACA
1728,EEF2K,4739,PRKCB
1728,EEF2K,5281,RPS6KA1
1728,EEF2K,5282,RPS6KA2
1728,EEF2K,5283,RPS6KA3
1728,EEF2K,5287,RPS6KB1
1728,EEF2K,5288,RPS6KB2
1728,EEF2K,6414,TRPM7
1729,EFEMP1,1746,EGFR
1730,EFEMP2,1812,ELN
1730,EFEMP2,1982,FBN1
1730,EFEMP2,3286,LINGO1
1730,EFEMP2,3312,LOX
1730,EFEMP2,4565,PLSCR4
1731,EFHC1,6410,TRPM2
1732,EFHD1,2630,HNF4A
1734,EFNA1,1842,EPHA1
1734,EFNA1,1843,EPHA10
1734,EFNA1,1844,EPHA2
1734,EFNA1,1845,EPHA3
1734,EFNA1,1846,EPHA4
1734,EFNA1,1847,EPHA5
1734,EFNA1,1848,EPHA6
1734,EFNA1,1849,EPHA7
1734,EFNA1,1850,EPHA8
1734,EFNA1,1851,EPHB1
1734,EFNA1,1855,EPHB6
1735,EFNA2,1842,EPHA1
1735,EFNA2,1843,EPHA10
1735,EFNA2,1844,EPHA2
1735,EFNA2,1845,EPHA3
1735,EFNA2,1846,EPHA4
1735,EFNA2,1847,EPHA5
1735,EFNA2,1848,EPHA6
1735,EFNA2,1849,EPHA7
1735,EFNA2,1850,EPHA8
1736,EFNA3,1842,EPHA1
1736,EFNA3,1843,EPHA10
1736,EFNA3,1844,EPHA2
1736,EFNA3,1845,EPHA3
1736,EFNA3,1846,EPHA4
1736,EFNA3,1847,EPHA5
1736,EFNA3,1848,EPHA6
1736,EFNA3,1849,EPHA7
1736,EFNA3,1850,EPHA8
1736,EFNA3,1851,EPHB1
1736,EFNA3,1855,EPHB6
1737,EFNA4,1842,EPHA1
1737,EFNA4,1843,EPHA10
1737,EFNA4,1844,EPHA2
1737,EFNA4,1845,EPHA3
1737,EFNA4,1846,EPHA4
1737,EFNA4,1847,EPHA5
1737,EFNA4,1848,EPHA6
1737,EFNA4,1849,EPHA7
1737,EFNA4,1850,EPHA8
1737,EFNA4,4326,PDGFRB
1738,EFNA5,1842,EPHA1
1738,EFNA5,1843,EPHA10
1738,EFNA5,1844,EPHA2
1738,EFNA5,1845,EPHA3
1738,EFNA5,1846,EPHA4
1738,EFNA5,1847,EPHA5
1738,EFNA5,1848,EPHA6
1738,EFNA5,1849,EPHA7
1738,EFNA5,1850,EPHA8
1738,EFNA5,1851,EPHB1
1738,EFNA5,1852,EPHB2
1738,EFNA5,1855,EPHB6
1738,EFNA5,2962,ITGB1
1739,EFNB1,1845,EPHA3
1739,EFNB1,1846,EPHA4
1739,EFNB1,1848,EPHA6
1739,EFNB1,1851,EPHB1
1739,EFNB1,1852,EPHB2
1739,EFNB1,1853,EPHB3
1739,EFNB1,1854,EPHB4
1739,EFNB1,1855,EPHB6
1739,EFNB1,1870,ERBB2
1739,EFNB1,1912,EVC2
1739,EFNB1,1954,FAM187B
1739,EFNB1,2974,ITLN1
1739,EFNB1,3792,NAALAD2
1739,EFNB1,4867,PTPN13
1739,EFNB1,5596,SLAMF9
1739,EFNB1,5827,SRC
1739,EFNB1,6327,TRHDE
1740,EFNB2,1843,EPHA10
1740,EFNB2,1845,EPHA3
1740,EFNB2,1846,EPHA4
1740,EFNB2,1848,EPHA6
1740,EFNB2,1850,EPHA8
1740,EFNB2,1851,EPHB1
1740,EFNB2,1852,EPHB2
1740,EFNB2,1853,EPHB3
1740,EFNB2,1854,EPHB4
1740,EFNB2,1855,EPHB6
1740,EFNB2,2027,FCRL1
1740,EFNB2,2461,GRM1
1740,EFNB2,2465,GRM5
1740,EFNB2,3076,KDR
1740,EFNB2,4359,PECAM1
1740,EFNB2,5029,RASGRP3
1740,EFNB2,5116,RHBDL2
1740,EFNB2,6063,TCTN2
1741,EFNB3,1843,EPHA10
1741,EFNB3,1845,EPHA3
1741,EFNB3,1846,EPHA4
1741,EFNB3,1851,EPHB1
1741,EFNB3,1852,EPHB2
1741,EFNB3,1853,EPHB3
1741,EFNB3,1854,EPHB4
1741,EFNB3,1855,EPHB6
1741,EFNB3,5116,RHBDL2
1742,EFR3A,3169,KRAS
1742,EFR3A,4443,PI4KA
1743,EFS,2783,IGF1R
1743,EFS,3216,LCK
1743,EFS,5827,SRC
1744,EFTUD2,4751,PRKDC
1745,EGF,1746,EGFR
1745,EGF,1870,ERBB2
1745,EGF,1871,ERBB3
1745,EGF,1872,ERBB4
1745,EGF,2163,FSHR
1745,EGF,3228,LDLR
1745,EGF,3340,LRP2
1745,EGF,4049,NRP1
1745,EGF,4539,PLD2
1745,EGF,5116,RHBDL2
1745,EGF,6221,TNFRSF11B
1746,EGFR,1750,EGR1
1746,EGFR,1752,EHD1
1746,EGFR,1753,EHD4
1746,EGFR,1758,EIF1B
1746,EGFR,1820,ENAH
1746,EGFR,1835,EPB41
1746,EGFR,1841,EPGN
1746,EGFR,1844,EPHA2
1746,EGFR,1859,EPN1
1746,EGFR,1863,EPS15
1746,EGFR,1865,EPS8
1746,EGFR,1870,ERBB2
1746,EGFR,1871,ERBB3
1746,EGFR,1872,ERBB4
1746,EGFR,1882,EREG
1746,EGFR,1891,ERRFI1
1746,EGFR,1897,ESR1
1746,EGFR,1926,EZR
1746,EGFR,2019,FCGR2A
1746,EGFR,2049,FGF1
1746,EGFR,2053,FGF13
1746,EGFR,2072,FGFR1
1746,EGFR,2078,FGL1
1746,EGFR,2109,FLT1
1746,EGFR,2197,GAB1
1746,EGFR,2225,GALNT8
1746,EGFR,2348,GNAI1
1746,EGFR,2349,GNAI2
1746,EGFR,2423,GPRC5A
1746,EGFR,2431,GRAP
1746,EGFR,2434,GRB14
1746,EGFR,2435,GRB2
1746,EGFR,2469,GRN
1746,EGFR,2485,GSTP1
1746,EGFR,2526,HBEGF
1746,EGFR,2530,HCLS1
1746,EGFR,2544,HDAC6
1746,EGFR,2575,HGS
1746,EGFR,2586,HIP1
1746,EGFR,2694,HSP90AA1
1746,EGFR,2735,ICAM1
1746,EGFR,2770,IFNAR2
1746,EGFR,2783,IGF1R
1746,EGFR,2801,IKBKE
1746,EGFR,2967,ITGB4
1746,EGFR,2990,JAK1
1746,EGFR,2991,JAK2
1746,EGFR,3007,JUNB
1746,EGFR,3031,KCND3
1746,EGFR,3045,KCNJ4
1746,EGFR,3052,KCNN1
1746,EGFR,3076,KDR
1746,EGFR,3182,L1CAM
1746,EGFR,3331,LRIG1
1746,EGFR,3332,LRIG2
1746,EGFR,3355,LRRK1
1746,EGFR,3437,MAP2K1
1746,EGFR,3465,MAPK1
1746,EGFR,3467,MAPK11
1746,EGFR,3470,MAPK14
1746,EGFR,3472,MAPK3
1746,EGFR,3580,MET
1746,EGFR,3611,MIF
1746,EGFR,3646,MMP2
1746,EGFR,3670,MPHOSPH6
1746,EGFR,3722,MUC1
1746,EGFR,3763,MYL9
1746,EGFR,3772,MYO1D
1746,EGFR,3823,NCK1
1746,EGFR,3824,NCK2
1746,EGFR,3898,NFKBIA
1746,EGFR,4041,NRG1
1746,EGFR,4043,NRG3
1746,EGFR,4044,NRG4
1746,EGFR,4136,OSMR
1746,EGFR,4165,PABPC1
1746,EGFR,4282,PCNA
1746,EGFR,4392,PFKP
1746,EGFR,4460,PIK3C2B
1746,EGFR,4467,PIK3R1
1746,EGFR,4504,PKIA
1746,EGFR,4508,PKN1
1746,EGFR,4518,PLA2G2A
1746,EGFR,4535,PLCG1
1746,EGFR,4536,PLCG2
1746,EGFR,4539,PLD2
1746,EGFR,4636,PPARD
1746,EGFR,4637,PPARG
1746,EGFR,4684,PPP2CA
1746,EGFR,4738,PRKCA
1746,EGFR,4739,PRKCB
1746,EGFR,4740,PRKCD
1746,EGFR,4741,PRKCE
1746,EGFR,4748,PRKD1
1746,EGFR,4751,PRKDC
1746,EGFR,4810,PSMB4
1746,EGFR,4846,PTGIR
1746,EGFR,4854,PTK2
1746,EGFR,4855,PTK2B
1746,EGFR,4856,PTK6
1746,EGFR,4864,PTPN1
1746,EGFR,4865,PTPN11
1746,EGFR,4870,PTPN2
1746,EGFR,4877,PTPN6
1746,EGFR,4879,PTPN9
1746,EGFR,4880,PTPRA
1746,EGFR,4885,PTPRE
1746,EGFR,4887,PTPRG
1746,EGFR,4889,PTPRJ
1746,EGFR,4890,PTPRK
1746,EGFR,4894,PTPRS
1746,EGFR,4896,PTPRU
1746,EGFR,5014,RARA
1746,EGFR,5019,RASA1
1746,EGFR,5107,RGS16
1746,EGFR,5137,RIN1
1746,EGFR,5338,S100A4
1746,EGFR,5364,SCAMP1
1746,EGFR,5365,SCAMP3
1746,EGFR,5509,SH3BP2
1746,EGFR,5528,SHC1
1746,EGFR,5529,SHC2
1746,EGFR,5530,SHC3
1746,EGFR,5754,SNX9
1746,EGFR,5759,SOCS5
1746,EGFR,5780,SOX2
1746,EGFR,5806,SPINK1
1746,EGFR,5815,SPRED1
1746,EGFR,5826,SQSTM1
1746,EGFR,5827,SRC
1746,EGFR,5868,ST6GAL1
1746,EGFR,5874,STAM2
1746,EGFR,5883,STAT1
1746,EGFR,5885,STAT3
1746,EGFR,5887,STAT5A
1746,EGFR,5888,STAT5B
1746,EGFR,5964,SYK
1746,EGFR,6077,TEK
1746,EGFR,6110,TGFA
1746,EGFR,6111,TGFB1
1746,EGFR,6210,TNC
1746,EGFR,6275,TP53
1746,EGFR,6286,TPBG
1746,EGFR,6398,TRIP13
1746,EGFR,6399,TRIP4
1746,EGFR,6418,TRPV3
1746,EGFR,6595,USP24
1746,EGFR,6607,USP8
1746,EGFR,6608,USP9X
1746,EGFR,6627,VAV2
1746,EGFR,6630,VCAN
1746,EGFR,6637,VEGFA
1746,EGFR,6669,WASF1
1746,EGFR,6842,ZP3
1747,EGLN1,1770,EIF2S2
1747,EGLN1,2581,HIF1A
1747,EGLN1,4129,OS9
1747,EGLN1,5287,RPS6KB1
1748,EGLN2,2011,FBXW7
1748,EGLN2,2147,FOXO3
1748,EGLN2,2477,GSK3B
1748,EGLN2,2581,HIF1A
1748,EGLN2,4738,PRKCA
1748,EGLN2,5812,SPOP
1749,EGLN3,2581,HIF1A
1749,EGLN3,2802,IKBKG
1749,EGLN3,4129,OS9
1750,EGR1,1975,FASLG
1750,EGR1,2369,GNRH1
1750,EGR1,2745,ID3
1750,EGR1,2784,IGF2
1750,EGR1,3433,MAP1LC3B
1750,EGR1,3794,NAB1
1750,EGR1,3795,NAB2
1750,EGR1,4321,PDGFA
1750,EGR1,4322,PDGFB
1750,EGR1,4496,PITX1
1750,EGR1,4637,PPARG
1750,EGR1,4730,PRKACB
1750,EGR1,4837,PTEN
1750,EGR1,5076,RELA
1750,EGR1,5485,SF1
1750,EGR1,5885,STAT3
1750,EGR1,6111,TGFB1
1750,EGR1,6271,TOPBP1
1750,EGR1,6275,TP53
1751,EGR2,5777,SOX10
1751,EGR2,6727,WWP2
1754,EHMT1,2996,JARID2
1754,EHMT1,6275,TP53
1755,EHMT2,1879,ERCC6
1755,EHMT2,2537,HDAC1
1755,EHMT2,3127,KLF12
1755,EHMT2,6275,TP53
1755,EHMT2,6693,WIZ
1756,EID1,1832,EP300
1756,EID1,3846,NDN
1757,EID2,5687,SMAD3
1759,EIF2A,1761,EIF2AK2
1759,EIF2A,1762,EIF2AK3
1759,EIF2A,1763,EIF2AK4
1760,EIF2AK1,1769,EIF2S1
1761,EIF2AK2,1769,EIF2S1
1761,EIF2AK2,1964,FANCC
1761,EIF2AK2,2194,G3BP1
1761,EIF2AK2,2990,JAK1
1761,EIF2AK2,3071,KDM4C
1761,EIF2AK2,3465,MAPK1
1761,EIF2AK2,3466,MAPK10
1761,EIF2AK2,3470,MAPK14
1761,EIF2AK2,3487,MAPT
1761,EIF2AK2,3898,NFKBIA
1761,EIF2AK2,4660,PPP1CA
1761,EIF2AK2,4694,PPP2R5A
1761,EIF2AK2,4739,PRKCB
1761,EIF2AK2,4752,PRKG1
1761,EIF2AK2,4754,PRKRA
1761,EIF2AK2,5283,RPS6KA3
1761,EIF2AK2,5883,STAT1
1761,EIF2AK2,6275,TP53
1762,EIF2AK3,1769,EIF2S1
1762,EIF2AK3,2701,HSPA5
1762,EIF2AK3,2990,JAK1
1762,EIF2AK3,3890,NFE2L2
1762,EIF2AK3,4333,PDIA6
1762,EIF2AK3,5117,RHEB
1762,EIF2AK3,5661,SLC7A1
1762,EIF2AK3,5761,SOD1
1763,EIF2AK4,1769,EIF2S1
1763,EIF2AK4,4751,PRKDC
1764,EIF2B1,1769,EIF2S1
1764,EIF2B1,1770,EIF2S2
1764,EIF2B1,1771,EIF2S3
1764,EIF2B1,2477,GSK3B
1765,EIF2B2,1769,EIF2S1
1765,EIF2B2,1770,EIF2S2
1765,EIF2B2,1771,EIF2S3
1765,EIF2B2,2477,GSK3B
1766,EIF2B3,1769,EIF2S1
1766,EIF2B3,1770,EIF2S2
1766,EIF2B3,1771,EIF2S3
1766,EIF2B3,2477,GSK3B
1767,EIF2B4,1769,EIF2S1
1767,EIF2B4,1770,EIF2S2
1767,EIF2B4,1771,EIF2S3
1767,EIF2B4,2477,GSK3B
1768,EIF2B5,1769,EIF2S1
1768,EIF2B5,1770,EIF2S2
1768,EIF2B5,1771,EIF2S3
1768,EIF2B5,2155,FRAT1
1768,EIF2B5,2476,GSK3A
1768,EIF2B5,2477,GSK3B
1768,EIF2B5,5283,RPS6KA3
1769,EIF2S1,1793,EIF5
1769,EIF2S1,3465,MAPK1
1769,EIF2S1,3470,MAPK14
1769,EIF2S1,3492,MARK2
1769,EIF2S1,4040,NRF1
1769,EIF2S1,4660,PPP1CA
1769,EIF2S1,4661,PPP1CB
1769,EIF2S1,4662,PPP1CC
1769,EIF2S1,4740,PRKCD
1769,EIF2S1,4770,PROKR1
1770,EIF2S2,1790,EIF4G2
1770,EIF2S2,4040,NRF1
1770,EIF2S2,4729,PRKACA
1770,EIF2S2,4738,PRKCA
1771,EIF2S3,4738,PRKCA
1772,EIF3A,4739,PRKCB
1773,EIF3B,2477,GSK3B
1773,EIF3B,3470,MAPK14
1774,EIF3C,4751,PRKDC
1775,EIF3E,3538,MCM7
1776,EIF3F,1996,FBXO33
1776,EIF3F,3972,NOTCH1
1777,EIF3G,3480,MAPK9
1778,EIF3I,6115,TGFBR1
1778,EIF3I,6116,TGFBR2
1779,EIF3J,1790,EIF4G2
1780,EIF4A1,1782,EIF4B
1780,EIF4A1,1792,EIF4H
1780,EIF4A1,3745,MYC
1782,EIF4B,2477,GSK3B
1782,EIF4B,3455,MAP3K7
1782,EIF4B,3466,MAPK10
1782,EIF4B,3572,MELK
1782,EIF4B,4476,PIM2
1782,EIF4B,4738,PRKCA
1782,EIF4B,4751,PRKDC
1782,EIF4B,5281,RPS6KA1
1782,EIF4B,5283,RPS6KA3
1782,EIF4B,5287,RPS6KB1
1783,EIF4E,1785,EIF4EBP1
1783,EIF4E,1786,EIF4EBP2
1783,EIF4E,1787,EIF4EBP3
1783,EIF4E,1798,ELAVL1
1783,EIF4E,2641,HNRNPK
1783,EIF4E,3619,MKNK1
1783,EIF4E,3620,MKNK2
1783,EIF4E,3745,MYC
1783,EIF4E,4165,PABPC1
1783,EIF4E,4459,PIK3C2A
1783,EIF4E,4684,PPP2CA
1783,EIF4E,4738,PRKCA
1783,EIF4E,4739,PRKCB
1783,EIF4E,4742,PRKCG
1783,EIF4E,5687,SMAD3
1783,EIF4E,5688,SMAD4
1785,EIF4EBP1,2146,FOXO1
1785,EIF4EBP1,2477,GSK3B
1785,EIF4EBP1,3146,KLHL25
1785,EIF4EBP1,3356,LRRK2
1785,EIF4EBP1,3465,MAPK1
1785,EIF4EBP1,3466,MAPK10
1785,EIF4EBP1,3470,MAPK14
1785,EIF4EBP1,3472,MAPK3
1785,EIF4EBP1,3719,MTOR
1785,EIF4EBP1,4476,PIM2
1785,EIF4EBP1,4751,PRKDC
1785,EIF4EBP1,5118,RHEBL1
1785,EIF4EBP1,5250,RORC
1785,EIF4EBP1,5285,RPS6KA5
1785,EIF4EBP1,5291,RPTOR
1786,EIF4EBP2,3719,MTOR
1787,EIF4EBP3,3719,MTOR
1788,EIF4ENIF1,2477,GSK3B
1788,EIF4ENIF1,3465,MAPK1
1788,EIF4ENIF1,3470,MAPK14
1788,EIF4ENIF1,3476,MAPK8
1789,EIF4G1,3456,MAP3K8
1789,EIF4G1,3472,MAPK3
1789,EIF4G1,3476,MAPK8
1789,EIF4G1,3745,MYC
1789,EIF4G1,4181,PAK2
1789,EIF4G1,4738,PRKCA
1789,EIF4G1,4739,PRKCB
1789,EIF4G1,4751,PRKDC
1790,EIF4G2,6736,XIAP
1791,EIF4G3,4585,PNCK
1792,EIF4H,2909,INSR
1793,EIF5,1795,EIF5B
1795,EIF5B,3470,MAPK14
1795,EIF5B,5283,RPS6KA3
1795,EIF5B,5498,SGK1
1796,EIF6,2477,GSK3B
1796,EIF6,4738,PRKCA
1796,EIF6,4739,PRKCB
1797,ELANE,1933,F2R
1797,ELANE,1934,F2RL1
1797,ELANE,1938,F5
1797,ELANE,5317,RUNX1
1797,ELANE,5470,SERPIND1
1797,ELANE,5803,SPI1
1798,ELAVL1,1870,ERBB2
1798,ELAVL1,2125,FOS
1798,ELAVL1,2544,HDAC6
1798,ELAVL1,2813,IL13
1798,ELAVL1,2992,JAK3
1798,ELAVL1,3470,MAPK14
1798,ELAVL1,3481,MAPKAPK2
1798,ELAVL1,3552,MDM2
1798,ELAVL1,3745,MYC
1798,ELAVL1,4738,PRKCA
1798,ELAVL1,4740,PRKCD
1798,ELAVL1,4848,PTGS2
1798,ELAVL1,5572,SIRT1
1798,ELAVL1,5599,SLC11A1
1798,ELAVL1,6275,TP53
1798,ELAVL1,6331,TRIB3
1798,ELAVL1,6637,VEGFA
1802,ELF1,4684,PPP2CA
1802,ELF1,4685,PPP2CB
1803,ELF2,3476,MAPK8
1804,ELF3,4179,PAK1
1804,ELF3,4744,PRKCI
1805,ELF4,2588,HIPK2
1805,ELF4,3476,MAPK8
1805,ELF4,5946,SUMO1
1805,ELF4,5947,SUMO2
1806,ELK1,2477,GSK3B
1806,ELK1,3465,MAPK1
1806,ELK1,3470,MAPK14
1806,ELK1,3472,MAPK3
1806,ELK1,3476,MAPK8
1806,ELK1,3480,MAPK9
1806,ELK1,4698,PPP3CA
1806,ELK1,4699,PPP3CB
1806,ELK1,4700,PPP3CC
1806,ELK1,4778,PRPF4B
1806,ELK1,5285,RPS6KA5
1806,ELK1,6016,TAOK2
1807,ELK3,2477,GSK3B
1807,ELK3,3466,MAPK10
1807,ELK3,3470,MAPK14
1807,ELK3,3472,MAPK3
1807,ELK3,3476,MAPK8
1807,ELK3,3480,MAPK9
1808,ELK4,3470,MAPK14
1808,ELK4,3472,MAPK3
1808,ELK4,3475,MAPK7
1808,ELK4,3476,MAPK8
1808,ELK4,4290,PCSK7
1810,ELMO1,2079,FGR
1810,ELMO1,2529,HCK
1810,ELMO1,3386,LYN
1810,ELMO1,4960,RAC1
1810,ELMO1,5827,SRC
1811,ELMO2,4960,RAC1
1812,ELN,1981,FBLN5
1813,ELOVL7,4635,PPARA
1814,ELP3,2909,INSR
1814,ELP3,3216,LCK
1815,EMB,2973,ITK
1815,EMB,3386,LYN
1815,EMB,4739,PRKCB
1815,EMB,5827,SRC
1815,EMB,5964,SYK
1815,EMB,6074,TEC
1816,EMD,2529,HCK
1816,EMD,4729,PRKACA
1816,EMD,5827,SRC
1818,EML4,3869,NEK6
1819,EN2,4729,PRKACA
1820,ENAH,2529,HCK
1820,ENAH,4751,PRKDC
1820,ENAH,4752,PRKG1
1820,ENAH,5012,RAPH1
1822,ENC1,3890,NFE2L2
1823,ENDOG,2477,GSK3B
1824,ENG,2117,FN1
1824,ENG,2265,GDF2
1824,ENG,2897,INHBA
1824,ENG,2948,ITGA2B
1824,ENG,2951,ITGA5
1824,ENG,2960,ITGAV
1824,ENG,2962,ITGB1
1824,ENG,3024,KCNAB1
1824,ENG,3076,KDR
1824,ENG,3240,LGALS3
1824,ENG,5109,RGS19
1824,ENG,5374,SCEL
1824,ENG,5693,SMAP1
1824,ENG,5795,SPARC
1824,ENG,5827,SRC
1824,ENG,6111,TGFB1
1824,ENG,6113,TGFB2
1824,ENG,6114,TGFB3
1824,ENG,6115,TGFBR1
1824,ENG,6116,TGFBR2
1824,ENG,6400,TRIP6
1824,ENG,6850,ZYX
1825,ENHO,2410,GPR19
1826,ENO1,5827,SRC
1827,ENOX2,4740,PRKCD
1828,ENPEP,5673,SLITRK1
1829,ENPP1,2697,HSPA1A
1829,ENPP1,2698,HSPA1B
1829,ENPP1,2909,INSR
1830,ENSA,3501,MASTL
1830,ENSA,4691,PPP2R2D
1830,ENSA,4729,PRKACA
1831,ENTPD1,5786,SP1
1832,EP300,1897,ESR1
1832,EP300,1905,ETV1
1832,EP300,1993,FBXO3
1832,EP300,2032,FEN1
1832,EP300,2099,FLI1
1832,EP300,2242,GATA3
1832,EP300,2544,HDAC6
1832,EP300,2581,HIF1A
1832,EP300,2582,HIF1AN
1832,EP300,2588,HIPK2
1832,EP300,2622,HMGN1
1832,EP300,2623,HMGN2
1832,EP300,2894,ING2
1832,EP300,3006,JUN
1832,EP300,3013,KAT2B
1832,EP300,3014,KAT5
1832,EP300,3134,KLF5
1832,EP300,3164,KPNA2
1832,EP300,3424,MAML1
1832,EP300,3465,MAPK1
1832,EP300,3472,MAPK3
1832,EP300,3552,MDM2
1832,EP300,3564,MEF2A
1832,EP300,3566,MEF2C
1832,EP300,3567,MEF2D
1832,EP300,3656,MN1
1832,EP300,3708,MTA1
1832,EP300,3740,MYB
1832,EP300,3782,MYOD1
1832,EP300,3810,NBN
1832,EP300,3831,NCOA3
1832,EP300,3835,NCOR2
1832,EP300,3864,NEIL2
1832,EP300,3890,NFE2L2
1832,EP300,3896,NFKB1
1832,EP300,3906,NFYA
1832,EP300,4021,NR1H4
1832,EP300,4035,NR5A1
1832,EP300,4046,NRIP1
1832,EP300,4111,OGG1
1832,EP300,4202,PARP1
1832,EP300,4278,PCK1
1832,EP300,4282,PCNA
1832,EP300,4524,PLAG1
1832,EP300,4526,PLAGL2
1832,EP300,4597,POLB
1832,EP300,4726,PRKAA1
1832,EP300,4727,PRKAA2
1832,EP300,4728,PRKAB1
1832,EP300,4738,PRKCA
1832,EP300,4740,PRKCD
1832,EP300,4745,PRKCQ
1832,EP300,4859,PTMS
1832,EP300,5034,RB1
1832,EP300,5071,RECQL4
1832,EP300,5076,RELA
1832,EP300,5317,RUNX1
1832,EP300,5318,RUNX2
1832,EP300,5319,RUNX3
1832,EP300,5457,SENP3
1832,EP300,5498,SGK1
1832,EP300,5572,SIRT1
1832,EP300,5588,SKI
1832,EP300,5685,SMAD1
1832,EP300,5686,SMAD2
1832,EP300,5687,SMAD3
1832,EP300,5688,SMAD4
1832,EP300,5691,SMAD7
1832,EP300,5786,SP1
1832,EP300,5830,SREBF1
1832,EP300,5885,STAT3
1832,EP300,5887,STAT5A
1832,EP300,5889,STAT6
1832,EP300,6046,TBXAS1
1832,EP300,6065,TDG
1832,EP300,6275,TP53
1832,EP300,6284,TP63
1832,EP300,6454,TTC5
1832,EP300,6719,WRN
1832,EP300,6731,XBP1
1832,EP300,6770,ZBTB16
1833,EP400,1963,FANCA
1833,EP400,2698,HSPA1B
1833,EP400,3014,KAT5
1833,EP400,3470,MAPK14
1834,EPAS1,2582,HIF1AN
1834,EPAS1,3472,MAPK3
1834,EPAS1,4344,PDPK1
1834,EPAS1,4748,PRKD1
1835,EPB41,1870,ERBB2
1835,EPB41,2442,GRIA1
1835,EPB41,4086,NUMA1
1835,EPB41,4738,PRKCA
1835,EPB41,4739,PRKCB
1836,EPB41L1,2477,GSK3B
1836,EPB41L1,3470,MAPK14
1836,EPB41L1,5283,RPS6KA3
1837,EPB41L2,2909,INSR
1837,EPB41L2,3470,MAPK14
1837,EPB41L2,5283,RPS6KA3
1838,EPB41L3,4739,PRKCB
1839,EPB42,5283,RPS6KA3
1841,EPGN,1872,ERBB4
1841,EPGN,2793,IGSF11
1842,EPHA1,2072,FGFR1
1842,EPHA1,2074,FGFR3
1842,EPHA1,2395,GPI
1843,EPHA10,4474,PILRB
1844,EPHA2,2072,FGFR1
1844,EPHA2,2074,FGFR3
1844,EPHA2,2431,GRAP
1844,EPHA2,4468,PIK3R2
1844,EPHA2,4738,PRKCA
1844,EPHA2,4854,PTK2
1844,EPHA2,5528,SHC1
1844,EPHA2,5592,SLA
1844,EPHA2,5827,SRC
1844,EPHA2,6275,TP53
1845,EPHA3,2072,FGFR1
1845,EPHA3,2074,FGFR3
1845,EPHA3,2181,FYN
1845,EPHA3,3216,LCK
1845,EPHA3,3265,LILRA3
1845,EPHA3,4864,PTPN1
1845,EPHA3,5827,SRC
1845,EPHA3,5885,STAT3
1846,EPHA4,2074,FGFR3
1846,EPHA4,2181,FYN
1846,EPHA4,3444,MAP3K1
1846,EPHA4,3909,NGEF
1846,EPHA4,4325,PDGFRA
1846,EPHA4,4535,PLCG1
1846,EPHA4,4892,PTPRO
1847,EPHA5,2072,FGFR1
1847,EPHA5,2074,FGFR3
1848,EPHA6,2392,GPHA2
1849,EPHA7,2072,FGFR1
1849,EPHA7,2074,FGFR3
1849,EPHA7,4474,PILRB
1849,EPHA7,6709,WNT5A
1851,EPHB1,2436,GRB7
1851,EPHB1,3823,NCK1
1851,EPHB1,4039,NRCAM
1851,EPHB1,4912,PXN
1852,EPHB2,1870,ERBB2
1852,EPHB2,2181,FYN
1852,EPHB2,2451,GRIN2B
1852,EPHB2,2909,INSR
1852,EPHB2,2984,ITSN1
1852,EPHB2,3182,L1CAM
1852,EPHB2,3654,MMP9
1852,EPHB2,4039,NRCAM
1852,EPHB2,4892,PTPRO
1852,EPHB2,5019,RASA1
1852,EPHB2,5295,RRAS
1852,EPHB2,5827,SRC
1852,EPHB2,5971,SYNJ1
1852,EPHB2,6007,TAGAP
1852,EPHB2,6637,VEGFA
1853,EPHB3,2529,HCK
1853,EPHB3,3182,L1CAM
1853,EPHB3,5019,RASA1
1854,EPHB4,1861,EPO
1854,EPHB4,5405,SDC3
1855,EPHB6,2109,FLT1
1856,EPHX1,2130,FOXA2
1857,EPHX2,2630,HNF4A
1858,EPM2A,2477,GSK3B
1858,EPM2A,3903,NFU1
1858,EPM2A,3915,NHLRC1
1858,EPM2A,4726,PRKAA1
1858,EPM2A,4727,PRKAA2
1858,EPM2A,4728,PRKAB1
1859,EPN1,1871,ERBB3
1859,EPN1,2477,GSK3B
1859,EPN1,4467,PIK3R1
1860,EPN2,4751,PRKDC
1860,EPN2,5283,RPS6KA3
1861,EPO,1862,EPOR
1861,EPO,5014,RARA
1862,EPOR,1870,ERBB2
1862,EPOR,2290,GH1
1862,EPOR,2293,GHR
1862,EPOR,2775,IFNGR2
1862,EPOR,2875,IL6ST
1862,EPOR,2909,INSR
1862,EPOR,2991,JAK2
1862,EPOR,3076,KDR
1862,EPOR,3118,KIT
1862,EPOR,3119,KITLG
1862,EPOR,3151,KLK3
1862,EPOR,3386,LYN
1862,EPOR,3971,NOSIP
1862,EPOR,4004,NPTN
1862,EPOR,4467,PIK3R1
1862,EPOR,4864,PTPN1
1862,EPOR,5757,SOCS2
1862,EPOR,5964,SYK
1862,EPOR,6403,TRPC3
1863,EPS15,3466,MAPK10
1863,EPS15,3470,MAPK14
1863,EPS15,6608,USP9X
1864,EPS15L1,2477,GSK3B
1864,EPS15L1,2630,HNF4A
1864,EPS15L1,3466,MAPK10
1864,EPS15L1,3480,MAPK9
1864,EPS15L1,4739,PRKCB
1865,EPS8,3472,MAPK3
1865,EPS8,4856,PTK6
1865,EPS8,5827,SRC
1866,EPS8L2,3476,MAPK8
1867,EPX,3890,NFE2L2
1867,EPX,4720,PRG2
1867,EPX,5156,RNASE2
1867,EPX,5157,RNASE3
1868,ERAL1,4745,PRKCQ
1869,ERAP1,4080,NUCB2
1870,ERBB2,1871,ERBB3
1870,ERBB2,1872,ERBB4
1870,ERBB2,1882,EREG
1870,ERBB2,1891,ERRFI1
1870,ERBB2,1897,ESR1
1870,ERBB2,1909,ETV5
1870,ERBB2,2181,FYN
1870,ERBB2,2264,GDF15
1870,ERBB2,2431,GRAP
1870,ERBB2,2435,GRB2
1870,ERBB2,2436,GRB7
1870,ERBB2,2526,HBEGF
1870,ERBB2,2597,HLA-A
1870,ERBB2,2683,HRG
1870,ERBB2,2694,HSP90AA1
1870,ERBB2,2695,HSP90AB1
1870,ERBB2,2696,HSP90B1
1870,ERBB2,2875,IL6ST
1870,ERBB2,2934,IRS2
1870,ERBB2,3182,L1CAM
1870,ERBB2,3225,LDHA
1870,ERBB2,3331,LRIG1
1870,ERBB2,3386,LYN
1870,ERBB2,3472,MAPK3
1870,ERBB2,3580,MET
1870,ERBB2,3910,NGF
1870,ERBB2,4041,NRG1
1870,ERBB2,4042,NRG2
1870,ERBB2,4043,NRG3
1870,ERBB2,4044,NRG4
1870,ERBB2,4072,NTRK1
1870,ERBB2,4179,PAK1
1870,ERBB2,4339,PDLIM1
1870,ERBB2,4366,PEPD
1870,ERBB2,4450,PICK1
1870,ERBB2,4463,PIK3CA
1870,ERBB2,4467,PIK3R1
1870,ERBB2,4535,PLCG1
1870,ERBB2,4574,PLXNB1
1870,ERBB2,4729,PRKACA
1870,ERBB2,4738,PRKCA
1870,ERBB2,4739,PRKCB
1870,ERBB2,4753,PRKG2
1870,ERBB2,4756,PRL
1870,ERBB2,4848,PTGS2
1870,ERBB2,4865,PTPN11
1870,ERBB2,4869,PTPN18
1870,ERBB2,4879,PTPN9
1870,ERBB2,4885,PTPRE
1870,ERBB2,4887,PTPRG
1870,ERBB2,4892,PTPRO
1870,ERBB2,5338,S100A4
1870,ERBB2,5421,SEC24B
1870,ERBB2,5444,SEMA4D
1870,ERBB2,5528,SHC1
1870,ERBB2,5530,SHC3
1870,ERBB2,5742,SNTA1
1870,ERBB2,5827,SRC
1870,ERBB2,5925,STUB1
1870,ERBB2,6110,TGFA
1870,ERBB2,6424,TSC2
1871,ERBB3,1882,EREG
1871,ERBB3,2181,FYN
1871,ERBB3,2435,GRB2
1871,ERBB3,2436,GRB7
1871,ERBB3,2639,HNRNPH1
1871,ERBB3,2683,HRG
1871,ERBB3,2769,IFNAR1
1871,ERBB3,2770,IFNAR2
1871,ERBB3,2875,IL6ST
1871,ERBB3,2909,INSR
1871,ERBB3,2952,ITGA6
1871,ERBB3,2967,ITGB4
1871,ERBB3,3182,L1CAM
1871,ERBB3,3216,LCK
1871,ERBB3,3331,LRIG1
1871,ERBB3,3580,MET
1871,ERBB3,4041,NRG1
1871,ERBB3,4042,NRG2
1871,ERBB3,4043,NRG3
1871,ERBB3,4164,PA2G4
1871,ERBB3,4463,PIK3CA
1871,ERBB3,4464,PIK3CB
1871,ERBB3,4465,PIK3CD
1871,ERBB3,4466,PIK3CG
1871,ERBB3,4467,PIK3R1
1871,ERBB3,4504,PKIA
1871,ERBB3,4518,PLA2G2A
1871,ERBB3,5247,ROR1
1871,ERBB3,5338,S100A4
1871,ERBB3,6110,TGFA
1871,ERBB3,6482,TWF1
1871,ERBB3,6818,ZNF24
1872,ERBB4,1882,EREG
1872,ERBB4,1897,ESR1
1872,ERBB4,2239,GAST
1872,ERBB4,2435,GRB2
1872,ERBB4,2526,HBEGF
1872,ERBB4,2943,ITCH
1872,ERBB4,3182,L1CAM
1872,ERBB4,3331,LRIG1
1872,ERBB4,3552,MDM2
1872,ERBB4,3652,MMP7
1872,ERBB4,4041,NRG1
1872,ERBB4,4042,NRG2
1872,ERBB4,4043,NRG3
1872,ERBB4,4044,NRG4
1872,ERBB4,4463,PIK3CA
1872,ERBB4,4464,PIK3CB
1872,ERBB4,4465,PIK3CD
1872,ERBB4,4466,PIK3CG
1872,ERBB4,5530,SHC3
1872,ERBB4,5744,SNTB2
1872,ERBB4,5818,SPRY4
1872,ERBB4,5887,STAT5A
1872,ERBB4,6110,TGFA
1872,ERBB4,6488,TXNRD1
1872,ERBB4,6832,ZNF652
1874,ERCC1,6738,XPA
1875,ERCC2,1876,ERCC3
1875,ERCC2,1878,ERCC5
1877,ERCC4,6738,XPA
1878,ERCC5,2477,GSK3B
1878,ERCC5,3470,MAPK14
1878,ERCC5,4282,PCNA
1879,ERCC6,1881,ERCC8
1879,ERCC6,3476,MAPK8
1879,ERCC6,3863,NEIL1
1879,ERCC6,6275,TP53
1879,ERCC6,6729,XAB2
1880,ERCC6L,4556,PLK1
1881,ERCC8,2622,HMGN1
1881,ERCC8,6049,TCEA2
1881,ERCC8,6729,XAB2
1881,ERCC8,6738,XPA
1883,ERF,3465,MAPK1
1884,ERG,2477,GSK3B
1884,ERG,3465,MAPK1
1884,ERG,4967,RAD21
1884,ERG,6702,WNT11
1885,ERGIC1,1886,ERGIC3
1888,ERN1,2701,HSPA5
1888,ERN1,3476,MAPK8
1888,ERN1,4333,PDIA6
1888,ERN1,5761,SOD1
1888,ERN1,6306,TRAF2
1888,ERN1,6731,XBP1
1889,ERN2,2701,HSPA5
1890,ERP44,2980,ITPR1
1891,ERRFI1,5827,SRC
1892,ESAM,3420,MAGI1
1892,ESAM,5243,ROBO3
1892,ESAM,5433,SELPLG
1893,ESCO1,3065,KDM1A
1893,ESCO1,4967,RAD21
1893,ESCO1,5706,SMC3
1894,ESM1,2577,HHEX
1895,ESPL1,3465,MAPK1
1895,ESPL1,4556,PLK1
1895,ESPL1,4900,PTTG1
1895,ESPL1,5705,SMC1A
1896,ESPN,3769,MYO15A
1897,ESR1,1898,ESR2
1897,ESR1,1949,FAM102A
1897,ESR1,2144,FOXM1
1897,ESR1,2146,FOXO1
1897,ESR1,2147,FOXO3
1897,ESR1,2223,GAL
1897,ESR1,2242,GATA3
1897,ESR1,2288,GGNBP2
1897,ESR1,2437,GREB1
1897,ESR1,2477,GSK3B
1897,ESR1,2493,GTF2H2
1897,ESR1,2628,HNF1A
1897,ESR1,2702,HSPA8
1897,ESR1,2708,HSPD1
1897,ESR1,2782,IGF1
1897,ESR1,2789,IGFBP4
1897,ESR1,2801,IKBKE
1897,ESR1,2890,INA
1897,ESR1,3177,KRT8
1897,ESR1,3216,LCK
1897,ESR1,3465,MAPK1
1897,ESR1,3470,MAPK14
1897,ESR1,3472,MAPK3
1897,ESR1,3476,MAPK8
1897,ESR1,3481,MAPKAPK2
1897,ESR1,3502,MAT1A
1897,ESR1,3657,MNAT1
1897,ESR1,3668,MPG
1897,ESR1,3708,MTA1
1897,ESR1,3745,MYC
1897,ESR1,3829,NCOA1
1897,ESR1,3830,NCOA2
1897,ESR1,3890,NFE2L2
1897,ESR1,3949,NME1
1897,ESR1,4016,NR0B1
1897,ESR1,4017,NR0B2
1897,ESR1,4025,NR2C2
1897,ESR1,4046,NRIP1
1897,ESR1,4149,OXT
1897,ESR1,4179,PAK1
1897,ESR1,4404,PGR
1897,ESR1,4467,PIK3R1
1897,ESR1,4468,PIK3R2
1897,ESR1,4629,POU4F1
1897,ESR1,4630,POU4F2
1897,ESR1,4637,PPARG
1897,ESR1,4729,PRKACA
1897,ESR1,4738,PRKCA
1897,ESR1,4760,PRMT1
1897,ESR1,4762,PRMT6
1897,ESR1,4864,PTPN1
1897,ESR1,4877,PTPN6
1897,ESR1,5014,RARA
1897,ESR1,5060,RBX1
1897,ESR1,5281,RPS6KA1
1897,ESR1,5282,RPS6KA2
1897,ESR1,5283,RPS6KA3
1897,ESR1,5287,RPS6KB1
1897,ESR1,5326,RXRA
1897,ESR1,5482,SETD7
1897,ESR1,5632,SLC2A1
1897,ESR1,5687,SMAD3
1897,ESR1,5827,SRC
1897,ESR1,6065,TDG
1897,ESR1,6100,TFF1
1897,ESR1,6430,TSKU
1897,ESR1,6486,TXN
1897,ESR1,6691,WIPI1
1897,ESR1,6708,WNT4
1897,ESR1,6731,XBP1
1898,ESR2,3465,MAPK1
1898,ESR2,4016,NR0B1
1898,ESR2,4017,NR0B2
1898,ESR2,4025,NR2C2
1898,ESR2,4149,OXT
1898,ESR2,5014,RARA
1898,ESR2,5281,RPS6KA1
1898,ESR2,6691,WIPI1
1899,ESRRA,2477,GSK3B
1899,ESRRA,3476,MAPK8
1899,ESRRA,4017,NR0B2
1899,ESRRA,4638,PPARGC1A
1900,ESRRB,4016,NR0B1
1900,ESRRB,4017,NR0B2
1901,ESRRG,4016,NR0B1
1901,ESRRG,4017,NR0B2
1903,ETS1,2277,GFI1
1903,ETS1,2477,GSK3B
1903,ETS1,2783,IGF1R
1903,ETS1,2946,ITGA11
1903,ETS1,3406,MAF
1903,ETS1,3465,MAPK1
1903,ETS1,3468,MAPK12
1903,ETS1,3470,MAPK14
1903,ETS1,3472,MAPK3
1903,ETS1,3475,MAPK7
1903,ETS1,3890,NFE2L2
1903,ETS1,3951,NMI
1903,ETS1,5014,RARA
1903,ETS1,5883,STAT1
1903,ETS1,6183,TLX1
1903,ETS1,6185,TLX3
1903,ETS1,6275,TP53
1904,ETS2,3444,MAP3K1
1904,ETS2,3465,MAPK1
1904,ETS2,3470,MAPK14
1904,ETS2,3472,MAPK3
1904,ETS2,3480,MAPK9
1905,ETV1,3013,KAT2B
1905,ETV1,3481,MAPKAPK2
1905,ETV1,4729,PRKACA
1905,ETV1,4751,PRKDC
1905,ETV1,5281,RPS6KA1
1905,ETV1,5283,RPS6KA3
1905,ETV1,5285,RPS6KA5
1906,ETV2,2241,GATA2
1907,ETV3,3465,MAPK1
1908,ETV4,5899,STK11
1909,ETV5,4729,PRKACA
1909,ETV5,6513,UBE2I
1910,ETV6,3465,MAPK1
1910,ETV6,3470,MAPK14
1910,ETV6,3472,MAPK3
1910,ETV6,4290,PCSK7
1910,ETV6,4326,PDGFRB
1911,EVC,5711,SMO
1912,EVC2,5711,SMO
1913,EVI5,2002,FBXO5
1913,EVI5,4556,PLK1
1914,EVL,4729,PRKACA
1914,EVL,4752,PRKG1
1914,EVL,5012,RAPH1
1914,EVL,5283,RPS6KA3
1915,EVPL,3470,MAPK14
1916,EWSR1,3465,MAPK1
1916,EWSR1,3467,MAPK11
1916,EWSR1,3470,MAPK14
1916,EWSR1,3472,MAPK3
1916,EWSR1,3476,MAPK8
1916,EWSR1,4738,PRKCA
1916,EWSR1,4739,PRKCB
1916,EWSR1,4763,PRMT8
1916,EWSR1,5485,SF1
1917,EXO1,2477,GSK3B
1917,EXO1,3470,MAPK14
1918,EXOC2,5283,RPS6KA3
1919,EXOC7,3465,MAPK1
1919,EXOC7,3472,MAPK3
1919,EXOC7,5124,RHOQ
1920,EXOC8,3466,MAPK10
1922,EXTL1,5535,SHH
1923,EYA1,2064,FGF3
1923,EYA1,4609,POLR2A
1923,EYA1,5581,SIX1
1924,EYA3,4609,POLR2A
1924,EYA3,5827,SRC
1925,EZH2,2477,GSK3B
1925,EZH2,2991,JAK2
1925,EZH2,2992,JAK3
1925,EZH2,3470,MAPK14
1925,EZH2,3572,MELK
1925,EZH2,4499,PJA1
1925,EZH2,4681,PPP1R8
1925,EZH2,4726,PRKAA1
1925,EZH2,6782,ZDHHC5
1926,EZR,2037,FES
1926,EZR,2735,ICAM1
1926,EZR,3182,L1CAM
1926,EZR,3216,LCK
1926,EZR,4729,PRKACA
1926,EZR,4738,PRKCA
1926,EZR,4744,PRKCI
1926,EZR,4863,PTP4A3
1926,EZR,5120,RHOA
1926,EZR,5245,ROCK1
1926,EZR,5246,ROCK2
1926,EZR,5664,SLC9A1
1926,EZR,5786,SP1
1926,EZR,5827,SRC
1926,EZR,5964,SYK
1926,EZR,6629,VCAM1
1926,EZR,6649,VPS11
1927,F10,1932,F2
1927,F10,1937,F3
1927,F10,1939,F7
1927,F10,2218,GAD2
1927,F10,2287,GGCX
1927,F10,2630,HNF4A
1927,F10,2959,ITGAM
1927,F10,2964,ITGB2
1927,F10,5469,SERPINC1
1928,F11,1930,F12
1928,F11,1941,F9
1928,F11,2381,GP1BB
1928,F11,2382,GP5
1928,F11,2384,GP9
1928,F11,2574,HGF
1928,F11,5469,SERPINC1
1929,F11R,2994,JAM2
1929,F11R,2995,JAM3
1929,F11R,3667,MPDZ
1929,F11R,4196,PARD3
1929,F11R,4738,PRKCA
1929,F11R,5243,ROBO3
1929,F11R,6159,TJP1
1929,F11R,6161,TJP3
1929,F11R,6561,ULBP3
1930,F12,2381,GP1BB
1930,F12,2382,GP5
1930,F12,2384,GP9
1930,F12,3153,KLKB1
1930,F12,3640,MMP12
1930,F12,3641,MMP13
1930,F12,3642,MMP14
1930,F12,5461,SERPINA1
1930,F12,5469,SERPINC1
1930,F12,5471,SERPINE1
1930,F12,5474,SERPING1
1931,F13A1,1932,F2
1931,F13A1,2950,ITGA4
1931,F13A1,2955,ITGA9
1931,F13A1,2962,ITGB1
1932,F2,1933,F2R
1932,F2,1934,F2RL1
1932,F2,1935,F2RL2
1932,F2,1936,F2RL3
1932,F2,1938,F5
1932,F2,1939,F7
1932,F2,1940,F8
1932,F2,2287,GGCX
1932,F2,2381,GP1BB
1932,F2,2384,GP9
1932,F2,2630,HNF4A
1932,F2,2788,IGFBP3
1932,F2,2948,ITGA2B
1932,F2,3335,LRP1
1932,F2,5461,SERPINA1
1932,F2,5469,SERPINC1
1932,F2,6123,THBD
1933,F2R,1934,F2RL1
1933,F2R,2344,GNA12
1933,F2R,2345,GNA13
1933,F2R,2346,GNA14
1933,F2R,2347,GNA15
1933,F2R,2348,GNAI1
1933,F2R,2349,GNAI2
1933,F2R,2350,GNAI3
1933,F2R,2352,GNAO1
1933,F2R,2353,GNAQ
1933,F2R,2357,GNAZ
1933,F2R,2948,ITGA2B
1933,F2R,2965,ITGB3
1933,F2R,3646,MMP2
1933,F2R,4196,PARD3
1933,F2R,4552,PLG
1933,F2R,4739,PRKCB
1933,F2R,4767,PROCR
1933,F2R,4792,PRTN3
1934,F2RL1,2346,GNA14
1934,F2RL1,2347,GNA15
1934,F2RL1,2348,GNAI1
1934,F2RL1,2350,GNAI3
1934,F2RL1,2352,GNAO1
1934,F2RL1,2353,GNAQ
1934,F2RL1,2354,GNAS
1934,F2RL1,2357,GNAZ
1934,F2RL1,2359,GNB2
1934,F2RL1,4552,PLG
1934,F2RL1,4765,PRNP
1934,F2RL1,4785,PRSS1
1934,F2RL1,4786,PRSS2
1934,F2RL1,4789,PRSS3
1934,F2RL1,4792,PRTN3
1934,F2RL1,6298,TPSAB1
1934,F2RL1,6299,TPSB2
1935,F2RL2,2344,GNA12
1935,F2RL2,2346,GNA14
1935,F2RL2,2347,GNA15
1935,F2RL2,2348,GNAI1
1935,F2RL2,2350,GNAI3
1935,F2RL2,2351,GNAL
1935,F2RL2,2352,GNAO1
1935,F2RL2,2354,GNAS
1936,F2RL3,2344,GNA12
1936,F2RL3,2345,GNA13
1936,F2RL3,2346,GNA14
1936,F2RL3,2348,GNAI1
1936,F2RL3,2350,GNAI3
1936,F2RL3,2351,GNAL
1936,F2RL3,2352,GNAO1
1936,F2RL3,2353,GNAQ
1936,F2RL3,2354,GNAS
1936,F2RL3,2357,GNAZ
1937,F3,1939,F7
1937,F3,2873,IL6
1937,F3,3470,MAPK14
1937,F3,4552,PLG
1937,F3,4738,PRKCA
1937,F3,6105,TFPI
1937,F3,6561,ULBP3
1938,F5,4766,PROC
1939,F7,1941,F9
1939,F7,2287,GGCX
1939,F7,2630,HNF4A
1939,F7,2680,HPN
1939,F7,4766,PROC
1940,F8,3228,LDLR
1940,F8,3335,LRP1
1940,F8,3340,LRP2
1940,F8,3342,LRP4
1940,F8,6666,VWF
1941,F9,2287,GGCX
1941,F9,2630,HNF4A
1941,F9,3335,LRP1
1941,F9,4751,PRKDC
1941,F9,5469,SERPINC1
1942,FA2H,2416,GPR37
1943,FABP3,2783,IGF1R
1943,FABP3,4635,PPARA
1944,FABP4,2783,IGF1R
1944,FABP4,2909,INSR
1944,FABP4,4635,PPARA
1944,FABP4,4637,PPARG
1945,FABP5,5326,RXRA
1946,FADD,1974,FAS
1946,FADD,2477,GSK3B
1946,FADD,2589,HIPK3
1946,FADD,3443,MAP2K7
1946,FADD,3444,MAP3K1
1946,FADD,3480,MAPK9
1946,FADD,3963,NOL3
1946,FADD,4556,PLK1
1946,FADD,4747,PRKCZ
1946,FADD,5143,RIPK1
1946,FADD,5287,RPS6KB1
1946,FADD,6216,TNFRSF10A
1946,FADD,6217,TNFRSF10B
1946,FADD,6304,TRADD
1946,FADD,6306,TRAF2
1947,FAF1,2801,IKBKE
1947,FAF1,6417,TRPV1
1948,FAIM2,3230,LEF1
1951,FAM13A,4747,PRKCZ
1951,FAM13A,4960,RAC1
1952,FAM13B,4960,RAC1
1953,FAM162A,6634,VDAC1
1954,FAM187B,4884,PTPRD
1957,FAM20C,2063,FGF23
1957,FAM20C,4290,PCSK7
1957,FAM20C,4291,PCSK9
1957,FAM20C,6666,VWF
1958,FAM3C,2329,GLRA2
1958,FAM3C,3200,LAMP1
1958,FAM3C,3259,LIFR
1959,FAM3D,2152,FPR1
1959,FAM3D,2153,FPR2
1960,FAM53C,5281,RPS6KA1
1961,FAM83G,4748,PRKD1
1962,FAM8A1,4738,PRKCA
1962,FAM8A1,5983,SYVN1
1963,FANCA,3867,NEK2
1963,FANCA,4726,PRKAA1
1963,FANCA,5498,SGK1
1964,FANCC,2694,HSP90AA1
1964,FANCC,6275,TP53
1965,FANCD2,1970,FANCL
1965,FANCD2,3470,MAPK14
1965,FANCD2,3573,MEN1
1965,FANCD2,4751,PRKDC
1965,FANCD2,6522,UBE2T
1965,FANCD2,6583,USP1
1967,FANCF,1971,FANCM
1968,FANCG,5821,SPTAN1
1969,FANCI,1970,FANCL
1969,FANCI,6522,UBE2T
1969,FANCI,6583,USP1
1970,FANCL,2477,GSK3B
1970,FANCL,4282,PCNA
1970,FANCL,6513,UBE2I
1970,FANCL,6522,UBE2T
1971,FANCM,4556,PLK1
1971,FANCM,6271,TOPBP1
1972,FAP,2251,GCG
1972,FAP,2299,GIP
1972,FAP,2470,GRP
1972,FAP,3997,NPPB
1972,FAP,4000,NPR2
1972,FAP,4010,NPY
1972,FAP,4188,PAM
1972,FAP,4921,PYY
1972,FAP,5987,TAC1
1973,FARP2,4570,PLXNA1
1973,FARP2,4571,PLXNA2
1973,FARP2,4572,PLXNA3
1973,FARP2,4573,PLXNA4
1974,FAS,1975,FASLG
1974,FAS,3453,MAP3K5
1974,FAS,3476,MAPK8
1974,FAS,3481,MAPKAPK2
1974,FAS,3580,MET
1974,FAS,3963,NOL3
1974,FAS,4729,PRKACA
1974,FAS,4740,PRKCD
1974,FAS,4867,PTPN13
1974,FAS,5143,RIPK1
1974,FAS,5883,STAT1
1974,FAS,6211,TNF
1974,FAS,6240,TNFSF13
1974,FAS,6275,TP53
1974,FAS,6284,TP63
1974,FAS,6285,TP73
1974,FAS,6765,YY1
1975,FASLG,2147,FOXO3
1975,FASLG,5883,STAT1
1975,FASLG,6217,TNFRSF10B
1975,FASLG,6234,TNFRSF6B
1975,FASLG,6275,TP53
1976,FASN,2541,HDAC3
1976,FASN,6338,TRIM21
1978,FBLIM1,2034,FERMT1
1978,FBLIM1,2035,FERMT2
1978,FBLIM1,2036,FERMT3
1978,FBLIM1,2101,FLNA
1978,FBLIM1,2102,FLNB
1978,FBLIM1,2103,FLNC
1979,FBLN1,2962,ITGB1
1979,FBLN1,6630,VCAN
1980,FBLN2,2965,ITGB3
1980,FBLN2,6630,VCAN
1981,FBLN5,1982,FBN1
1982,FBN1,2951,ITGA5
1982,FBN1,2960,ITGAV
1982,FBN1,2962,ITGB1
1982,FBN1,2965,ITGB3
1982,FBN1,2969,ITGB6
1982,FBN1,3374,LTBP2
1982,FBN1,6111,TGFB1
1983,FBP1,2581,HIF1A
1983,FBP1,4730,PRKACB
1983,FBP1,4738,PRKCA
1983,FBP1,5283,RPS6KA3
1983,FBP1,6345,TRIM28
1985,FBXL15,5715,SMURF1
1986,FBXL17,5942,SUFU
1989,FBXL5,2921,IREB2
1990,FBXO11,6275,TP53
1991,FBXO2,4468,PIK3R2
1991,FBXO2,5925,STUB1
1993,FBXO3,2588,HIPK2
1995,FBXO32,3782,MYOD1
1995,FBXO32,3783,MYOG
1996,FBXO33,6751,YBX1
1997,FBXO38,3136,KLF7
1998,FBXO4,2477,GSK3B
1998,FBXO4,3472,MAPK3
2001,FBXO45,6285,TP73
2002,FBXO5,2192,FZR1
2002,FBXO5,4478,PIN1
2002,FBXO5,4556,PLK1
2002,FBXO5,5827,SRC
2004,FBXO7,6683,WDR62
2006,FBXO9,6078,TELO2
2008,FBXW11,3898,NFKBIA
2008,FBXW11,4367,PER1
2008,FBXW11,5590,SKP1
2008,FBXW11,5687,SMAD3
2008,FBXW11,5688,SMAD4
2008,FBXW11,5942,SUFU
2008,FBXW11,6820,ZNF281
2009,FBXW2,2257,GCM1
2010,FBXW5,4559,PLK4
2010,FBXW5,5418,SEC23B
2011,FBXW7,2241,GATA2
2011,FBXW7,3006,JUN
2011,FBXW7,3472,MAPK3
2011,FBXW7,3560,MED13
2011,FBXW7,3561,MED13L
2011,FBXW7,3745,MYC
2011,FBXW7,3831,NCOA3
2011,FBXW7,3972,NOTCH1
2011,FBXW7,3975,NOTCH4
2011,FBXW7,3994,NPM1
2011,FBXW7,4557,PLK2
2011,FBXW7,4638,PPARGC1A
2011,FBXW7,5459,SERBP1
2011,FBXW7,5498,SGK1
2011,FBXW7,5939,STYX
2011,FBXW7,6275,TP53
2011,FBXW7,6284,TP63
2011,FBXW7,6597,USP28
2012,FBXW8,2933,IRS1
2013,FCAMR,4041,NRG1
2013,FCAMR,4473,PILRA
2014,FCAR,2476,GSK3A
2014,FCAR,2477,GSK3B
2014,FCAR,2774,IFNGR1
2014,FCAR,3270,LILRB2
2014,FCAR,4298,PDCD1LG2
2014,FCAR,4456,PIGR
2014,FCAR,4684,PPP2CA
2014,FCAR,5548,SIGLEC10
2014,FCAR,5550,SIGLEC14
2014,FCAR,5553,SIGLEC6
2014,FCAR,6225,TNFRSF14
2014,FCAR,6663,VSIG8
2015,FCER1A,2972,ITIH2
2015,FCER1A,4357,PEAR1
2016,FCER1G,4729,PRKACA
2018,FCGR1A,2683,HRG
2018,FCGR1A,2880,ILDR1
2018,FCGR1A,3271,LILRB3
2018,FCGR1A,3662,MOG
2018,FCGR1A,4473,PILRA
2018,FCGR1A,5803,SPI1
2019,FCGR2A,2181,FYN
2019,FCGR2A,2880,ILDR1
2019,FCGR2A,2909,INSR
2019,FCGR2A,3219,LCN2
2019,FCGR2A,3386,LYN
2019,FCGR2A,3662,MOG
2019,FCGR2A,3675,MPZ
2019,FCGR2A,4296,PDCD1
2019,FCGR2A,4326,PDGFRB
2019,FCGR2A,5440,SEMA3G
2019,FCGR2A,5827,SRC
2019,FCGR2A,5964,SYK
2019,FCGR2A,6148,TIGIT
2020,FCGR2B,2181,FYN
2020,FCGR2B,3386,LYN
2020,FCGR2B,5827,SRC
2021,FCGR2C,2181,FYN
2021,FCGR2C,3386,LYN
2021,FCGR2C,5827,SRC
2021,FCGR2C,5964,SYK
2022,FCGR3A,3216,LCK
2023,FCGR3B,2873,IL6
2024,FCGRT,3264,LILRA2
2024,FCGRT,3270,LILRB2
2024,FCGRT,5536,SHISA4
2025,FCN2,3335,LRP1
2025,FCN2,3496,MASP1
2025,FCN2,3497,MASP2
2026,FCN3,3496,MASP1
2026,FCN3,3497,MASP2
2027,FCRL1,2112,FLT4
2027,FCRL1,3328,LRFN3
2027,FCRL1,3333,LRIT1
2027,FCRL1,3876,NETO2
2027,FCRL1,4063,NT5E
2027,FCRL1,6064,TCTN3
2027,FCRL1,6247,TNFSF9
2027,FCRL1,6663,VSIG8
2028,FCRL3,5827,SRC
2029,FCRL4,4865,PTPN11
2029,FCRL4,4877,PTPN6
2029,FCRL4,6100,TFF1
2030,FCRL6,4050,NRP2
2031,FDXR,6275,TP53
2032,FEN1,3470,MAPK14
2032,FEN1,4761,PRMT5
2032,FEN1,5071,RECQL4
2032,FEN1,5253,RPA1
2032,FEN1,6719,WRN
2033,FER,2909,INSR
2033,FER,3009,JUP
2033,FER,4057,NSF
2033,FER,4326,PDGFRB
2033,FER,4359,PECAM1
2033,FER,4740,PRKCD
2033,FER,4854,PTK2
2033,FER,5827,SRC
2033,FER,5885,STAT3
2035,FERMT2,2801,IKBKE
2035,FERMT2,5827,SRC
2036,FERMT3,2962,ITGB1
2036,FERMT3,2965,ITGB3
2036,FERMT3,4738,PRKCA
2037,FES,2181,FYN
2037,FES,2529,HCK
2037,FES,2933,IRS1
2037,FES,2934,IRS2
2037,FES,2990,JAK1
2037,FES,2992,JAK3
2037,FES,4057,NSF
2037,FES,4359,PECAM1
2037,FES,5803,SPI1
2038,FEZ1,3492,MARK2
2038,FEZ1,3493,MARK3
2038,FEZ1,6529,UBE4B
2039,FFAR1,2344,GNA12
2039,FFAR1,2348,GNAI1
2039,FFAR1,2351,GNAL
2039,FFAR1,2352,GNAO1
2039,FFAR1,2353,GNAQ
2039,FFAR1,2354,GNAS
2040,FFAR2,2344,GNA12
2040,FFAR2,2345,GNA13
2040,FFAR2,2347,GNA15
2040,FFAR2,2351,GNAL
2040,FFAR2,2352,GNAO1
2040,FFAR2,2353,GNAQ
2040,FFAR2,2354,GNAS
2040,FFAR2,6211,TNF
2041,FFAR3,2344,GNA12
2041,FFAR3,2348,GNAI1
2041,FFAR3,2350,GNAI3
2042,FGA,2948,ITGA2B
2042,FGA,2951,ITGA5
2042,FGA,2956,ITGAD
2042,FGA,2959,ITGAM
2042,FGA,2960,ITGAV
2042,FGA,2961,ITGAX
2042,FGA,2962,ITGB1
2042,FGA,2964,ITGB2
2042,FGA,2965,ITGB3
2042,FGA,3640,MMP12
2042,FGA,3641,MMP13
2042,FGA,3642,MMP14
2042,FGA,3653,MMP8
2042,FGA,4529,PLAUR
2042,FGA,4730,PRKACB
2042,FGA,4739,PRKCB
2042,FGA,4752,PRKG1
2042,FGA,6177,TLR4
2042,FGA,6629,VCAM1
2043,FGB,2948,ITGA2B
2043,FGB,2951,ITGA5
2043,FGB,2959,ITGAM
2043,FGB,2960,ITGAV
2043,FGB,2962,ITGB1
2043,FGB,2964,ITGB2
2043,FGB,2965,ITGB3
2043,FGB,3641,MMP13
2043,FGB,6177,TLR4
2043,FGB,6629,VCAM1
2048,FGD5,4960,RAC1
2049,FGF1,2072,FGFR1
2049,FGF1,2073,FGFR2
2049,FGF1,2074,FGFR3
2049,FGF1,2075,FGFR4
2049,FGF1,2076,FGFRL1
2049,FGF1,2960,ITGAV
2049,FGF1,2965,ITGB3
2049,FGF1,4049,NRP1
2049,FGF1,4740,PRKCD
2049,FGF1,6117,TGFBR3
2050,FGF10,2070,FGF9
2050,FGF10,2072,FGFR1
2050,FGF10,2073,FGFR2
2050,FGF10,2076,FGFRL1
2050,FGF10,2242,GATA3
2050,FGF10,5581,SIX1
2051,FGF11,2072,FGFR1
2051,FGF11,2073,FGFR2
2051,FGF11,2074,FGFR3
2051,FGF11,2075,FGFR4
2051,FGF11,5381,SCN10A
2051,FGF11,5382,SCN11A
2051,FGF11,5383,SCN1A
2051,FGF11,5385,SCN2A
2051,FGF11,5387,SCN3A
2051,FGF11,5389,SCN4A
2051,FGF11,5390,SCN5A
2051,FGF11,5391,SCN8A
2051,FGF11,5392,SCN9A
2052,FGF12,2072,FGFR1
2052,FGF12,2073,FGFR2
2052,FGF12,2074,FGFR3
2052,FGF12,2075,FGFR4
2052,FGF12,5381,SCN10A
2052,FGF12,5382,SCN11A
2052,FGF12,5383,SCN1A
2052,FGF12,5385,SCN2A
2052,FGF12,5387,SCN3A
2052,FGF12,5389,SCN4A
2052,FGF12,5390,SCN5A
2052,FGF12,5391,SCN8A
2052,FGF12,5392,SCN9A
2053,FGF13,2072,FGFR1
2053,FGF13,2073,FGFR2
2053,FGF13,2074,FGFR3
2053,FGF13,2075,FGFR4
2053,FGF13,5381,SCN10A
2053,FGF13,5382,SCN11A
2053,FGF13,5383,SCN1A
2053,FGF13,5385,SCN2A
2053,FGF13,5387,SCN3A
2053,FGF13,5389,SCN4A
2053,FGF13,5390,SCN5A
2053,FGF13,5391,SCN8A
2053,FGF13,5392,SCN9A
2054,FGF14,2072,FGFR1
2054,FGF14,2073,FGFR2
2054,FGF14,2074,FGFR3
2054,FGF14,2075,FGFR4
2054,FGF14,5381,SCN10A
2054,FGF14,5382,SCN11A
2054,FGF14,5383,SCN1A
2054,FGF14,5385,SCN2A
2054,FGF14,5387,SCN3A
2054,FGF14,5389,SCN4A
2054,FGF14,5390,SCN5A
2054,FGF14,5391,SCN8A
2054,FGF14,5392,SCN9A
2055,FGF16,2072,FGFR1
2055,FGF16,2073,FGFR2
2055,FGF16,2074,FGFR3
2055,FGF16,2075,FGFR4
2056,FGF17,2072,FGFR1
2056,FGF17,2073,FGFR2
2056,FGF17,2074,FGFR3
2056,FGF17,2075,FGFR4
2057,FGF18,2072,FGFR1
2057,FGF18,2073,FGFR2
2057,FGF18,2074,FGFR3
2057,FGF18,2075,FGFR4
2058,FGF19,2072,FGFR1
2058,FGF19,2073,FGFR2
2058,FGF19,2074,FGFR3
2058,FGF19,2075,FGFR4
2058,FGF19,3121,KLB
2059,FGF2,2072,FGFR1
2059,FGF2,2073,FGFR2
2059,FGF2,2074,FGFR3
2059,FGF2,2075,FGFR4
2059,FGF2,2076,FGFRL1
2059,FGF2,2389,GPC4
2059,FGF2,2960,ITGAV
2059,FGF2,2965,ITGB3
2059,FGF2,4049,NRP1
2059,FGF2,4729,PRKACA
2059,FGF2,4738,PRKCA
2059,FGF2,5403,SDC1
2059,FGF2,5404,SDC2
2059,FGF2,5405,SDC3
2059,FGF2,5406,SDC4
2059,FGF2,6074,TEC
2059,FGF2,6124,THBS1
2059,FGF2,6125,THBS2
2060,FGF20,2072,FGFR1
2060,FGF20,2073,FGFR2
2060,FGF20,2074,FGFR3
2060,FGF20,2075,FGFR4
2061,FGF21,2072,FGFR1
2061,FGF21,2073,FGFR2
2061,FGF21,2074,FGFR3
2061,FGF21,2075,FGFR4
2061,FGF21,3121,KLB
2062,FGF22,2072,FGFR1
2062,FGF22,2073,FGFR2
2062,FGF22,2076,FGFRL1
2063,FGF23,2072,FGFR1
2063,FGF23,2073,FGFR2
2063,FGF23,2074,FGFR3
2063,FGF23,2075,FGFR4
2063,FGF23,3120,KL
2063,FGF23,4411,PHEX
2064,FGF3,2072,FGFR1
2064,FGF3,2073,FGFR2
2064,FGF3,2074,FGFR3
2064,FGF3,2075,FGFR4
2064,FGF3,2076,FGFRL1
2064,FGF3,2139,FOXI1
2064,FGF3,5581,SIX1
2065,FGF4,2072,FGFR1
2065,FGF4,2073,FGFR2
2065,FGF4,2074,FGFR3
2065,FGF4,2075,FGFR4
2065,FGF4,2076,FGFRL1
2065,FGF4,4049,NRP1
2066,FGF5,2072,FGFR1
2066,FGF5,2073,FGFR2
2066,FGF5,2074,FGFR3
2066,FGF5,2075,FGFR4
2067,FGF6,2072,FGFR1
2067,FGF6,2073,FGFR2
2067,FGF6,2074,FGFR3
2067,FGF6,2075,FGFR4
2067,FGF6,5406,SDC4
2068,FGF7,2072,FGFR1
2068,FGF7,2073,FGFR2
2068,FGF7,2074,FGFR3
2068,FGF7,2075,FGFR4
2068,FGF7,4049,NRP1
2069,FGF8,2072,FGFR1
2069,FGF8,2073,FGFR2
2069,FGF8,2074,FGFR3
2069,FGF8,2075,FGFR4
2069,FGF8,2076,FGFRL1
2069,FGF8,5014,RARA
2070,FGF9,2072,FGFR1
2070,FGF9,2073,FGFR2
2070,FGF9,2074,FGFR3
2070,FGF9,2075,FGFR4
2071,FGFBP1,2580,HIC1
2072,FGFR1,2073,FGFR2
2072,FGFR1,2076,FGFRL1
2072,FGFR1,2079,FGR
2072,FGFR1,2098,FLG
2072,FGFR1,2158,FRS2
2072,FGFR1,2159,FRS3
2072,FGFR1,2434,GRB14
2072,FGFR1,2709,HSPG2
2072,FGFR1,2783,IGF1R
2072,FGFR1,2909,INSR
2072,FGFR1,2967,ITGB4
2072,FGFR1,3120,KL
2072,FGFR1,3182,L1CAM
2072,FGFR1,3225,LDHA
2072,FGFR1,3465,MAPK1
2072,FGFR1,3470,MAPK14
2072,FGFR1,3472,MAPK3
2072,FGFR1,3646,MMP2
2072,FGFR1,3812,NCAM1
2072,FGFR1,4325,PDGFRA
2072,FGFR1,4335,PDK1
2072,FGFR1,4342,PDP1
2072,FGFR1,4535,PLCG1
2072,FGFR1,4741,PRKCE
2072,FGFR1,4857,PTK7
2072,FGFR1,5283,RPS6KA3
2072,FGFR1,5406,SDC4
2072,FGFR1,5506,SH2D2A
2072,FGFR1,5526,SHB
2072,FGFR1,5795,SPARC
2072,FGFR1,5969,SYNCRIP
2072,FGFR1,6222,TNFRSF12A
2073,FGFR2,2158,FRS2
2073,FGFR2,2431,GRAP
2073,FGFR2,2435,GRB2
2073,FGFR2,3182,L1CAM
2073,FGFR2,3472,MAPK3
2073,FGFR2,3812,NCAM1
2073,FGFR2,3862,NEGR1
2073,FGFR2,4383,PF4
2073,FGFR2,4535,PLCG1
2073,FGFR2,4741,PRKCE
2073,FGFR2,4837,PTEN
2073,FGFR2,4991,RAMP1
2073,FGFR2,5406,SDC4
2073,FGFR2,6151,TIMP1
2074,FGFR3,2694,HSP90AA1
2074,FGFR3,2783,IGF1R
2074,FGFR3,2839,IL1RAPL2
2074,FGFR3,3120,KL
2074,FGFR3,3360,LRRTM2
2074,FGFR3,4535,PLCG1
2074,FGFR3,4837,PTEN
2074,FGFR3,5283,RPS6KA3
2074,FGFR3,5406,SDC4
2074,FGFR3,5883,STAT1
2074,FGFR3,5885,STAT3
2074,FGFR3,6087,TET2
2075,FGFR4,2158,FRS2
2075,FGFR4,2388,GPC3
2075,FGFR4,2389,GPC4
2075,FGFR4,2391,GPC6
2075,FGFR4,3120,KL
2075,FGFR4,3187,LAIR1
2075,FGFR4,3188,LAIR2
2075,FGFR4,3268,LILRA6
2075,FGFR4,3360,LRRTM2
2075,FGFR4,3523,MCAM
2075,FGFR4,4054,NRXN2
2075,FGFR4,4055,NRXN3
2075,FGFR4,4535,PLCG1
2075,FGFR4,4801,PSG7
2075,FGFR4,4802,PSG9
2075,FGFR4,4884,PTPRD
2075,FGFR4,4894,PTPRS
2075,FGFR4,5406,SDC4
2075,FGFR4,5551,SIGLEC15
2075,FGFR4,5883,STAT1
2075,FGFR4,5885,STAT3
2075,FGFR4,6566,UNC5A
2076,FGFRL1,2383,GP6
2076,FGFRL1,2389,GPC4
2076,FGFRL1,2391,GPC6
2076,FGFRL1,4017,NR0B2
2076,FGFRL1,4054,NRXN2
2076,FGFRL1,4055,NRXN3
2076,FGFRL1,4567,PLVAP
2077,FGG,2117,FN1
2077,FGG,2948,ITGA2B
2077,FGG,2951,ITGA5
2077,FGG,2960,ITGAV
2077,FGG,2962,ITGB1
2077,FGG,2964,ITGB2
2077,FGG,2965,ITGB3
2077,FGG,3641,MMP13
2077,FGG,3642,MMP14
2077,FGG,6177,TLR4
2077,FGG,6629,VCAM1
2077,FGG,6665,VTN
2077,FGG,6666,VWF
2078,FGL1,3186,LAG3
2079,FGR,2181,FYN
2079,FGR,2348,GNAI1
2079,FGR,2349,GNAI2
2079,FGR,2350,GNAI3
2079,FGR,2530,HCLS1
2079,FGR,2909,INSR
2079,FGR,3470,MAPK14
2079,FGR,4467,PIK3R1
2079,FGR,4468,PIK3R2
2079,FGR,4539,PLD2
2079,FGR,4854,PTK2
2079,FGR,4855,PTK2B
2079,FGR,4912,PXN
2079,FGR,5144,RIPK2
2079,FGR,5409,SDHA
2079,FGR,5528,SHC1
2079,FGR,5728,SNCA
2079,FGR,5827,SRC
2080,FH,4183,PAK4
2080,FH,4726,PRKAA1
2080,FH,4751,PRKDC
2081,FHIT,5827,SRC
2082,FHL1,4445,PIAS1
2082,FHL1,5058,RBPJ
2082,FHL1,5138,RING1
2082,FHL1,5827,SRC
2082,FHL1,6183,TLX1
2083,FHL2,5120,RHOA
2083,FHL2,5801,SPHK1
2085,FHOD1,3472,MAPK3
2085,FHOD1,4752,PRKG1
2085,FHOD1,5245,ROCK1
2085,FHOD1,5827,SRC
2087,FIG4,6615,VAC14
2088,FILIP1L,2103,FLNC
2089,FIP1L1,2783,IGF1R
2089,FIP1L1,3470,MAPK14
2089,FIP1L1,4192,PAPOLA
2090,FIZ1,4048,NRL
2091,FKBP15,6690,WIPF1
2092,FKBP1A,4701,PPP3R1
2092,FKBP1A,6115,TGFBR1
2093,FKBP4,4698,PPP3CA
2093,FKBP4,4870,PTPN2
2094,FKBP5,3470,MAPK14
2094,FKBP5,4030,NR3C1
2095,FKBP6,2233,GAPDH
2096,FKBP8,2529,HCK
2096,FKBP8,3719,MTOR
2096,FKBP8,5117,RHEB
2097,FLCN,2694,HSP90AA1
2097,FLCN,2695,HSP90AB1
2097,FLCN,2697,HSPA1A
2097,FLCN,4727,PRKAA2
2097,FLCN,5293,RRAGC
2097,FLCN,5294,RRAGD
2097,FLCN,6562,ULK1
2098,FLG,3470,MAPK14
2099,FLI1,2240,GATA1
2099,FLI1,2537,HDAC1
2099,FLI1,3013,KAT2B
2099,FLI1,3124,KLF1
2099,FLI1,4740,PRKCD
2100,FLII,2477,GSK3B
2100,FLII,3476,MAPK8
2100,FLII,5500,SGK3
2100,FLII,6562,ULK1
2101,FLNA,2181,FYN
2101,FLNA,2464,GRM4
2101,FLNA,2465,GRM5
2101,FLNA,2467,GRM7
2101,FLNA,2468,GRM8
2101,FLNA,2477,GSK3B
2101,FLNA,3030,KCND2
2101,FLNA,3440,MAP2K4
2101,FLNA,3443,MAP2K7
2101,FLNA,3470,MAPK14
2101,FLNA,3495,MAS1
2101,FLNA,3717,MTNR1A
2101,FLNA,3718,MTNR1B
2101,FLNA,4123,OPRM1
2101,FLNA,4179,PAK1
2101,FLNA,4698,PPP3CA
2101,FLNA,4699,PPP3CB
2101,FLNA,4700,PPP3CC
2101,FLNA,4729,PRKACA
2101,FLNA,4730,PRKACB
2101,FLNA,4738,PRKCA
2101,FLNA,4739,PRKCB
2101,FLNA,5248,ROR2
2101,FLNA,5281,RPS6KA1
2101,FLNA,5282,RPS6KA2
2101,FLNA,5283,RPS6KA3
2101,FLNA,5801,SPHK1
2102,FLNB,3216,LCK
2102,FLNB,4739,PRKCB
2103,FLNC,4738,PRKCA
2104,FLOT1,2181,FYN
2104,FLOT1,3246,LGI3
2104,FLOT1,4738,PRKCA
2104,FLOT1,5827,SRC
2105,FLOT2,6782,ZDHHC5
2106,FLRT1,6566,UNC5A
2106,FLRT1,6567,UNC5B
2106,FLRT1,6568,UNC5C
2106,FLRT1,6569,UNC5D
2107,FLRT2,2112,FLT4
2107,FLRT2,6566,UNC5A
2107,FLRT2,6567,UNC5B
2107,FLRT2,6568,UNC5C
2107,FLRT2,6569,UNC5D
2108,FLRT3,5670,SLIT1
2108,FLRT3,6566,UNC5A
2108,FLRT3,6567,UNC5B
2108,FLRT3,6568,UNC5C
2108,FLRT3,6569,UNC5D
2109,FLT1,2388,GPC3
2109,FLT1,2389,GPC4
2109,FLT1,2577,HHEX
2109,FLT1,2909,INSR
2109,FLT1,4049,NRP1
2109,FLT1,4323,PDGFC
2109,FLT1,4400,PGF
2109,FLT1,4452,PIGF
2109,FLT1,4535,PLCG1
2109,FLT1,4552,PLG
2109,FLT1,4865,PTPN11
2109,FLT1,4889,PTPRJ
2109,FLT1,5718,SMYD3
2109,FLT1,6320,TREM2
2109,FLT1,6637,VEGFA
2109,FLT1,6638,VEGFB
2109,FLT1,6639,VEGFC
2110,FLT3,2111,FLT3LG
2110,FLT3,2433,GRB10
2110,FLT3,2435,GRB2
2110,FLT3,2747,IDH1
2110,FLT3,2748,IDH2
2110,FLT3,3118,KIT
2110,FLT3,3216,LCK
2110,FLT3,4335,PDK1
2110,FLT3,4475,PIM1
2110,FLT3,4865,PTPN11
2110,FLT3,5528,SHC1
2110,FLT3,5574,SIRT3
2110,FLT3,5593,SLA2
2110,FLT3,5887,STAT5A
2112,FLT4,2117,FN1
2112,FLT4,2881,ILDR2
2112,FLT4,3076,KDR
2112,FLT4,3269,LILRB1
2112,FLT4,3386,LYN
2112,FLT4,3723,MUC15
2112,FLT4,4050,NRP2
2112,FLT4,5283,RPS6KA3
2112,FLT4,5528,SHC1
2112,FLT4,5827,SRC
2112,FLT4,6211,TNF
2112,FLT4,6639,VEGFC
2113,FMN2,3470,MAPK14
2114,FMNL2,4738,PRKCA
2115,FMO1,2630,HNF4A
2116,FMR1,4179,PAK1
2116,FMR1,5287,RPS6KB1
2116,FMR1,5522,SHANK1
2117,FN1,2825,IL17RC
2117,FN1,2947,ITGA2
2117,FN1,2948,ITGA2B
2117,FN1,2949,ITGA3
2117,FN1,2950,ITGA4
2117,FN1,2951,ITGA5
2117,FN1,2952,ITGA6
2117,FN1,2954,ITGA8
2117,FN1,2955,ITGA9
2117,FN1,2960,ITGAV
2117,FN1,2962,ITGB1
2117,FN1,2965,ITGB3
2117,FN1,2969,ITGB6
2117,FN1,2970,ITGB7
2117,FN1,2971,ITGB8
2117,FN1,3342,LRP4
2117,FN1,3413,MAG
2117,FN1,3891,NFIA
2117,FN1,4063,NT5E
2117,FN1,4212,PAX6
2117,FN1,4529,PLAUR
2117,FN1,4552,PLG
2117,FN1,5244,ROBO4
2117,FN1,5403,SDC1
2117,FN1,5404,SDC2
2117,FN1,5406,SDC4
2117,FN1,5463,SERPINA5
2117,FN1,6208,TMPRSS6
2117,FN1,6221,TNFRSF11B
2117,FN1,6428,TSHR
2117,FN1,6630,VCAN
2118,FNBP1,2909,INSR
2118,FNBP1,4739,PRKCB
2118,FNBP1,4751,PRKDC
2118,FNBP1,5283,RPS6KA3
2118,FNBP1,5827,SRC
2119,FNBP4,2477,GSK3B
2119,FNBP4,3470,MAPK14
2119,FNBP4,5283,RPS6KA3
2120,FNDC5,2960,ITGAV
2120,FNDC5,2968,ITGB5
2121,FNIP1,2694,HSP90AA1
2121,FNIP1,2695,HSP90AB1
2122,FNIP2,2694,HSP90AA1
2122,FNIP2,2695,HSP90AB1
2123,FNTA,2682,HRAS
2123,FNTA,3169,KRAS
2123,FNTA,3681,MRAS
2123,FNTA,6115,TGFBR1
2124,FNTB,2682,HRAS
2124,FNTB,3169,KRAS
2124,FNTB,3681,MRAS
2125,FOS,2143,FOXL2
2125,FOS,2144,FOXM1
2125,FOS,2800,IKBKB
2125,FOS,3006,JUN
2125,FOS,3438,MAP2K2
2125,FOS,3465,MAPK1
2125,FOS,3470,MAPK14
2125,FOS,3472,MAPK3
2125,FOS,3475,MAPK7
2125,FOS,3480,MAPK9
2125,FOS,3883,NFAT5
2125,FOS,4729,PRKACA
2125,FOS,4738,PRKCA
2125,FOS,5281,RPS6KA1
2125,FOS,5282,RPS6KA2
2125,FOS,5283,RPS6KA3
2125,FOS,5284,RPS6KA4
2125,FOS,5688,SMAD4
2125,FOS,5827,SRC
2125,FOS,6513,UBE2I
2127,FOSL1,2477,GSK3B
2127,FOSL1,4740,PRKCD
2127,FOSL1,4745,PRKCQ
2127,FOSL1,6577,USF1
2128,FOSL2,2477,GSK3B
2128,FOSL2,3480,MAPK9
2129,FOXA1,3892,NFIB
2129,FOXA1,3895,NFIX
2129,FOXA1,5014,RARA
2129,FOXA1,5687,SMAD3
2130,FOXA2,4146,OTX2
2130,FOXA2,6100,TFF1
2131,FOXC1,3470,MAPK14
2131,FOXC1,5058,RBPJ
2132,FOXC2,3470,MAPK14
2133,FOXD3,3802,NANOG
2134,FOXE3,3396,MAB21L1
2134,FOXE3,4212,PAX6
2135,FOXF1,2144,FOXM1
2136,FOXF2,2489,GTF2B
2136,FOXF2,6039,TBP
2137,FOXG1,2146,FOXO1
2137,FOXG1,3073,KDM5B
2138,FOXH1,5686,SMAD2
2139,FOXI1,4214,PAX8
2139,FOXI1,5581,SIX1
2140,FOXI2,3972,NOTCH1
2140,FOXI2,6699,WNT1
2141,FOXJ1,5100,RFX3
2143,FOXL2,2162,FSHB
2143,FOXL2,2477,GSK3B
2143,FOXL2,2751,IER3
2143,FOXL2,2807,IL11
2143,FOXL2,4036,NR5A2
2143,FOXL2,4179,PAK1
2143,FOXL2,4638,PPARGC1A
2143,FOXL2,4848,PTGS2
2143,FOXL2,5283,RPS6KA3
2143,FOXL2,5572,SIRT1
2143,FOXL2,5762,SOD2
2143,FOXL2,5878,STAR
2143,FOXL2,6213,TNFAIP3
2143,FOXL2,6513,UBE2I
2144,FOXM1,2477,GSK3B
2144,FOXM1,2962,ITGB1
2144,FOXM1,3190,LAMA2
2144,FOXM1,3192,LAMA4
2144,FOXM1,3470,MAPK14
2144,FOXM1,3515,MBP
2144,FOXM1,3646,MMP2
2144,FOXM1,3745,MYC
2144,FOXM1,4116,ONECUT1
2144,FOXM1,4359,PECAM1
2144,FOXM1,4556,PLK1
2144,FOXM1,4766,PROC
2144,FOXM1,5591,SKP2
2144,FOXM1,5633,SLC2A2
2144,FOXM1,6637,VEGFA
2144,FOXM1,6743,XRCC1
2145,FOXN2,5283,RPS6KA3
2146,FOXO1,2476,GSK3A
2146,FOXO1,2477,GSK3B
2146,FOXO1,2653,HOXA10
2146,FOXO1,2787,IGFBP1
2146,FOXO1,2833,IL1B
2146,FOXO1,3131,KLF2
2146,FOXO1,3133,KLF4
2146,FOXO1,3424,MAML1
2146,FOXO1,3465,MAPK1
2146,FOXO1,3470,MAPK14
2146,FOXO1,3835,NCOR2
2146,FOXO1,3970,NOS3
2146,FOXO1,3981,NOXA1
2146,FOXO1,4022,NR1I2
2146,FOXO1,4023,NR1I3
2146,FOXO1,4179,PAK1
2146,FOXO1,4278,PCK1
2146,FOXO1,4279,PCK2
2146,FOXO1,4404,PGR
2146,FOXO1,4475,PIM1
2146,FOXO1,4508,PKN1
2146,FOXO1,4635,PPARA
2146,FOXO1,4637,PPARG
2146,FOXO1,4726,PRKAA1
2146,FOXO1,4738,PRKCA
2146,FOXO1,4753,PRKG2
2146,FOXO1,4756,PRL
2146,FOXO1,5283,RPS6KA3
2146,FOXO1,5397,SCP2
2146,FOXO1,5431,SELL
2146,FOXO1,5498,SGK1
2146,FOXO1,5499,SGK2
2146,FOXO1,5500,SGK3
2146,FOXO1,5572,SIRT1
2146,FOXO1,5573,SIRT2
2146,FOXO1,5591,SKP2
2146,FOXO1,5687,SMAD3
2146,FOXO1,5885,STAT3
2146,FOXO1,5911,STK4
2146,FOXO1,6054,TCF4
2146,FOXO1,6237,TNFSF10
2146,FOXO1,6380,TRIM63
2146,FOXO1,6425,TSC22D3
2146,FOXO1,6606,USP7
2146,FOXO1,6762,YWHAH
2147,FOXO3,2219,GADD45A
2147,FOXO3,2537,HDAC1
2147,FOXO3,2743,ID1
2147,FOXO3,2800,IKBKB
2147,FOXO3,2801,IKBKE
2147,FOXO3,3133,KLF4
2147,FOXO3,3465,MAPK1
2147,FOXO3,3470,MAPK14
2147,FOXO3,3472,MAPK3
2147,FOXO3,3476,MAPK8
2147,FOXO3,3483,MAPKAPK5
2147,FOXO3,3970,NOS3
2147,FOXO3,4463,PIK3CA
2147,FOXO3,4475,PIM1
2147,FOXO3,4480,PINK1
2147,FOXO3,4684,PPP2CA
2147,FOXO3,4702,PPP4C
2147,FOXO3,4714,PRDX3
2147,FOXO3,4726,PRKAA1
2147,FOXO3,4727,PRKAA2
2147,FOXO3,4728,PRKAB1
2147,FOXO3,5042,RBL2
2147,FOXO3,5283,RPS6KA3
2147,FOXO3,5397,SCP2
2147,FOXO3,5498,SGK1
2147,FOXO3,5499,SGK2
2147,FOXO3,5500,SGK3
2147,FOXO3,5528,SHC1
2147,FOXO3,5572,SIRT1
2147,FOXO3,5762,SOD2
2147,FOXO3,5911,STK4
2147,FOXO3,6237,TNFSF10
2147,FOXO3,6425,TSC22D3
2147,FOXO3,6763,YWHAQ
2148,FOXO4,3476,MAPK8
2148,FOXO4,3480,MAPK9
2148,FOXO4,4726,PRKAA1
2148,FOXO4,4738,PRKCA
2148,FOXO4,4985,RALA
2148,FOXO4,5283,RPS6KA3
2148,FOXO4,5498,SGK1
2148,FOXO4,5572,SIRT1
2148,FOXO4,5911,STK4
2148,FOXO4,6425,TSC22D3
2149,FOXP1,2843,IL2
2149,FOXP1,3151,KLK3
2149,FOXP1,5495,SFTPC
2150,FOXP2,6040,TBR1
2151,FOXP3,2477,GSK3B
2151,FOXP3,3216,LCK
2151,FOXP3,4475,PIM1
2151,FOXP3,5687,SMAD3
2151,FOXP3,5887,STAT5A
2152,FPR1,2346,GNA14
2152,FPR1,2348,GNAI1
2152,FPR1,2349,GNAI2
2152,FPR1,2350,GNAI3
2152,FPR1,3470,MAPK14
2152,FPR1,4751,PRKDC
2152,FPR1,5347,SAA1
2153,FPR2,2346,GNA14
2153,FPR2,2350,GNAI3
2153,FPR2,5347,SAA1
2154,FPR3,2551,HEBP1
2155,FRAT1,2477,GSK3B
2155,FRAT1,4729,PRKACA
2155,FRAT1,4738,PRKCA
2156,FRAT2,2477,GSK3B
2157,FRK,4837,PTEN
2158,FRS2,2431,GRAP
2158,FRS2,2435,GRB2
2158,FRS2,3465,MAPK1
2158,FRS2,4072,NTRK1
2158,FRS2,4865,PTPN11
2158,FRS2,5085,RET
2159,FRS3,2909,INSR
2159,FRS3,4073,NTRK2
2160,FRZB,3780,MYOC
2160,FRZB,6699,WNT1
2160,FRZB,6709,WNT5A
2160,FRZB,6714,WNT8A
2161,FSCN1,4738,PRKCA
2161,FSCN1,4740,PRKCD
2162,FSHB,2163,FSHR
2162,FSHB,2411,GPR20
2162,FSHB,2422,GPR84
2162,FSHB,3256,LHX3
2162,FSHB,3257,LHX4
2162,FSHB,4850,PTH1R
2162,FSHB,4992,RAMP2
2162,FSHB,4993,RAMP3
2162,FSHB,6428,TSHR
2162,FSHB,6646,VIPR1
2164,FST,2263,GDF11
2164,FST,2897,INHBA
2164,FST,3703,MSTN
2166,FSTL3,3703,MSTN
2167,FSTL5,2383,GP6
2167,FSTL5,2874,IL6R
2167,FSTL5,3263,LILRA1
2167,FSTL5,3270,LILRB2
2167,FSTL5,5413,SDK2
2167,FSTL5,5553,SIGLEC6
2168,FTH1,3890,NFE2L2
2169,FTL,3890,NFE2L2
2171,FUBP1,2477,GSK3B
2171,FUBP1,2909,INSR
2171,FUBP1,3476,MAPK8
2171,FUBP1,3745,MYC
2171,FUBP1,4904,PUF60
2172,FUNDC1,5827,SRC
2172,FUNDC1,6562,ULK1
2173,FURIN,2909,INSR
2173,FURIN,2977,ITM2C
2173,FURIN,3335,LRP1
2173,FURIN,3972,NOTCH1
2173,FURIN,4321,PDGFA
2173,FURIN,4580,PMCH
2173,FURIN,5768,SORCS1
2173,FURIN,6666,VWF
2174,FUS,2181,FYN
2174,FUS,2274,GEMIN4
2174,FUS,2275,GEMIN6
2174,FUS,3506,MATR3
2174,FUS,4164,PA2G4
2174,FUS,4739,PRKCB
2174,FUS,4751,PRKDC
2174,FUS,4760,PRMT1
2174,FUS,5348,SAFB
2174,FUS,5485,SF1
2174,FUS,5522,SHANK1
2174,FUS,5740,SNRNP70
2174,FUS,6259,TNPO1
2175,FUT11,2477,GSK3B
2175,FUT11,3476,MAPK8
2176,FXN,5827,SRC
2177,FXR1,2909,INSR
2178,FXYD1,4188,PAM
2178,FXYD1,4729,PRKACA
2178,FXYD1,4738,PRKCA
2179,FXYD6,2270,GDF9
2180,FYCO1,3123,KLC2
2180,FYCO1,3432,MAP1LC3A
2180,FYCO1,3433,MAP1LC3B
2180,FYCO1,4952,RAB7A
2181,FYN,2196,G6PD
2181,FYN,2239,GAST
2181,FYN,2433,GRB10
2181,FYN,2442,GRIA1
2181,FYN,2450,GRIN2A
2181,FYN,2451,GRIN2B
2181,FYN,2494,GTF2I
2181,FYN,2529,HCK
2181,FYN,2700,HSPA4
2181,FYN,2756,IFITM3
2181,FYN,2783,IGF1R
2181,FYN,2909,INSR
2181,FYN,2933,IRS1
2181,FYN,2943,ITCH
2181,FYN,2962,ITGB1
2181,FYN,2980,ITPR1
2181,FYN,2985,ITSN2
2181,FYN,3009,JUP
2181,FYN,3118,KIT
2181,FYN,3207,LAT
2181,FYN,3216,LCK
2181,FYN,3221,LCP2
2181,FYN,3225,LDHA
2181,FYN,3226,LDHB
2181,FYN,3323,LPP
2181,FYN,3324,LPXN
2181,FYN,3386,LYN
2181,FYN,3413,MAG
2181,FYN,3436,MAP2
2181,FYN,3470,MAPK14
2181,FYN,3487,MAPT
2181,FYN,3508,MAX
2181,FYN,3563,MED28
2181,FYN,3702,MST1R
2181,FYN,3890,NFE2L2
2181,FYN,3954,NMT1
2181,FYN,3992,NPHS1
2181,FYN,4073,NTRK2
2181,FYN,4175,PAG1
2181,FYN,4326,PDGFRB
2181,FYN,4359,PECAM1
2181,FYN,4399,PGD
2181,FYN,4467,PIK3R1
2181,FYN,4468,PIK3R2
2181,FYN,4535,PLCG1
2181,FYN,4536,PLCG2
2181,FYN,4539,PLD2
2181,FYN,4571,PLXNA2
2181,FYN,4707,PRC1
2181,FYN,4727,PRKAA2
2181,FYN,4729,PRKACA
2181,FYN,4738,PRKCA
2181,FYN,4740,PRKCD
2181,FYN,4745,PRKCQ
2181,FYN,4772,PROM1
2181,FYN,4854,PTK2
2181,FYN,4855,PTK2B
2181,FYN,4865,PTPN11
2181,FYN,4869,PTPN18
2181,FYN,4870,PTPN2
2181,FYN,4876,PTPN5
2181,FYN,4877,PTPN6
2181,FYN,4880,PTPRA
2181,FYN,4882,PTPRC
2181,FYN,4885,PTPRE
2181,FYN,4886,PTPRF
2181,FYN,4889,PTPRJ
2181,FYN,4895,PTPRT
2181,FYN,5283,RPS6KA3
2181,FYN,5313,RTN4
2181,FYN,5390,SCN5A
2181,FYN,5392,SCN9A
2181,FYN,5405,SDC3
2181,FYN,5406,SDC4
2181,FYN,5509,SH3BP2
2181,FYN,5528,SHC1
2181,FYN,5579,SIT1
2181,FYN,5586,SKAP1
2181,FYN,5587,SKAP2
2181,FYN,5594,SLAMF1
2181,FYN,5679,SLK
2181,FYN,5711,SMO
2181,FYN,5728,SNCA
2181,FYN,5808,SPN
2181,FYN,5827,SRC
2181,FYN,5874,STAM2
2181,FYN,5899,STK11
2181,FYN,5964,SYK
2181,FYN,6112,TGFB1I1
2181,FYN,6140,THY1
2181,FYN,6251,TNK2
2181,FYN,6267,TOM1L1
2181,FYN,6317,TRAT1
2181,FYN,6404,TRPC4
2181,FYN,6407,TRPC6
2181,FYN,6419,TRPV4
2181,FYN,6463,TUBA1A
2181,FYN,6464,TUBA1B
2181,FYN,6484,TXK
2181,FYN,6489,TYK2
2181,FYN,6626,VAV1
2181,FYN,6627,VAV2
2181,FYN,6632,VCP
2181,FYN,6668,WAS
2182,FZD1,3398,MACROD1
2182,FZD1,3780,MYOC
2182,FZD1,6699,WNT1
2182,FZD1,6700,WNT10A
2182,FZD1,6701,WNT10B
2182,FZD1,6704,WNT2
2182,FZD1,6706,WNT3
2182,FZD1,6707,WNT3A
2182,FZD1,6708,WNT4
2182,FZD1,6709,WNT5A
2182,FZD1,6711,WNT6
2182,FZD1,6712,WNT7A
2182,FZD1,6713,WNT7B
2183,FZD10,3780,MYOC
2183,FZD10,6699,WNT1
2183,FZD10,6707,WNT3A
2183,FZD10,6712,WNT7A
2183,FZD10,6713,WNT7B
2183,FZD10,6716,WNT9A
2183,FZD10,6717,WNT9B
2184,FZD2,3343,LRP5
2184,FZD2,3344,LRP6
2184,FZD2,5231,RNF43
2184,FZD2,5490,SFRP1
2184,FZD2,6699,WNT1
2184,FZD2,6701,WNT10B
2184,FZD2,6703,WNT16
2184,FZD2,6704,WNT2
2184,FZD2,6707,WNT3A
2184,FZD2,6708,WNT4
2184,FZD2,6709,WNT5A
2184,FZD2,6710,WNT5B
2184,FZD2,6840,ZNRF3
2185,FZD3,2344,GNA12
2185,FZD3,2345,GNA13
2185,FZD3,2353,GNAQ
2185,FZD3,2358,GNB1
2185,FZD3,2360,GNB3
2185,FZD3,2366,GNGT1
2185,FZD3,3356,LRRK2
2185,FZD3,3780,MYOC
2185,FZD3,3940,NLK
2185,FZD3,5120,RHOA
2185,FZD3,6699,WNT1
2185,FZD3,6700,WNT10A
2185,FZD3,6701,WNT10B
2185,FZD3,6702,WNT11
2185,FZD3,6703,WNT16
2185,FZD3,6704,WNT2
2185,FZD3,6705,WNT2B
2185,FZD3,6706,WNT3
2185,FZD3,6707,WNT3A
2185,FZD3,6708,WNT4
2185,FZD3,6709,WNT5A
2185,FZD3,6710,WNT5B
2185,FZD3,6711,WNT6
2185,FZD3,6712,WNT7A
2185,FZD3,6713,WNT7B
2185,FZD3,6714,WNT8A
2185,FZD3,6715,WNT8B
2185,FZD3,6716,WNT9A
2185,FZD3,6717,WNT9B
2186,FZD4,3343,LRP5
2186,FZD4,3344,LRP6
2186,FZD4,3780,MYOC
2186,FZD4,3847,NDP
2186,FZD4,5306,RSPO2
2186,FZD4,6699,WNT1
2186,FZD4,6704,WNT2
2186,FZD4,6705,WNT2B
2186,FZD4,6709,WNT5A
2186,FZD4,6711,WNT6
2186,FZD4,6713,WNT7B
2186,FZD4,6714,WNT8A
2186,FZD4,6716,WNT9A
2186,FZD4,6717,WNT9B
2186,FZD4,6840,ZNRF3
2187,FZD5,3343,LRP5
2187,FZD5,3344,LRP6
2187,FZD5,5402,SCYL2
2187,FZD5,5491,SFRP2
2187,FZD5,6699,WNT1
2187,FZD5,6700,WNT10A
2187,FZD5,6701,WNT10B
2187,FZD5,6704,WNT2
2187,FZD5,6706,WNT3
2187,FZD5,6707,WNT3A
2187,FZD5,6709,WNT5A
2187,FZD5,6712,WNT7A
2187,FZD5,6713,WNT7B
2187,FZD5,6714,WNT8A
2187,FZD5,6717,WNT9B
2187,FZD5,6840,ZNRF3
2188,FZD6,5490,SFRP1
2188,FZD6,6699,WNT1
2188,FZD6,6702,WNT11
2188,FZD6,6703,WNT16
2188,FZD6,6707,WNT3A
2188,FZD6,6708,WNT4
2188,FZD6,6709,WNT5A
2188,FZD6,6710,WNT5B
2188,FZD6,6840,ZNRF3
2189,FZD7,2354,GNAS
2189,FZD7,3780,MYOC
2189,FZD7,4508,PKN1
2189,FZD7,4765,PRNP
2189,FZD7,6699,WNT1
2189,FZD7,6701,WNT10B
2189,FZD7,6702,WNT11
2189,FZD7,6704,WNT2
2189,FZD7,6705,WNT2B
2189,FZD7,6706,WNT3
2189,FZD7,6707,WNT3A
2189,FZD7,6709,WNT5A
2189,FZD7,6711,WNT6
2189,FZD7,6712,WNT7A
2189,FZD7,6714,WNT8A
2190,FZD8,2789,IGFBP4
2190,FZD8,3343,LRP5
2190,FZD8,3344,LRP6
2190,FZD8,5305,RSPO1
2190,FZD8,5307,RSPO3
2190,FZD8,5330,RYK
2190,FZD8,6699,WNT1
2190,FZD8,6700,WNT10A
2190,FZD8,6702,WNT11
2190,FZD8,6704,WNT2
2190,FZD8,6706,WNT3
2190,FZD8,6707,WNT3A
2190,FZD8,6708,WNT4
2190,FZD8,6709,WNT5A
2190,FZD8,6710,WNT5B
2190,FZD8,6713,WNT7B
2190,FZD8,6714,WNT8A
2190,FZD8,6717,WNT9B
2190,FZD8,6840,ZNRF3
2191,FZD9,6699,WNT1
2191,FZD9,6704,WNT2
2191,FZD9,6709,WNT5A
2191,FZD9,6712,WNT7A
2192,FZR1,3402,MAD2L2
2192,FZR1,3476,MAPK8
2192,FZR1,4388,PFKFB3
2192,FZR1,4475,PIM1
2192,FZR1,6521,UBE2S
2192,FZR1,6600,USP37
2193,G2E3,6513,UBE2I
2194,G3BP1,2195,G3BP2
2194,G3BP1,5827,SRC
2195,G3BP2,3470,MAPK14
2195,G3BP2,3898,NFKBIA
2196,G6PD,3449,MAP3K14
2196,G6PD,4112,OGT
2196,G6PD,4556,PLK1
2196,G6PD,4740,PRKCD
2196,G6PD,5576,SIRT5
2196,G6PD,5827,SRC
2196,G6PD,6275,TP53
2197,GAB1,2435,GRB2
2197,GAB1,2909,INSR
2197,GAB1,3465,MAPK1
2197,GAB1,3472,MAPK3
2197,GAB1,3580,MET
2197,GAB1,4326,PDGFRB
2197,GAB1,4463,PIK3CA
2197,GAB1,4535,PLCG1
2197,GAB1,4864,PTPN1
2197,GAB1,4865,PTPN11
2197,GAB1,5827,SRC
2198,GAB2,2432,GRAP2
2198,GAB2,2435,GRB2
2198,GAB2,2529,HCK
2198,GAB2,2875,IL6ST
2198,GAB2,2991,JAK2
2198,GAB2,3207,LAT
2198,GAB2,3216,LCK
2198,GAB2,3221,LCP2
2198,GAB2,3386,LYN
2198,GAB2,3465,MAPK1
2198,GAB2,3472,MAPK3
2198,GAB2,4463,PIK3CA
2198,GAB2,4865,PTPN11
2198,GAB2,4877,PTPN6
2198,GAB2,5827,SRC
2198,GAB2,5964,SYK
2198,GAB2,6766,ZAP70
2199,GABARAP,2394,GPHN
2199,GABARAP,3811,NBR1
2199,GABARAP,6030,TBC1D25
2199,GABARAP,6280,TP53INP1
2199,GABARAP,6417,TRPV1
2199,GABARAP,6562,ULK1
2199,GABARAP,6676,WDFY3
2200,GABARAPL1,3811,NBR1
2200,GABARAPL1,5826,SQSTM1
2201,GABARAPL2,3811,NBR1
2201,GABARAPL2,5826,SQSTM1
2201,GABARAPL2,6035,TBK1
2201,GABARAPL2,6280,TP53INP1
2201,GABARAPL2,6281,TP53INP2
2202,GABBR1,2352,GNAO1
2202,GABBR1,2359,GNB2
2202,GABBR1,2416,GPR37
2202,GABBR1,2477,GSK3B
2202,GABBR1,3103,KIF5B
2202,GABBR1,3466,MAPK10
2203,GABBR2,2360,GNB3
2203,GABBR2,3470,MAPK14
2203,GABBR2,4729,PRKACA
2204,GABPA,3077,KEAP1
2204,GABPA,3465,MAPK1
2204,GABPA,3472,MAPK3
2204,GABPA,4638,PPARGC1A
2204,GABPA,6486,TXN
2204,GABPA,6488,TXNRD1
2205,GABPB1,2528,HCFC1
2206,GABPB2,2528,HCFC1
2207,GABRA1,4229,PCDH19
2207,GABRA1,4701,PPP3R1
2207,GABRA1,4729,PRKACA
2207,GABRA1,4738,PRKCA
2207,GABRA1,5827,SRC
2208,GABRA2,4229,PCDH19
2209,GABRA3,4229,PCDH19
2210,GABRA4,4229,PCDH19
2211,GABRA5,4229,PCDH19
2212,GABRA6,4229,PCDH19
2213,GABRB1,4729,PRKACA
2213,GABRB1,4738,PRKCA
2213,GABRB1,4751,PRKDC
2213,GABRB1,5283,RPS6KA3
2214,GABRB2,2713,HTR1A
2214,GABRB2,4739,PRKCB
2214,GABRB2,4751,PRKDC
2214,GABRB2,5283,RPS6KA3
2215,GABRG2,3216,LCK
2215,GABRG2,4738,PRKCA
2215,GABRG2,4739,PRKCB
2215,GABRG2,4741,PRKCE
2215,GABRG2,5283,RPS6KA3
2216,GABRR1,3465,MAPK1
2216,GABRR1,4729,PRKACA
2216,GABRR1,4738,PRKCA
2216,GABRR1,4752,PRKG1
2217,GAD1,2464,GRM4
2217,GAD1,4660,PPP1CA
2217,GAD1,4661,PPP1CB
2217,GAD1,4662,PPP1CC
2217,GAD1,4684,PPP2CA
2217,GAD1,4685,PPP2CB
2217,GAD1,4698,PPP3CA
2217,GAD1,4699,PPP3CB
2217,GAD1,4700,PPP3CC
2217,GAD1,4729,PRKACA
2217,GAD1,4741,PRKCE
2218,GAD2,4660,PPP1CA
2218,GAD2,4661,PPP1CB
2218,GAD2,4662,PPP1CC
2218,GAD2,4684,PPP2CA
2218,GAD2,4685,PPP2CB
2218,GAD2,4698,PPP3CA
2218,GAD2,4699,PPP3CB
2218,GAD2,4700,PPP3CC
2219,GADD45A,2632,HNRNPA0
2219,GADD45A,2637,HNRNPD
2219,GADD45A,3440,MAP2K4
2219,GADD45A,3470,MAPK14
2219,GADD45A,4201,PARN
2219,GADD45A,5696,SMARCA4
2219,GADD45A,6141,TIA1
2219,GADD45A,6142,TIAL1
2219,GADD45A,6275,TP53
2219,GADD45A,6345,TRIM28
2220,GADD45B,3452,MAP3K4
2221,GADD45GIP1,3890,NFE2L2
2221,GADD45GIP1,4032,NR4A1
2222,GAK,5827,SRC
2222,GAK,6284,TP63
2223,GAL,2227,GALR1
2223,GAL,2228,GALR2
2223,GAL,2229,GALR3
2223,GAL,2404,GPR151
2223,GAL,2467,GRM7
2223,GAL,3717,MTNR1A
2224,GALM,4594,POFUT1
2226,GALP,2227,GALR1
2226,GALP,2228,GALR2
2226,GALP,2229,GALR3
2227,GALR1,2348,GNAI1
2227,GALR1,2350,GNAI3
2227,GALR1,2352,GNAO1
2228,GALR2,2344,GNA12
2228,GALR2,2345,GNA13
2228,GALR2,2346,GNA14
2228,GALR2,2347,GNA15
2228,GALR2,2348,GNAI1
2228,GALR2,2350,GNAI3
2228,GALR2,2353,GNAQ
2229,GALR3,2346,GNA14
2229,GALR3,2348,GNAI1
2229,GALR3,2350,GNAI3
2229,GALR3,2352,GNAO1
2229,GALR3,2357,GNAZ
2230,GAMT,3557,MECP2
2232,GAP43,3389,LYPLA2
2232,GAP43,3465,MAPK1
2232,GAP43,3470,MAPK14
2232,GAP43,3472,MAPK3
2232,GAP43,4738,PRKCA
2232,GAP43,4739,PRKCB
2232,GAP43,4741,PRKCE
2232,GAP43,4751,PRKDC
2233,GAPDH,2331,GLRX
2233,GAPDH,3216,LCK
2233,GAPDH,4623,POU2F1
2233,GAPDH,4726,PRKAA1
2233,GAPDH,4740,PRKCD
2233,GAPDH,5117,RHEB
2233,GAPDH,5827,SRC
2234,GAR1,6083,TERT
2235,GAS1,5535,SHH
2237,GAS2L1,3867,NEK2
2238,GAS6,2287,GGCX
2238,GAS6,3579,MERTK
2238,GAS6,6492,TYRO3
2239,GAST,5827,SRC
2240,GATA1,3465,MAPK1
2240,GATA1,3472,MAPK3
2240,GATA1,5317,RUNX1
2240,GATA1,5803,SPI1
2240,GATA1,6792,ZFPM1
2241,GATA2,3465,MAPK1
2241,GATA2,3470,MAPK14
2241,GATA2,4637,PPARG
2241,GATA2,4967,RAD21
2241,GATA2,5803,SPI1
2241,GATA2,6135,THRA
2241,GATA2,6137,THRB
2241,GATA2,6774,ZC3H12A
2242,GATA3,2804,IL10
2242,GATA3,3740,MYB
2242,GATA3,4214,PAX8
2242,GATA3,4729,PRKACA
2242,GATA3,5581,SIX1
2242,GATA3,5687,SMAD3
2242,GATA3,5711,SMO
2242,GATA3,5889,STAT6
2243,GATA4,2996,JARID2
2243,GATA4,3465,MAPK1
2243,GATA4,3472,MAPK3
2243,GATA4,4729,PRKACA
2243,GATA4,6793,ZFPM2
2244,GATA6,2476,GSK3A
2244,GATA6,2477,GSK3B
2244,GATA6,3465,MAPK1
2244,GATA6,3472,MAPK3
2245,GBF1,2477,GSK3B
2245,GBF1,3470,MAPK14
2245,GBF1,4726,PRKAA1
2246,GBGT1,3883,NFAT5
2247,GBX2,6699,WNT1
2248,GC,3340,LRP2
2249,GCC1,2984,ITSN1
2250,GCC2,2786,IGF2R
2250,GCC2,3395,M6PR
2250,GCC2,4954,RAB9A
2251,GCG,2326,GLP1R
2251,GCG,2327,GLP2R
2251,GCG,2411,GPR20
2251,GCG,2422,GPR84
2251,GCG,4850,PTH1R
2251,GCG,4992,RAMP2
2251,GCG,4993,RAMP3
2251,GCG,6428,TSHR
2251,GCG,6646,VIPR1
2252,GCH1,2253,GCHFR
2252,GCH1,2704,HSPB1
2255,GCLC,3890,NFE2L2
2255,GCLC,4803,PSIP1
2256,GCLM,3890,NFE2L2
2257,GCM1,4729,PRKACA
2257,GCM1,5455,SENP1
2258,GCNT1,5786,SP1
2260,GDE1,4650,PPM1D
2261,GDF1,5687,SMAD3
2264,GDF15,2284,GFRAL
2264,GDF15,5085,RET
2264,GDF15,5786,SP1
2264,GDF15,6275,TP53
2266,GDF3,6066,TDGF1
2267,GDF5,3962,NOG
2267,GDF5,5248,ROR2
2267,GDF5,6416,TRPS1
2270,GDF9,4127,ORAI2
2270,GDF9,6115,TGFBR1
2271,GDI1,4941,RAB3A
2272,GDNF,2280,GFRA1
2272,GDNF,2281,GFRA2
2272,GDNF,2282,GFRA3
2272,GDNF,3812,NCAM1
2272,GDNF,4729,PRKACA
2272,GDNF,5085,RET
2273,GEM,4747,PRKCZ
2273,GEM,5246,ROCK2
2273,GEM,6761,YWHAG
2273,GEM,6763,YWHAQ
2273,GEM,6764,YWHAZ
2276,GFAP,3466,MAPK10
2276,GFAP,3891,NFIA
2276,GFAP,4729,PRKACA
2276,GFAP,4738,PRKCA
2276,GFAP,4739,PRKCB
2276,GFAP,4751,PRKDC
2276,GFAP,4752,PRKG1
2276,GFAP,5245,ROCK1
2276,GFAP,5246,ROCK2
2276,GFAP,5498,SGK1
2277,GFI1,2477,GSK3B
2277,GFI1,4631,POU4F3
2277,GFI1,4774,PROX1
2277,GFI1,5803,SPI1
2277,GFI1,6770,ZBTB16
2279,GFPT1,2477,GSK3B
2279,GFPT1,3480,MAPK9
2279,GFPT1,4726,PRKAA1
2279,GFPT1,4729,PRKACA
2279,GFPT1,4738,PRKCA
2279,GFPT1,4739,PRKCB
2280,GFRA1,3812,NCAM1
2280,GFRA1,4052,NRTN
2280,GFRA1,4827,PSPN
2280,GFRA1,5085,RET
2280,GFRA1,6320,TREM2
2281,GFRA2,4052,NRTN
2281,GFRA2,4827,PSPN
2281,GFRA2,5085,RET
2282,GFRA3,4052,NRTN
2282,GFRA3,4827,PSPN
2282,GFRA3,5085,RET
2283,GFRA4,4827,PSPN
2283,GFRA4,5085,RET
2286,GGA3,6651,VPS18
2287,GGCX,4766,PROC
2287,GGCX,4773,PROS1
2287,GGCX,4775,PROZ
2290,GH1,2293,GHR
2290,GH1,3257,LHX4
2290,GH1,4759,PRLR
2291,GH2,2293,GHR
2293,GHR,2630,HNF4A
2293,GHR,2783,IGF1R
2293,GHR,2990,JAK1
2293,GHR,2991,JAK2
2293,GHR,3441,MAP2K5
2293,GHR,4864,PTPN1
2293,GHR,4870,PTPN2
2293,GHR,4874,PTPN3
2293,GHR,4879,PTPN9
2293,GHR,4881,PTPRB
2293,GHR,4888,PTPRH
2293,GHR,6489,TYK2
2294,GHRH,2295,GHRHR
2294,GHRH,2297,GHSR
2294,GHRH,2411,GPR20
2294,GHRH,2422,GPR84
2294,GHRH,4850,PTH1R
2294,GHRH,4992,RAMP2
2294,GHRH,4993,RAMP3
2294,GHRH,6428,TSHR
2294,GHRH,6646,VIPR1
2294,GHRH,6647,VIPR2
2295,GHRHR,2296,GHRL
2296,GHRL,2297,GHSR
2296,GHRL,2418,GPR39
2296,GHRL,3633,MLNR
2296,GHRL,4739,PRKCB
2296,GHRL,4841,PTGER3
2296,GHRL,4846,PTGIR
2296,GHRL,6045,TBXA2R
2297,GHSR,2346,GNA14
2297,GHSR,2348,GNAI1
2297,GHSR,2350,GNAI3
2297,GHSR,2351,GNAL
2297,GHSR,2352,GNAO1
2297,GHSR,2353,GNAQ
2297,GHSR,2354,GNAS
2297,GHSR,2357,GNAZ
2297,GHSR,3229,LEAP2
2298,GIGYF2,2433,GRB10
2298,GIGYF2,2477,GSK3B
2298,GIGYF2,3465,MAPK1
2298,GIGYF2,3470,MAPK14
2299,GIP,2301,GIPR
2299,GIP,2411,GPR20
2299,GIP,2422,GPR84
2299,GIP,2909,INSR
2299,GIP,4850,PTH1R
2299,GIP,4992,RAMP2
2299,GIP,4993,RAMP3
2299,GIP,6428,TSHR
2299,GIP,6646,VIPR1
2300,GIPC1,2951,ITGA5
2300,GIPC1,2952,ITGA6
2300,GIPC1,6286,TPBG
2300,GIPC1,6494,TYRP1
2302,GIT1,3437,MAP2K1
2302,GIT1,3503,MAT2B
2302,GIT1,4179,PAK1
2302,GIT1,4535,PLCG1
2302,GIT1,4750,PRKD3
2302,GIT1,4854,PTK2
2302,GIT1,4912,PXN
2302,GIT1,5827,SRC
2303,GIT2,4738,PRKCA
2303,GIT2,4866,PTPN12
2304,GJA1,2477,GSK3B
2304,GJA1,2783,IGF1R
2304,GJA1,3465,MAPK1
2304,GJA1,3468,MAPK12
2304,GJA1,3472,MAPK3
2304,GJA1,3475,MAPK7
2304,GJA1,3476,MAPK8
2304,GJA1,3480,MAPK9
2304,GJA1,3481,MAPKAPK2
2304,GJA1,4729,PRKACA
2304,GJA1,4738,PRKCA
2304,GJA1,4739,PRKCB
2304,GJA1,4740,PRKCD
2304,GJA1,4741,PRKCE
2304,GJA1,4742,PRKCG
2304,GJA1,4870,PTPN2
2304,GJA1,5827,SRC
2304,GJA1,6159,TJP1
2305,GJA4,4123,OPRM1
2306,GJA5,4729,PRKACA
2307,GJA8,4729,PRKACA
2308,GJB1,2477,GSK3B
2308,GJB1,3702,MST1R
2308,GJB1,4729,PRKACA
2308,GJB1,4738,PRKCA
2308,GJB1,4739,PRKCB
2308,GJB1,4752,PRKG1
2308,GJB1,5777,SOX10
2309,GJB2,2310,GJB6
2309,GJB2,5313,RTN4
2311,GJC1,6159,TJP1
2312,GJC2,2477,GSK3B
2312,GJC2,5777,SOX10
2313,GKAP1,4752,PRKG1
2313,GKAP1,6347,TRIM3
2314,GLCCI1,2477,GSK3B
2314,GLCCI1,3470,MAPK14
2314,GLCCI1,3475,MAPK7
2316,GLE1,3465,MAPK1
2317,GLG1,3662,MOG
2317,GLG1,5430,SELE
2317,GLG1,6567,UNC5B
2318,GLI1,2319,GLI2
2318,GLI1,2477,GSK3B
2318,GLI1,2537,HDAC1
2318,GLI1,2785,IGF2BP1
2318,GLI1,2943,ITCH
2318,GLI1,3009,JUP
2318,GLI1,3013,KAT2B
2318,GLI1,3105,KIF7
2318,GLI1,3451,MAP3K3
2318,GLI1,3720,MTSS1
2318,GLI1,3802,NANOG
2318,GLI1,3930,NKX2-2
2318,GLI1,4087,NUMB
2318,GLI1,4445,PIAS1
2318,GLI1,4726,PRKAA1
2318,GLI1,4727,PRKAA2
2318,GLI1,4729,PRKACA
2318,GLI1,4744,PRKCI
2318,GLI1,4832,PTCH1
2318,GLI1,5287,RPS6KB1
2318,GLI1,5498,SGK1
2318,GLI1,5907,STK36
2318,GLI1,5942,SUFU
2318,GLI1,6483,TWIST1
2318,GLI1,6564,ULK3
2318,GLI1,6805,ZIC1
2319,GLI2,2477,GSK3B
2319,GLI2,2537,HDAC1
2319,GLI2,3105,KIF7
2319,GLI2,3465,MAPK1
2319,GLI2,3802,NANOG
2319,GLI2,4445,PIAS1
2319,GLI2,4729,PRKACA
2319,GLI2,5812,SPOP
2319,GLI2,5907,STK36
2319,GLI2,5942,SUFU
2319,GLI2,6564,ULK3
2320,GLI3,2477,GSK3B
2320,GLI3,3105,KIF7
2320,GLI3,3559,MED12
2320,GLI3,4445,PIAS1
2320,GLI3,4729,PRKACA
2320,GLI3,5812,SPOP
2320,GLI3,5942,SUFU
2320,GLI3,6564,ULK3
2320,GLI3,6805,ZIC1
2320,GLI3,6807,ZIC3
2321,GLIPR2,2917,IRAK1
2322,GLIS2,2477,GSK3B
2322,GLIS2,3720,MTSS1
2322,GLIS2,4729,PRKACA
2322,GLIS2,5942,SUFU
2323,GLIS3,5942,SUFU
2324,GLMN,3580,MET
2326,GLP1R,2354,GNAS
2328,GLRA1,3465,MAPK1
2328,GLRA1,4729,PRKACA
2328,GLRA1,4738,PRKCA
2328,GLRA1,5827,SRC
2330,GLRB,5827,SRC
2331,GLRX,2800,IKBKB
2331,GLRX,2926,IRF3
2331,GLRX,3453,MAP3K5
2331,GLRX,3906,NFYA
2332,GLS,4741,PRKCE
2332,GLS,5576,SIRT5
2333,GLS2,5742,SNTA1
2333,GLS2,6025,TAX1BP3
2333,GLS2,6275,TP53
2334,GLUD1,5145,RIPK3
2334,GLUD1,5575,SIRT4
2335,GLUD2,5575,SIRT4
2336,GMCL1,4579,PMAIP1
2336,GMCL1,5885,STAT3
2337,GMFB,4729,PRKACA
2337,GMFB,4738,PRKCA
2337,GMFB,5281,RPS6KA1
2337,GMFB,5282,RPS6KA2
2337,GMFB,5283,RPS6KA3
2339,GMIP,4960,RAC1
2339,GMIP,5120,RHOA
2340,GML,6275,TP53
2341,GMNN,5812,SPOP
2342,GMPS,6275,TP53
2342,GMPS,6338,TRIM21
2343,GNA11,2371,GNRHR
2343,GNA11,2461,GRM1
2343,GNA11,4463,PIK3CA
2343,GNA11,4531,PLCB1
2343,GNA11,4532,PLCB2
2343,GNA11,5110,RGS2
2343,GNA11,6328,TRHR
2344,GNA12,2409,GPR183
2344,GNA12,2415,GPR35
2344,GNA12,2534,HCRTR1
2344,GNA12,2720,HTR2C
2344,GNA12,3314,LPAR1
2344,GNA12,3315,LPAR2
2344,GNA12,3316,LPAR3
2344,GNA12,3318,LPAR5
2344,GNA12,3319,LPAR6
2344,GNA12,3371,LTB4R
2344,GNA12,3520,MC3R
2344,GNA12,3521,MC4R
2344,GNA12,3522,MC5R
2344,GNA12,3529,MCHR2
2344,GNA12,3633,MLNR
2344,GNA12,3948,NMBR
2344,GNA12,3957,NMUR2
2344,GNA12,4153,P2RY1
2344,GNA12,4154,P2RY10
2344,GNA12,4157,P2RY13
2344,GNA12,4159,P2RY2
2344,GNA12,4161,P2RY6
2344,GNA12,4839,PTGER1
2344,GNA12,4841,PTGER3
2344,GNA12,5120,RHOA
2344,GNA12,5343,S1PR2
2344,GNA12,5860,SSTR1
2344,GNA12,5863,SSTR4
2344,GNA12,5995,TACR3
2345,GNA13,2407,GPR174
2345,GNA13,2415,GPR35
2345,GNA13,2419,GPR55
2345,GNA13,2535,HCRTR2
2345,GNA13,2723,HTR6
2345,GNA13,3314,LPAR1
2345,GNA13,3315,LPAR2
2345,GNA13,3316,LPAR3
2345,GNA13,3318,LPAR5
2345,GNA13,3319,LPAR6
2345,GNA13,3948,NMBR
2345,GNA13,4153,P2RY1
2345,GNA13,4154,P2RY10
2345,GNA13,4157,P2RY13
2345,GNA13,4159,P2RY2
2345,GNA13,4160,P2RY4
2345,GNA13,4161,P2RY6
2345,GNA13,4729,PRKACA
2345,GNA13,4752,PRKG1
2345,GNA13,4758,PRLHR
2345,GNA13,4855,PTK2B
2345,GNA13,5068,RDX
2345,GNA13,5120,RHOA
2345,GNA13,5343,S1PR2
2345,GNA13,5344,S1PR3
2345,GNA13,5995,TACR3
2345,GNA13,6045,TBXA2R
2346,GNA14,2371,GNRHR
2346,GNA14,2400,GPR119
2346,GNA14,2401,GPR132
2346,GNA14,2472,GRPR
2346,GNA14,2534,HCRTR1
2346,GNA14,2535,HCRTR2
2346,GNA14,2684,HRH1
2346,GNA14,2685,HRH2
2346,GNA14,2713,HTR1A
2346,GNA14,2714,HTR1B
2346,GNA14,2715,HTR1D
2346,GNA14,2718,HTR2A
2346,GNA14,2719,HTR2B
2346,GNA14,2720,HTR2C
2346,GNA14,2721,HTR4
2346,GNA14,2723,HTR6
2346,GNA14,2724,HTR7
2346,GNA14,3117,KISS1R
2346,GNA14,3314,LPAR1
2346,GNA14,3315,LPAR2
2346,GNA14,3316,LPAR3
2346,GNA14,3317,LPAR4
2346,GNA14,3319,LPAR6
2346,GNA14,3371,LTB4R
2346,GNA14,3518,MC1R
2346,GNA14,3520,MC3R
2346,GNA14,3521,MC4R
2346,GNA14,3522,MC5R
2346,GNA14,3529,MCHR2
2346,GNA14,3633,MLNR
2346,GNA14,3684,MRGPRX1
2346,GNA14,3685,MRGPRX2
2346,GNA14,3948,NMBR
2346,GNA14,3956,NMUR1
2346,GNA14,3957,NMUR2
2346,GNA14,4120,OPRD1
2346,GNA14,4122,OPRL1
2346,GNA14,4147,OXGR1
2346,GNA14,4150,OXTR
2346,GNA14,4154,P2RY10
2346,GNA14,4155,P2RY11
2346,GNA14,4157,P2RY13
2346,GNA14,4158,P2RY14
2346,GNA14,4758,PRLHR
2346,GNA14,4829,PTAFR
2346,GNA14,4839,PTGER1
2346,GNA14,4844,PTGFR
2346,GNA14,5343,S1PR2
2346,GNA14,5344,S1PR3
2346,GNA14,5861,SSTR2
2346,GNA14,5993,TACR1
2346,GNA14,5994,TACR2
2346,GNA14,5995,TACR3
2346,GNA14,6045,TBXA2R
2346,GNA14,6612,UTS2R
2347,GNA15,2401,GPR132
2347,GNA15,2462,GRM2
2347,GNA15,2464,GRM4
2347,GNA15,2534,HCRTR1
2347,GNA15,2720,HTR2C
2347,GNA15,3314,LPAR1
2347,GNA15,3316,LPAR3
2347,GNA15,3520,MC3R
2347,GNA15,3529,MCHR2
2347,GNA15,3957,NMUR2
2347,GNA15,4153,P2RY1
2347,GNA15,4157,P2RY13
2347,GNA15,4159,P2RY2
2347,GNA15,4160,P2RY4
2347,GNA15,4161,P2RY6
2347,GNA15,4738,PRKCA
2348,GNAI1,2361,GNB5
2348,GNAI1,2365,GNG4
2348,GNAI1,2371,GNRHR
2348,GNAI1,2400,GPR119
2348,GNAI1,2406,GPR17
2348,GNAI1,2409,GPR183
2348,GNAI1,2414,GPR34
2348,GNAI1,2415,GPR35
2348,GNAI1,2422,GPR84
2348,GNAI1,2428,GPSM3
2348,GNAI1,2457,GRK4
2348,GNAI1,2458,GRK5
2348,GNAI1,2459,GRK6
2348,GNAI1,2472,GRPR
2348,GNAI1,2529,HCK
2348,GNAI1,2534,HCRTR1
2348,GNAI1,2535,HCRTR2
2348,GNAI1,2684,HRH1
2348,GNAI1,2685,HRH2
2348,GNAI1,2686,HRH3
2348,GNAI1,2687,HRH4
2348,GNAI1,2713,HTR1A
2348,GNAI1,2714,HTR1B
2348,GNAI1,2715,HTR1D
2348,GNAI1,2716,HTR1E
2348,GNAI1,2717,HTR1F
2348,GNAI1,2718,HTR2A
2348,GNAI1,2719,HTR2B
2348,GNAI1,2720,HTR2C
2348,GNAI1,2721,HTR4
2348,GNAI1,2723,HTR6
2348,GNAI1,2724,HTR7
2348,GNAI1,3314,LPAR1
2348,GNAI1,3315,LPAR2
2348,GNAI1,3316,LPAR3
2348,GNAI1,3317,LPAR4
2348,GNAI1,3318,LPAR5
2348,GNAI1,3319,LPAR6
2348,GNAI1,3371,LTB4R
2348,GNAI1,3372,LTB4R2
2348,GNAI1,3386,LYN
2348,GNAI1,3521,MC4R
2348,GNAI1,3522,MC5R
2348,GNAI1,3528,MCHR1
2348,GNAI1,3529,MCHR2
2348,GNAI1,3633,MLNR
2348,GNAI1,3646,MMP2
2348,GNAI1,3684,MRGPRX1
2348,GNAI1,3685,MRGPRX2
2348,GNAI1,3717,MTNR1A
2348,GNAI1,3718,MTNR1B
2348,GNAI1,3948,NMBR
2348,GNAI1,3957,NMUR2
2348,GNAI1,3986,NPBWR1
2348,GNAI1,3989,NPFFR1
2348,GNAI1,3990,NPFFR2
2348,GNAI1,4120,OPRD1
2348,GNAI1,4121,OPRK1
2348,GNAI1,4122,OPRL1
2348,GNAI1,4123,OPRM1
2348,GNAI1,4147,OXGR1
2348,GNAI1,4150,OXTR
2348,GNAI1,4153,P2RY1
2348,GNAI1,4154,P2RY10
2348,GNAI1,4155,P2RY11
2348,GNAI1,4156,P2RY12
2348,GNAI1,4158,P2RY14
2348,GNAI1,4160,P2RY4
2348,GNAI1,4539,PLD2
2348,GNAI1,4758,PRLHR
2348,GNAI1,4829,PTAFR
2348,GNAI1,4841,PTGER3
2348,GNAI1,4842,PTGER4
2348,GNAI1,4960,RAC1
2348,GNAI1,5342,S1PR1
2348,GNAI1,5343,S1PR2
2348,GNAI1,5344,S1PR3
2348,GNAI1,5346,S1PR5
2348,GNAI1,5711,SMO
2348,GNAI1,5827,SRC
2348,GNAI1,5860,SSTR1
2348,GNAI1,5861,SSTR2
2348,GNAI1,5862,SSTR3
2348,GNAI1,5863,SSTR4
2348,GNAI1,5864,SSTR5
2348,GNAI1,5993,TACR1
2348,GNAI1,5994,TACR2
2348,GNAI1,5995,TACR3
2348,GNAI1,6045,TBXA2R
2348,GNAI1,6214,TNFAIP8
2348,GNAI1,6612,UTS2R
2349,GNAI2,2361,GNB5
2349,GNAI2,2365,GNG4
2349,GNAI2,2457,GRK4
2349,GNAI2,2458,GRK5
2349,GNAI2,2459,GRK6
2349,GNAI2,2529,HCK
2349,GNAI2,2713,HTR1A
2349,GNAI2,2783,IGF1R
2349,GNAI2,3253,LHCGR
2349,GNAI2,3316,LPAR3
2349,GNAI2,3386,LYN
2349,GNAI2,3717,MTNR1A
2349,GNAI2,3718,MTNR1B
2349,GNAI2,3890,NFE2L2
2349,GNAI2,4120,OPRD1
2349,GNAI2,4123,OPRM1
2349,GNAI2,4156,P2RY12
2349,GNAI2,4741,PRKCE
2349,GNAI2,4896,PTPRU
2349,GNAI2,5342,S1PR1
2349,GNAI2,5344,S1PR3
2349,GNAI2,5345,S1PR4
2349,GNAI2,5346,S1PR5
2349,GNAI2,5711,SMO
2349,GNAI2,5827,SRC
2349,GNAI2,6045,TBXA2R
2349,GNAI2,6214,TNFAIP8
2349,GNAI2,6428,TSHR
2349,GNAI2,6567,UNC5B
2350,GNAI3,2361,GNB5
2350,GNAI3,2365,GNG4
2350,GNAI3,2371,GNRHR
2350,GNAI3,2400,GPR119
2350,GNAI3,2401,GPR132
2350,GNAI3,2406,GPR17
2350,GNAI3,2409,GPR183
2350,GNAI3,2414,GPR34
2350,GNAI3,2415,GPR35
2350,GNAI3,2422,GPR84
2350,GNAI3,2457,GRK4
2350,GNAI3,2458,GRK5
2350,GNAI3,2459,GRK6
2350,GNAI3,2467,GRM7
2350,GNAI3,2472,GRPR
2350,GNAI3,2529,HCK
2350,GNAI3,2534,HCRTR1
2350,GNAI3,2535,HCRTR2
2350,GNAI3,2684,HRH1
2350,GNAI3,2685,HRH2
2350,GNAI3,2686,HRH3
2350,GNAI3,2687,HRH4
2350,GNAI3,2713,HTR1A
2350,GNAI3,2714,HTR1B
2350,GNAI3,2715,HTR1D
2350,GNAI3,2716,HTR1E
2350,GNAI3,2717,HTR1F
2350,GNAI3,2718,HTR2A
2350,GNAI3,2719,HTR2B
2350,GNAI3,2720,HTR2C
2350,GNAI3,2721,HTR4
2350,GNAI3,2724,HTR7
2350,GNAI3,3314,LPAR1
2350,GNAI3,3315,LPAR2
2350,GNAI3,3316,LPAR3
2350,GNAI3,3317,LPAR4
2350,GNAI3,3318,LPAR5
2350,GNAI3,3319,LPAR6
2350,GNAI3,3371,LTB4R
2350,GNAI3,3372,LTB4R2
2350,GNAI3,3386,LYN
2350,GNAI3,3520,MC3R
2350,GNAI3,3521,MC4R
2350,GNAI3,3522,MC5R
2350,GNAI3,3528,MCHR1
2350,GNAI3,3529,MCHR2
2350,GNAI3,3633,MLNR
2350,GNAI3,3684,MRGPRX1
2350,GNAI3,3685,MRGPRX2
2350,GNAI3,3717,MTNR1A
2350,GNAI3,3718,MTNR1B
2350,GNAI3,3948,NMBR
2350,GNAI3,3957,NMUR2
2350,GNAI3,3986,NPBWR1
2350,GNAI3,3989,NPFFR1
2350,GNAI3,3990,NPFFR2
2350,GNAI3,4120,OPRD1
2350,GNAI3,4121,OPRK1
2350,GNAI3,4122,OPRL1
2350,GNAI3,4123,OPRM1
2350,GNAI3,4147,OXGR1
2350,GNAI3,4150,OXTR
2350,GNAI3,4154,P2RY10
2350,GNAI3,4155,P2RY11
2350,GNAI3,4156,P2RY12
2350,GNAI3,4158,P2RY14
2350,GNAI3,4160,P2RY4
2350,GNAI3,4758,PRLHR
2350,GNAI3,4829,PTAFR
2350,GNAI3,4841,PTGER3
2350,GNAI3,5110,RGS2
2350,GNAI3,5342,S1PR1
2350,GNAI3,5343,S1PR2
2350,GNAI3,5344,S1PR3
2350,GNAI3,5346,S1PR5
2350,GNAI3,5711,SMO
2350,GNAI3,5827,SRC
2350,GNAI3,5860,SSTR1
2350,GNAI3,5861,SSTR2
2350,GNAI3,5862,SSTR3
2350,GNAI3,5863,SSTR4
2350,GNAI3,5864,SSTR5
2350,GNAI3,5993,TACR1
2350,GNAI3,5994,TACR2
2350,GNAI3,5995,TACR3
2350,GNAI3,6214,TNFAIP8
2350,GNAI3,6612,UTS2R
2351,GNAL,2371,GNRHR
2351,GNAL,2400,GPR119
2351,GNAL,2401,GPR132
2351,GNAL,2407,GPR174
2351,GNAL,2472,GRPR
2351,GNAL,2684,HRH1
2351,GNAL,2685,HRH2
2351,GNAL,2721,HTR4
2351,GNAL,2723,HTR6
2351,GNAL,2724,HTR7
2351,GNAL,3315,LPAR2
2351,GNAL,3316,LPAR3
2351,GNAL,3317,LPAR4
2351,GNAL,3520,MC3R
2351,GNAL,3521,MC4R
2351,GNAL,3522,MC5R
2351,GNAL,3528,MCHR1
2351,GNAL,3529,MCHR2
2351,GNAL,3684,MRGPRX1
2351,GNAL,3685,MRGPRX2
2351,GNAL,3948,NMBR
2351,GNAL,4147,OXGR1
2351,GNAL,4150,OXTR
2351,GNAL,4153,P2RY1
2351,GNAL,4155,P2RY11
2351,GNAL,4159,P2RY2
2351,GNAL,4161,P2RY6
2351,GNAL,4829,PTAFR
2351,GNAL,4838,PTGDR
2351,GNAL,4839,PTGER1
2351,GNAL,4840,PTGER2
2351,GNAL,4842,PTGER4
2351,GNAL,4844,PTGFR
2351,GNAL,4846,PTGIR
2351,GNAL,5344,S1PR3
2351,GNAL,5993,TACR1
2351,GNAL,5995,TACR3
2351,GNAL,6612,UTS2R
2352,GNAO1,2400,GPR119
2352,GNAO1,2401,GPR132
2352,GNAO1,2406,GPR17
2352,GNAO1,2409,GPR183
2352,GNAO1,2414,GPR34
2352,GNAO1,2415,GPR35
2352,GNAO1,2422,GPR84
2352,GNAO1,2467,GRM7
2352,GNAO1,2472,GRPR
2352,GNAO1,2534,HCRTR1
2352,GNAO1,2535,HCRTR2
2352,GNAO1,2684,HRH1
2352,GNAO1,2685,HRH2
2352,GNAO1,2686,HRH3
2352,GNAO1,2713,HTR1A
2352,GNAO1,2714,HTR1B
2352,GNAO1,2715,HTR1D
2352,GNAO1,2716,HTR1E
2352,GNAO1,2720,HTR2C
2352,GNAO1,2721,HTR4
2352,GNAO1,2723,HTR6
2352,GNAO1,2724,HTR7
2352,GNAO1,3314,LPAR1
2352,GNAO1,3315,LPAR2
2352,GNAO1,3316,LPAR3
2352,GNAO1,3317,LPAR4
2352,GNAO1,3318,LPAR5
2352,GNAO1,3319,LPAR6
2352,GNAO1,3371,LTB4R
2352,GNAO1,3520,MC3R
2352,GNAO1,3528,MCHR1
2352,GNAO1,3684,MRGPRX1
2352,GNAO1,3685,MRGPRX2
2352,GNAO1,3717,MTNR1A
2352,GNAO1,3718,MTNR1B
2352,GNAO1,3948,NMBR
2352,GNAO1,3957,NMUR2
2352,GNAO1,3989,NPFFR1
2352,GNAO1,3990,NPFFR2
2352,GNAO1,4120,OPRD1
2352,GNAO1,4121,OPRK1
2352,GNAO1,4122,OPRL1
2352,GNAO1,4123,OPRM1
2352,GNAO1,4147,OXGR1
2352,GNAO1,4153,P2RY1
2352,GNAO1,4154,P2RY10
2352,GNAO1,4155,P2RY11
2352,GNAO1,4156,P2RY12
2352,GNAO1,4157,P2RY13
2352,GNAO1,4158,P2RY14
2352,GNAO1,4160,P2RY4
2352,GNAO1,4161,P2RY6
2352,GNAO1,4758,PRLHR
2352,GNAO1,4829,PTAFR
2352,GNAO1,4841,PTGER3
2352,GNAO1,5342,S1PR1
2352,GNAO1,5343,S1PR2
2352,GNAO1,5344,S1PR3
2352,GNAO1,5860,SSTR1
2352,GNAO1,5861,SSTR2
2352,GNAO1,5864,SSTR5
2352,GNAO1,5993,TACR1
2352,GNAO1,6612,UTS2R
2353,GNAQ,2371,GNRHR
2353,GNAQ,2400,GPR119
2353,GNAQ,2401,GPR132
2353,GNAQ,2406,GPR17
2353,GNAQ,2461,GRM1
2353,GNAQ,2472,GRPR
2353,GNAQ,2477,GSK3B
2353,GNAQ,2534,HCRTR1
2353,GNAQ,2535,HCRTR2
2353,GNAQ,2682,HRAS
2353,GNAQ,2684,HRH1
2353,GNAQ,2685,HRH2
2353,GNAQ,2713,HTR1A
2353,GNAQ,2718,HTR2A
2353,GNAQ,2719,HTR2B
2353,GNAQ,2720,HTR2C
2353,GNAQ,2721,HTR4
2353,GNAQ,2723,HTR6
2353,GNAQ,2724,HTR7
2353,GNAQ,3117,KISS1R
2353,GNAQ,3314,LPAR1
2353,GNAQ,3315,LPAR2
2353,GNAQ,3316,LPAR3
2353,GNAQ,3317,LPAR4
2353,GNAQ,3319,LPAR6
2353,GNAQ,3518,MC1R
2353,GNAQ,3520,MC3R
2353,GNAQ,3521,MC4R
2353,GNAQ,3522,MC5R
2353,GNAQ,3528,MCHR1
2353,GNAQ,3529,MCHR2
2353,GNAQ,3633,MLNR
2353,GNAQ,3684,MRGPRX1
2353,GNAQ,3685,MRGPRX2
2353,GNAQ,3717,MTNR1A
2353,GNAQ,3948,NMBR
2353,GNAQ,3956,NMUR1
2353,GNAQ,3957,NMUR2
2353,GNAQ,4147,OXGR1
2353,GNAQ,4150,OXTR
2353,GNAQ,4155,P2RY11
2353,GNAQ,4157,P2RY13
2353,GNAQ,4531,PLCB1
2353,GNAQ,4534,PLCE1
2353,GNAQ,4758,PRLHR
2353,GNAQ,4829,PTAFR
2353,GNAQ,4839,PTGER1
2353,GNAQ,4844,PTGFR
2353,GNAQ,4846,PTGIR
2353,GNAQ,4850,PTH1R
2353,GNAQ,5109,RGS19
2353,GNAQ,5110,RGS2
2353,GNAQ,5111,RGS4
2353,GNAQ,5120,RHOA
2353,GNAQ,5343,S1PR2
2353,GNAQ,5344,S1PR3
2353,GNAQ,5993,TACR1
2353,GNAQ,5994,TACR2
2353,GNAQ,5995,TACR3
2353,GNAQ,6045,TBXA2R
2353,GNAQ,6328,TRHR
2353,GNAQ,6394,TRIOBP
2353,GNAQ,6428,TSHR
2353,GNAQ,6612,UTS2R
2354,GNAS,2371,GNRHR
2354,GNAS,2400,GPR119
2354,GNAS,2401,GPR132
2354,GNAS,2405,GPR161
2354,GNAS,2407,GPR174
2354,GNAS,2461,GRM1
2354,GNAS,2462,GRM2
2354,GNAS,2463,GRM3
2354,GNAS,2464,GRM4
2354,GNAS,2465,GRM5
2354,GNAS,2466,GRM6
2354,GNAS,2467,GRM7
2354,GNAS,2468,GRM8
2354,GNAS,2472,GRPR
2354,GNAS,2529,HCK
2354,GNAS,2684,HRH1
2354,GNAS,2685,HRH2
2354,GNAS,2713,HTR1A
2354,GNAS,2721,HTR4
2354,GNAS,2723,HTR6
2354,GNAS,2724,HTR7
2354,GNAS,3253,LHCGR
2354,GNAS,3315,LPAR2
2354,GNAS,3317,LPAR4
2354,GNAS,3518,MC1R
2354,GNAS,3519,MC2R
2354,GNAS,3520,MC3R
2354,GNAS,3521,MC4R
2354,GNAS,3522,MC5R
2354,GNAS,3528,MCHR1
2354,GNAS,3529,MCHR2
2354,GNAS,3684,MRGPRX1
2354,GNAS,3685,MRGPRX2
2354,GNAS,3948,NMBR
2354,GNAS,4147,OXGR1
2354,GNAS,4150,OXTR
2354,GNAS,4153,P2RY1
2354,GNAS,4155,P2RY11
2354,GNAS,4159,P2RY2
2354,GNAS,4161,P2RY6
2354,GNAS,4467,PIK3R1
2354,GNAS,4531,PLCB1
2354,GNAS,4829,PTAFR
2354,GNAS,4838,PTGDR
2354,GNAS,4839,PTGER1
2354,GNAS,4840,PTGER2
2354,GNAS,4842,PTGER4
2354,GNAS,4844,PTGFR
2354,GNAS,4846,PTGIR
2354,GNAS,4850,PTH1R
2354,GNAS,5344,S1PR3
2354,GNAS,5827,SRC
2354,GNAS,5993,TACR1
2354,GNAS,5995,TACR3
2354,GNAS,6428,TSHR
2354,GNAS,6612,UTS2R
2354,GNAS,6646,VIPR1
2355,GNAT1,4319,PDE6G
2355,GNAT1,5119,RHO
2355,GNAT1,5711,SMO
2355,GNAT1,5827,SRC
2356,GNAT2,5711,SMO
2357,GNAZ,2400,GPR119
2357,GNAZ,2401,GPR132
2357,GNAZ,2409,GPR183
2357,GNAZ,2415,GPR35
2357,GNAZ,2422,GPR84
2357,GNAZ,2472,GRPR
2357,GNAZ,2534,HCRTR1
2357,GNAZ,2535,HCRTR2
2357,GNAZ,2684,HRH1
2357,GNAZ,2685,HRH2
2357,GNAZ,2713,HTR1A
2357,GNAZ,2714,HTR1B
2357,GNAZ,2715,HTR1D
2357,GNAZ,2716,HTR1E
2357,GNAZ,2718,HTR2A
2357,GNAZ,2719,HTR2B
2357,GNAZ,2720,HTR2C
2357,GNAZ,2721,HTR4
2357,GNAZ,2723,HTR6
2357,GNAZ,2724,HTR7
2357,GNAZ,3315,LPAR2
2357,GNAZ,3316,LPAR3
2357,GNAZ,3317,LPAR4
2357,GNAZ,3318,LPAR5
2357,GNAZ,3319,LPAR6
2357,GNAZ,3520,MC3R
2357,GNAZ,3521,MC4R
2357,GNAZ,3522,MC5R
2357,GNAZ,3684,MRGPRX1
2357,GNAZ,3685,MRGPRX2
2357,GNAZ,3717,MTNR1A
2357,GNAZ,3718,MTNR1B
2357,GNAZ,3948,NMBR
2357,GNAZ,3957,NMUR2
2357,GNAZ,3989,NPFFR1
2357,GNAZ,3990,NPFFR2
2357,GNAZ,4121,OPRK1
2357,GNAZ,4122,OPRL1
2357,GNAZ,4123,OPRM1
2357,GNAZ,4147,OXGR1
2357,GNAZ,4153,P2RY1
2357,GNAZ,4154,P2RY10
2357,GNAZ,4155,P2RY11
2357,GNAZ,4156,P2RY12
2357,GNAZ,4158,P2RY14
2357,GNAZ,4160,P2RY4
2357,GNAZ,4161,P2RY6
2357,GNAZ,4179,PAK1
2357,GNAZ,4738,PRKCA
2357,GNAZ,4740,PRKCD
2357,GNAZ,4751,PRKDC
2357,GNAZ,4829,PTAFR
2357,GNAZ,4841,PTGER3
2357,GNAZ,5342,S1PR1
2357,GNAZ,5343,S1PR2
2357,GNAZ,5344,S1PR3
2357,GNAZ,5966,SYN1
2357,GNAZ,5993,TACR1
2357,GNAZ,6612,UTS2R
2358,GNB1,2363,GNG2
2358,GNB1,2428,GPSM3
2358,GNB1,2467,GRM7
2358,GNB1,4436,PHPT1
2358,GNB1,4463,PIK3CA
2358,GNB1,4531,PLCB1
2358,GNB1,4532,PLCB2
2358,GNB1,5711,SMO
2359,GNB2,2461,GRM1
2359,GNB2,2467,GRM7
2359,GNB2,2713,HTR1A
2359,GNB2,2718,HTR2A
2359,GNB2,2721,HTR4
2359,GNB2,2933,IRS1
2359,GNB2,3019,KCNA1
2359,GNB2,3044,KCNJ3
2359,GNB2,4120,OPRD1
2359,GNB2,4121,OPRK1
2359,GNB2,4122,OPRL1
2359,GNB2,4123,OPRM1
2359,GNB2,4463,PIK3CA
2359,GNB2,4531,PLCB1
2359,GNB2,4829,PTAFR
2359,GNB2,5029,RASGRP3
2359,GNB2,5711,SMO
2359,GNB2,5860,SSTR1
2359,GNB2,5861,SSTR2
2359,GNB2,5929,STX3
2360,GNB3,4463,PIK3CA
2360,GNB3,4535,PLCG1
2360,GNB3,4841,PTGER3
2360,GNB3,5711,SMO
2360,GNB3,6115,TGFBR1
2361,GNB5,4467,PIK3R1
2361,GNB5,4468,PIK3R2
2361,GNB5,4533,PLCB3
2362,GNG12,4463,PIK3CA
2362,GNG12,4534,PLCE1
2362,GNG12,4729,PRKACA
2362,GNG12,4738,PRKCA
2362,GNG12,4841,PTGER3
2362,GNG12,5711,SMO
2363,GNG2,4463,PIK3CA
2363,GNG2,4535,PLCG1
2363,GNG2,5711,SMO
2364,GNG3,4463,PIK3CA
2364,GNG3,4535,PLCG1
2364,GNG3,5711,SMO
2365,GNG4,4467,PIK3R1
2365,GNG4,4468,PIK3R2
2365,GNG4,4533,PLCB3
2366,GNGT1,4463,PIK3CA
2366,GNGT1,4466,PIK3CG
2366,GNGT1,4535,PLCG1
2366,GNGT1,5711,SMO
2367,GNL3,6275,TP53
2368,GNMT,4729,PRKACA
2368,GNMT,4738,PRKCA
2369,GNRH1,2371,GNRHR
2369,GNRH1,4626,POU3F2
2370,GNRH2,2371,GNRHR
2371,GNRHR,3256,LHX3
2371,GNRHR,3642,MMP14
2371,GNRHR,3643,MMP15
2371,GNRHR,3654,MMP9
2371,GNRHR,4035,NR5A1
2371,GNRHR,5375,SCG2
2371,GNRHR,5686,SMAD2
2371,GNRHR,5687,SMAD3
2371,GNRHR,5688,SMAD4
2371,GNRHR,5723,SNAP25
2371,GNRHR,6151,TIMP1
2371,GNRHR,6152,TIMP2
2371,GNRHR,6153,TIMP3
2372,GOLGA2,2376,GOLGB1
2372,GOLGA2,2379,GORASP1
2372,GOLGA2,2477,GSK3B
2372,GOLGA2,3476,MAPK8
2372,GOLGA2,4684,PPP2CA
2372,GOLGA2,4685,PPP2CB
2372,GOLGA2,4934,RAB1A
2373,GOLGA3,2378,GOPC
2374,GOLGA4,4730,PRKACB
2375,GOLGA7,2682,HRAS
2375,GOLGA7,4037,NRAS
2375,GOLGA7,6783,ZDHHC9
2376,GOLGB1,6582,USO1
2377,GOLPH3,4751,PRKDC
2379,GORASP1,3465,MAPK1
2379,GORASP1,4556,PLK1
2380,GORASP2,3465,MAPK1
2380,GORASP2,3472,MAPK3
2381,GP1BB,2959,ITGAM
2381,GP1BB,2964,ITGB2
2381,GP1BB,4729,PRKACA
2381,GP1BB,5432,SELP
2381,GP1BB,6124,THBS1
2381,GP1BB,6666,VWF
2382,GP5,2959,ITGAM
2382,GP5,2964,ITGB2
2382,GP5,3212,LAYN
2382,GP5,5432,SELP
2382,GP5,6124,THBS1
2382,GP5,6666,VWF
2383,GP6,2852,IL23A
2383,GP6,2874,IL6R
2383,GP6,2947,ITGA2
2383,GP6,2962,ITGB1
2383,GP6,3111,KIR2DS4
2383,GP6,4473,PILRA
2383,GP6,5440,SEMA3G
2384,GP9,2959,ITGAM
2384,GP9,2964,ITGB2
2384,GP9,5432,SELP
2384,GP9,6124,THBS1
2384,GP9,6666,VWF
2385,GPAA1,4457,PIGS
2386,GPC1,3189,LAMA1
2386,GPC1,4041,NRG1
2386,GPC1,5469,SERPINC1
2386,GPC1,5535,SHH
2386,GPC1,5670,SLIT1
2386,GPC1,5671,SLIT2
2386,GPC1,6066,TDGF1
2386,GPC1,6221,TNFRSF11B
2386,GPC1,6637,VEGFA
2387,GPC2,3551,MDK
2388,GPC3,2783,IGF1R
2388,GPC3,3335,LRP1
2388,GPC3,3340,LRP2
2388,GPC3,5535,SHH
2388,GPC3,6221,TNFRSF11B
2388,GPC3,6568,UNC5C
2388,GPC3,6569,UNC5D
2389,GPC4,2781,IGDCC4
2389,GPC4,6221,TNFRSF11B
2389,GPC4,6707,WNT3A
2389,GPC4,6709,WNT5A
2390,GPC5,4832,PTCH1
2390,GPC5,5535,SHH
2391,GPC6,4832,PTCH1
2391,GPC6,5535,SHH
2391,GPC6,6221,TNFRSF11B
2391,GPC6,6709,WNT5A
2392,GPHA2,6428,TSHR
2393,GPHB5,6428,TSHR
2394,GPHN,2477,GSK3B
2394,GPHN,3936,NLGN2
2394,GPHN,4739,PRKCB
2394,GPHN,5283,RPS6KA3
2396,GPIHBP1,3322,LPL
2397,GPKOW,4729,PRKACA
2397,GPKOW,4730,PRKACB
2398,GPM6A,4738,PRKCA
2402,GPR135,3162,KNG1
2403,GPR15,4738,PRKCA
2405,GPR161,6480,TULP3
2411,GPR20,2732,IAPP
2411,GPR20,2906,INSL3
2411,GPR20,3252,LHB
2411,GPR20,4002,NPS
2411,GPR20,4615,POMC
2411,GPR20,4849,PTH
2411,GPR20,4851,PTH2
2411,GPR20,4853,PTHLH
2411,GPR20,5152,RLN2
2411,GPR20,5153,RLN3
2411,GPR20,6427,TSHB
2411,GPR20,6645,VIP
2412,GPR25,5086,RETN
2413,GPR26,2713,HTR1A
2416,GPR37,2721,HTR4
2416,GPR37,4793,PSAP
2416,GPR37,5642,SLC3A2
2416,GPR37,6194,TMEM161A
2416,GPR37,6461,TTYH1
2416,GPR37,6753,YIF1A
2416,GPR37,6754,YIF1B
2417,GPR37L1,4793,PSAP
2419,GPR55,3428,MANSC1
2419,GPR55,3697,MSMB
2419,GPR55,5792,SPAG11B
2421,GPR83,4010,NPY
2422,GPR84,2732,IAPP
2422,GPR84,2906,INSL3
2422,GPR84,3252,LHB
2422,GPR84,4002,NPS
2422,GPR84,4615,POMC
2422,GPR84,4849,PTH
2422,GPR84,4851,PTH2
2422,GPR84,4853,PTHLH
2422,GPR84,5152,RLN2
2422,GPR84,5153,RLN3
2422,GPR84,6427,TSHB
2422,GPR84,6645,VIP
2423,GPRC5A,5014,RARA
2424,GPRC6A,5527,SHBG
2425,GPRIN1,3557,MECP2
2427,GPSM2,4217,PBK
2427,GPSM2,4738,PRKCA
2428,GPSM3,2476,GSK3A
2429,GPX1,6275,TP53
2430,GPX2,3890,NFE2L2
2431,GRAP,2933,IRS1
2431,GRAP,2935,IRS4
2431,GRAP,3580,MET
2431,GRAP,3702,MST1R
2431,GRAP,4072,NTRK1
2431,GRAP,4326,PDGFRB
2431,GRAP,4466,PIK3CG
2431,GRAP,4535,PLCG1
2431,GRAP,4864,PTPN1
2431,GRAP,5085,RET
2431,GRAP,5528,SHC1
2431,GRAP,5773,SOS1
2431,GRAP,6077,TEK
2431,GRAP,6626,VAV1
2432,GRAP2,3207,LAT
2432,GRAP2,3221,LCP2
2432,GRAP2,4739,PRKCB
2433,GRB10,2477,GSK3B
2433,GRB10,2783,IGF1R
2433,GRB10,2909,INSR
2433,GRB10,3386,LYN
2433,GRB10,3465,MAPK1
2433,GRB10,3470,MAPK14
2433,GRB10,3472,MAPK3
2433,GRB10,3719,MTOR
2433,GRB10,3855,NEDD4
2433,GRB10,4463,PIK3CA
2433,GRB10,4467,PIK3R1
2433,GRB10,5085,RET
2433,GRB10,5827,SRC
2433,GRB10,6074,TEC
2434,GRB14,2476,GSK3A
2434,GRB14,2477,GSK3B
2434,GRB14,2909,INSR
2434,GRB14,6077,TEK
2435,GRB2,2901,INPP5D
2435,GRB2,2933,IRS1
2435,GRB2,2991,JAK2
2435,GRB2,3076,KDR
2435,GRB2,3080,KHDRBS2
2435,GRB2,3118,KIT
2435,GRB2,3207,LAT
2435,GRB2,3458,MAP4K1
2435,GRB2,3580,MET
2435,GRB2,4072,NTRK1
2435,GRB2,4179,PAK1
2435,GRB2,4326,PDGFRB
2435,GRB2,4854,PTK2
2435,GRB2,4855,PTK2B
2435,GRB2,4865,PTPN11
2435,GRB2,4880,PTPRA
2435,GRB2,5055,RBP1
2435,GRB2,5085,RET
2435,GRB2,5126,RHOU
2435,GRB2,5528,SHC1
2435,GRB2,5530,SHC3
2435,GRB2,5773,SOS1
2435,GRB2,5774,SOS2
2435,GRB2,5827,SRC
2435,GRB2,6626,VAV1
2435,GRB2,6627,VAV2
2435,GRB2,6669,WASF1
2435,GRB2,6672,WASL
2436,GRB7,2909,INSR
2436,GRB7,3118,KIT
2436,GRB7,3476,MAPK8
2436,GRB7,4854,PTK2
2436,GRB7,5085,RET
2436,GRB7,5158,RND1
2436,GRB7,6077,TEK
2437,GREB1,5686,SMAD2
2437,GREB1,5687,SMAD3
2438,GREM1,3076,KDR
2438,GREM1,5671,SLIT2
2440,GRHL1,3472,MAPK3
2441,GRHL3,3470,MAPK14
2442,GRIA1,2916,IQSEC2
2442,GRIA1,4005,NPTX1
2442,GRIA1,4729,PRKACA
2442,GRIA1,4738,PRKCA
2442,GRIA1,4742,PRKCG
2442,GRIA1,4753,PRKG2
2442,GRIA1,5524,SHANK3
2443,GRIA2,2916,IQSEC2
2443,GRIA2,4450,PICK1
2443,GRIA2,4738,PRKCA
2443,GRIA2,4739,PRKCB
2443,GRIA2,5524,SHANK3
2444,GRIA3,2916,IQSEC2
2444,GRIA3,5524,SHANK3
2445,GRIA4,2916,IQSEC2
2445,GRIA4,4729,PRKACA
2445,GRIA4,4730,PRKACB
2445,GRIA4,4738,PRKCA
2445,GRIA4,4742,PRKCG
2445,GRIA4,5524,SHANK3
2446,GRID2,3421,MAGI2
2446,GRID2,4875,PTPN4
2447,GRIK1,4729,PRKACA
2447,GRIK1,4738,PRKCA
2448,GRIK2,3142,KLHL17
2448,GRIK2,4726,PRKAA1
2448,GRIK2,4729,PRKACA
2448,GRIK2,4738,PRKCA
2449,GRIN1,2452,GRIN2C
2449,GRIN1,3869,NEK6
2449,GRIN1,4738,PRKCA
2449,GRIN1,4739,PRKCB
2449,GRIN1,4742,PRKCG
2449,GRIN1,5283,RPS6KA3
2449,GRIN1,5827,SRC
2450,GRIN2A,2818,IL16
2450,GRIN2A,4535,PLCG1
2450,GRIN2A,4662,PPP1CC
2450,GRIN2A,4696,PPP2R5C
2450,GRIN2A,4701,PPP3R1
2450,GRIN2A,4729,PRKACA
2450,GRIN2A,4738,PRKCA
2450,GRIN2A,4875,PTPN4
2450,GRIN2A,5827,SRC
2451,GRIN2B,2818,IL16
2451,GRIN2B,4730,PRKACB
2451,GRIN2B,4738,PRKCA
2451,GRIN2B,4739,PRKCB
2451,GRIN2B,4742,PRKCG
2451,GRIN2B,4876,PTPN5
2451,GRIN2B,4887,PTPRG
2451,GRIN2B,5283,RPS6KA3
2451,GRIN2B,5827,SRC
2451,GRIN2B,6637,VEGFA
2452,GRIN2C,2818,IL16
2452,GRIN2C,6760,YWHAE
2453,GRIN2D,2682,HRAS
2453,GRIN2D,2697,HSPA1A
2453,GRIN2D,2818,IL16
2453,GRIN2D,5283,RPS6KA3
2454,GRIP1,2455,GRIPAP1
2454,GRIP1,3104,KIF5C
2454,GRIP1,3566,MEF2C
2455,GRIPAP1,3444,MAP3K1
2455,GRIPAP1,3476,MAPK8
2456,GRK1,4121,OPRK1
2456,GRK1,4729,PRKACA
2456,GRK1,4739,PRKCB
2456,GRK1,5119,RHO
2458,GRK5,2544,HDAC6
2458,GRK5,3344,LRP6
2458,GRK5,3699,MSN
2458,GRK5,3898,NFKBIA
2458,GRK5,3994,NPM1
2458,GRK5,4326,PDGFRB
2458,GRK5,4739,PRKCB
2458,GRK5,5728,SNCA
2458,GRK5,5730,SNCB
2458,GRK5,5731,SNCG
2458,GRK5,5827,SRC
2458,GRK5,5866,ST13
2458,GRK5,6275,TP53
2459,GRK6,3344,LRP6
2459,GRK6,3371,LTB4R
2459,GRK6,3518,MC1R
2459,GRK6,3898,NFKBIA
2459,GRK6,4105,OCLN
2459,GRK6,4739,PRKCB
2459,GRK6,5666,SLC9A3R1
2459,GRK6,5711,SMO
2459,GRK6,5728,SNCA
2459,GRK6,6492,TYRO3
2460,GRK7,4729,PRKACA
2460,GRK7,4738,PRKCA
2461,GRM1,4738,PRKCA
2461,GRM1,6402,TRPC1
2463,GRM3,4648,PPM1A
2465,GRM5,2477,GSK3B
2465,GRM5,3466,MAPK10
2465,GRM5,4738,PRKCA
2465,GRM5,4739,PRKCB
2465,GRM5,4740,PRKCD
2465,GRM5,4741,PRKCE
2465,GRM5,4742,PRKCG
2465,GRM5,4745,PRKCQ
2465,GRM5,4747,PRKCZ
2465,GRM5,5498,SGK1
2467,GRM7,2551,HEBP1
2467,GRM7,2907,INSL5
2467,GRM7,3162,KNG1
2467,GRM7,3953,NMS
2467,GRM7,3955,NMU
2467,GRM7,3985,NPB
2467,GRM7,4009,NPW
2467,GRM7,4010,NPY
2467,GRM7,4350,PDYN
2467,GRM7,4365,PENK
2467,GRM7,4383,PF4
2467,GRM7,4450,PICK1
2467,GRM7,4580,PMCH
2467,GRM7,4588,PNOC
2467,GRM7,4615,POMC
2467,GRM7,4641,PPBP
2467,GRM7,4706,PPY
2467,GRM7,4729,PRKACA
2467,GRM7,4738,PRKCA
2467,GRM7,4753,PRKG2
2467,GRM7,4921,PYY
2467,GRM7,5153,RLN3
2467,GRM7,5347,SAA1
2467,GRM7,5859,SST
2469,GRN,4739,PRKCB
2469,GRN,5772,SORT1
2469,GRN,6229,TNFRSF1A
2469,GRN,6230,TNFRSF1B
2470,GRP,2472,GRPR
2470,GRP,3948,NMBR
2471,GRPEL1,2702,HSPA8
2472,GRPR,3947,NMB
2472,GRPR,4517,PLA2G1B
2473,GRSF1,2477,GSK3B
2473,GRSF1,3466,MAPK10
2474,GSC,2577,HHEX
2476,GSK3A,2507,GYS1
2476,GSK3A,2691,HSF1
2476,GSK3A,2883,ILK
2476,GSK3A,2926,IRF3
2476,GSK3A,3006,JUN
2476,GSK3A,3344,LRP6
2476,GSK3A,3377,LTC4S
2476,GSK3A,3406,MAF
2476,GSK3A,3408,MAFA
2476,GSK3A,3409,MAFB
2476,GSK3A,3487,MAPT
2476,GSK3A,3530,MCL1
2476,GSK3A,3616,MITF
2476,GSK3A,3745,MYC
2476,GSK3A,3765,MYLK
2476,GSK3A,3811,NBR1
2476,GSK3A,3831,NCOA3
2476,GSK3A,3884,NFATC1
2476,GSK3A,3972,NOTCH1
2476,GSK3A,4131,OSBP2
2476,GSK3A,4502,PKD2
2476,GSK3A,4635,PPARA
2476,GSK3A,4696,PPP2R5C
2476,GSK3A,4729,PRKACA
2476,GSK3A,4736,PRKAR2A
2476,GSK3A,4738,PRKCA
2476,GSK3A,4739,PRKCB
2476,GSK3A,4740,PRKCD
2476,GSK3A,4742,PRKCG
2476,GSK3A,4743,PRKCH
2476,GSK3A,4750,PRKD3
2476,GSK3A,4795,PSEN1
2476,GSK3A,4854,PTK2
2476,GSK3A,5063,RCAN1
2476,GSK3A,5076,RELA
2476,GSK3A,5127,RICTOR
2476,GSK3A,5283,RPS6KA3
2476,GSK3A,5466,SERPINB2
2476,GSK3A,5489,SFPQ
2476,GSK3A,5498,SGK1
2476,GSK3A,5500,SGK3
2476,GSK3A,5884,STAT2
2476,GSK3A,5915,STMN3
2476,GSK3A,6050,TCEAL1
2476,GSK3A,6275,TP53
2476,GSK3A,6424,TSC2
2476,GSK3A,6571,UNG
2477,GSK3B,2490,GTF2F1
2477,GSK3B,2495,GTF2IRD1
2477,GSK3B,2496,GTF3C1
2477,GSK3B,2498,GTSE1
2477,GSK3B,2507,GYS1
2477,GSK3B,2542,HDAC4
2477,GSK3B,2544,HDAC6
2477,GSK3B,2550,HDLBP
2477,GSK3B,2557,HELB
2477,GSK3B,2559,HELZ
2477,GSK3B,2616,HMGA1
2477,GSK3B,2637,HNRNPD
2477,GSK3B,2638,HNRNPF
2477,GSK3B,2640,HNRNPH2
2477,GSK3B,2649,HOMEZ
2477,GSK3B,2682,HRAS
2477,GSK3B,2691,HSF1
2477,GSK3B,2707,HSPB8
2477,GSK3B,2744,ID2
2477,GSK3B,2751,IER3
2477,GSK3B,2752,IFI16
2477,GSK3B,2802,IKBKG
2477,GSK3B,2818,IL16
2477,GSK3B,2823,IL17RA
2477,GSK3B,2933,IRS1
2477,GSK3B,2934,IRS2
2477,GSK3B,2941,ISL2
2477,GSK3B,2984,ITSN1
2477,GSK3B,3003,JPH1
2477,GSK3B,3006,JUN
2477,GSK3B,3007,JUNB
2477,GSK3B,3008,JUND
2477,GSK3B,3014,KAT5
2477,GSK3B,3025,KCNAB2
2477,GSK3B,3026,KCNB1
2477,GSK3B,3051,KCNMA1
2477,GSK3B,3063,KCTD15
2477,GSK3B,3065,KDM1A
2477,GSK3B,3067,KDM2B
2477,GSK3B,3072,KDM5A
2477,GSK3B,3075,KDM6A
2477,GSK3B,3079,KHDRBS1
2477,GSK3B,3090,KIF1B
2477,GSK3B,3123,KLC2
2477,GSK3B,3134,KLF5
2477,GSK3B,3177,KRT8
2477,GSK3B,3207,LAT
2477,GSK3B,3214,LBR
2477,GSK3B,3230,LEF1
2477,GSK3B,3259,LIFR
2477,GSK3B,3289,LIPE
2477,GSK3B,3296,LMNA
2477,GSK3B,3297,LMNB1
2477,GSK3B,3303,LMO7
2477,GSK3B,3343,LRP5
2477,GSK3B,3344,LRP6
2477,GSK3B,3353,LRRFIP1
2477,GSK3B,3397,MACF1
2477,GSK3B,3406,MAF
2477,GSK3B,3408,MAFA
2477,GSK3B,3409,MAFB
2477,GSK3B,3424,MAML1
2477,GSK3B,3430,MAP1A
2477,GSK3B,3431,MAP1B
2477,GSK3B,3435,MAP1S
2477,GSK3B,3436,MAP2
2477,GSK3B,3437,MAP2K1
2477,GSK3B,3444,MAP3K1
2477,GSK3B,3446,MAP3K11
2477,GSK3B,3452,MAP3K4
2477,GSK3B,3457,MAP4
2477,GSK3B,3461,MAP4K4
2477,GSK3B,3462,MAP4K5
2477,GSK3B,3465,MAPK1
2477,GSK3B,3470,MAPK14
2477,GSK3B,3472,MAPK3
2477,GSK3B,3473,MAPK4
2477,GSK3B,3476,MAPK8
2477,GSK3B,3477,MAPK8IP1
2477,GSK3B,3481,MAPKAPK2
2477,GSK3B,3484,MAPRE1
2477,GSK3B,3487,MAPT
2477,GSK3B,3488,MARCKS
2477,GSK3B,3492,MARK2
2477,GSK3B,3530,MCL1
2477,GSK3B,3532,MCM2
2477,GSK3B,3552,MDM2
2477,GSK3B,3562,MED14
2477,GSK3B,3564,MEF2A
2477,GSK3B,3616,MITF
2477,GSK3B,3617,MKI67
2477,GSK3B,3620,MKNK2
2477,GSK3B,3656,MN1
2477,GSK3B,3659,MNX1
2477,GSK3B,3660,MOBP
2477,GSK3B,3693,MSH6
2477,GSK3B,3722,MUC1
2477,GSK3B,3740,MYB
2477,GSK3B,3743,MYBL2
2477,GSK3B,3744,MYBPC3
2477,GSK3B,3745,MYC
2477,GSK3B,3748,MYCN
2477,GSK3B,3765,MYLK
2477,GSK3B,3781,MYOCD
2477,GSK3B,3796,NACA
2477,GSK3B,3797,NACC1
2477,GSK3B,3811,NBR1
2477,GSK3B,3812,NCAM1
2477,GSK3B,3820,NCF1
2477,GSK3B,3828,NCL
2477,GSK3B,3829,NCOA1
2477,GSK3B,3831,NCOA3
2477,GSK3B,3834,NCOR1
2477,GSK3B,3835,NCOR2
2477,GSK3B,3843,NDEL1
2477,GSK3B,3848,NDRG1
2477,GSK3B,3853,NEB
2477,GSK3B,3859,NEFH
2477,GSK3B,3861,NEFM
2477,GSK3B,3878,NEUROD1
2477,GSK3B,3885,NFATC2
2477,GSK3B,3886,NFATC3
2477,GSK3B,3889,NFE2L1
2477,GSK3B,3890,NFE2L2
2477,GSK3B,3891,NFIA
2477,GSK3B,3893,NFIC
2477,GSK3B,3896,NFKB1
2477,GSK3B,3897,NFKB2
2477,GSK3B,3902,NFRKB
2477,GSK3B,3954,NMT1
2477,GSK3B,3963,NOL3
2477,GSK3B,3972,NOTCH1
2477,GSK3B,3973,NOTCH2
2477,GSK3B,3994,NPM1
2477,GSK3B,4018,NR1D1
2477,GSK3B,4030,NR3C1
2477,GSK3B,4035,NR5A1
2477,GSK3B,4062,NSUN5
2477,GSK3B,4084,NUDT11
2477,GSK3B,4092,NUP214
2477,GSK3B,4107,ODF2
2477,GSK3B,4112,OGT
2477,GSK3B,4120,OPRD1
2477,GSK3B,4131,OSBP2
2477,GSK3B,4144,OTUD7B
2477,GSK3B,4179,PAK1
2477,GSK3B,4180,PAK1IP1
2477,GSK3B,4184,PAK6
2477,GSK3B,4187,PALM
2477,GSK3B,4194,PAPOLG
2477,GSK3B,4210,PAX3
2477,GSK3B,4226,PCDH1
2477,GSK3B,4230,PCDH7
2477,GSK3B,4277,PCIF1
2477,GSK3B,4280,PCLO
2477,GSK3B,4292,PCYT1A
2477,GSK3B,4293,PCYT1B
2477,GSK3B,4313,PDE4B
2477,GSK3B,4341,PDLIM4
2477,GSK3B,4346,PDS5B
2477,GSK3B,4347,PDX1
2477,GSK3B,4404,PGR
2477,GSK3B,4410,PHC3
2477,GSK3B,4414,PHF12
2477,GSK3B,4432,PHLPP1
2477,GSK3B,4445,PIAS1
2477,GSK3B,4450,PICK1
2477,GSK3B,4493,PITPNM1
2477,GSK3B,4519,PLA2G4A
2477,GSK3B,4531,PLCB1
2477,GSK3B,4541,PLEC
2477,GSK3B,4595,POGZ
2477,GSK3B,4609,POLR2A
2477,GSK3B,4617,POP1
2477,GSK3B,4637,PPARG
2477,GSK3B,4638,PPARGC1A
2477,GSK3B,4643,PPFIA1
2477,GSK3B,4644,PPFIA3
2477,GSK3B,4645,PPIF
2477,GSK3B,4646,PPIG
2477,GSK3B,4660,PPP1CA
2477,GSK3B,4674,PPP1R16B
2477,GSK3B,4675,PPP1R1A
2477,GSK3B,4676,PPP1R1B
2477,GSK3B,4677,PPP1R2
2477,GSK3B,4698,PPP3CA
2477,GSK3B,4699,PPP3CB
2477,GSK3B,4700,PPP3CC
2477,GSK3B,4703,PPP4R2
2477,GSK3B,4725,PRICKLE3
2477,GSK3B,4728,PRKAB1
2477,GSK3B,4729,PRKACA
2477,GSK3B,4735,PRKAR1B
2477,GSK3B,4736,PRKAR2A
2477,GSK3B,4738,PRKCA
2477,GSK3B,4739,PRKCB
2477,GSK3B,4741,PRKCE
2477,GSK3B,4743,PRKCH
2477,GSK3B,4747,PRKCZ
2477,GSK3B,4750,PRKD3
2477,GSK3B,4753,PRKG2
2477,GSK3B,4759,PRLR
2477,GSK3B,4778,PRPF4B
2477,GSK3B,4795,PSEN1
2477,GSK3B,4805,PSMA5
2477,GSK3B,4817,PSMD1
2477,GSK3B,4837,PTEN
2477,GSK3B,4864,PTPN1
2477,GSK3B,4878,PTPN7
2477,GSK3B,4900,PTTG1
2477,GSK3B,4931,RAB11FIP5
2477,GSK3B,4966,RAD18
2477,GSK3B,4996,RANBP2
2477,GSK3B,5002,RAP1GAP
2477,GSK3B,5012,RAPH1
2477,GSK3B,5014,RARA
2477,GSK3B,5030,RASSF1
2477,GSK3B,5034,RB1
2477,GSK3B,5037,RBBP6
2477,GSK3B,5041,RBL1
2477,GSK3B,5042,RBL2
2477,GSK3B,5044,RBM14
2477,GSK3B,5048,RBM38
2477,GSK3B,5054,RBMX
2477,GSK3B,5063,RCAN1
2477,GSK3B,5076,RELA
2477,GSK3B,5084,REST
2477,GSK3B,5090,REXO1
2477,GSK3B,5099,RFX1
2477,GSK3B,5134,RIMS1
2477,GSK3B,5239,RNMT
2477,GSK3B,5240,RNPS1
2477,GSK3B,5248,ROR2
2477,GSK3B,5254,RPA2
2477,GSK3B,5256,RPAP1
2477,GSK3B,5278,RPS3
2477,GSK3B,5281,RPS6KA1
2477,GSK3B,5282,RPS6KA2
2477,GSK3B,5283,RPS6KA3
2477,GSK3B,5284,RPS6KA4
2477,GSK3B,5287,RPS6KB1
2477,GSK3B,5288,RPS6KB2
2477,GSK3B,5296,RRBP1
2477,GSK3B,5297,RREB1
2477,GSK3B,5313,RTN4
2477,GSK3B,5317,RUNX1
2477,GSK3B,5326,RXRA
2477,GSK3B,5349,SAFB2
2477,GSK3B,5355,SART1
2477,GSK3B,5380,SCML2
2477,GSK3B,5421,SEC24B
2477,GSK3B,5485,SF1
2477,GSK3B,5489,SFPQ
2477,GSK3B,5498,SGK1
2477,GSK3B,5499,SGK2
2477,GSK3B,5500,SGK3
2477,GSK3B,5501,SGTA
2477,GSK3B,5546,SIGIRR
2477,GSK3B,5557,SIK1
2477,GSK3B,5564,SIN3A
2477,GSK3B,5572,SIRT1
2477,GSK3B,5619,SLC20A1
2477,GSK3B,5648,SLC4A10
2477,GSK3B,5658,SLC6A4
2477,GSK3B,5664,SLC9A1
2477,GSK3B,5669,SLCO4A1
2477,GSK3B,5685,SMAD1
2477,GSK3B,5686,SMAD2
2477,GSK3B,5687,SMAD3
2477,GSK3B,5688,SMAD4
2477,GSK3B,5698,SMARCAD1
2477,GSK3B,5701,SMARCC1
2477,GSK3B,5702,SMARCC2
2477,GSK3B,5707,SMC4
2477,GSK3B,5711,SMO
2477,GSK3B,5720,SNAI1
2477,GSK3B,5721,SNAI2
2477,GSK3B,5726,SNAPC4
2477,GSK3B,5729,SNCAIP
2477,GSK3B,5737,SNPH
2477,GSK3B,5740,SNRNP70
2477,GSK3B,5742,SNTA1
2477,GSK3B,5748,SNW1
2477,GSK3B,5764,SON
2477,GSK3B,5765,SORBS1
2477,GSK3B,5773,SOS1
2477,GSK3B,5778,SOX11
2477,GSK3B,5785,SOX9
2477,GSK3B,5786,SP1
2477,GSK3B,5793,SPAG5
2477,GSK3B,5800,SPEN
2477,GSK3B,5803,SPI1
2477,GSK3B,5804,SPIB
2477,GSK3B,5822,SPTBN1
2477,GSK3B,5826,SQSTM1
2477,GSK3B,5827,SRC
2477,GSK3B,5830,SREBF1
2477,GSK3B,5846,SRRM1
2477,GSK3B,5847,SRRM2
2477,GSK3B,5848,SRRT
2477,GSK3B,5883,STAT1
2477,GSK3B,5885,STAT3
2477,GSK3B,5888,STAT5B
2477,GSK3B,5899,STK11
2477,GSK3B,5908,STK38
2477,GSK3B,5913,STMN1
2477,GSK3B,5914,STMN2
2477,GSK3B,5915,STMN3
2477,GSK3B,5925,STUB1
2477,GSK3B,5932,STX7
2477,GSK3B,5942,SUFU
2477,GSK3B,5960,SYAP1
2477,GSK3B,5966,SYN1
2477,GSK3B,5968,SYN3
2477,GSK3B,5974,SYNPO
2477,GSK3B,5992,TACC3
2477,GSK3B,6002,TAF2
2477,GSK3B,6003,TAF3
2477,GSK3B,6005,TAF6
2477,GSK3B,6011,TAL2
2477,GSK3B,6022,TARDBP
2477,GSK3B,6047,TCAP
2477,GSK3B,6050,TCEAL1
2477,GSK3B,6052,TCF20
2477,GSK3B,6053,TCF3
2477,GSK3B,6061,TCOF1
2477,GSK3B,6081,TERF2
2477,GSK3B,6082,TERF2IP
2477,GSK3B,6084,TESK1
2477,GSK3B,6131,THOC2
2477,GSK3B,6136,THRAP3
2477,GSK3B,6159,TJP1
2477,GSK3B,6160,TJP2
2477,GSK3B,6166,TLE3
2477,GSK3B,6170,TLK2
2477,GSK3B,6252,TNKS
2477,GSK3B,6253,TNKS1BP1
2477,GSK3B,6275,TP53
2477,GSK3B,6277,TP53BP1
2477,GSK3B,6288,TPD52L2
2477,GSK3B,6302,TPX2
2477,GSK3B,6303,TRA2B
2477,GSK3B,6311,TRAF6
2477,GSK3B,6324,TRERF1
2477,GSK3B,6424,TSC2
2477,GSK3B,6496,UBA1
2477,GSK3B,6504,UBE2A
2477,GSK3B,6511,UBE2E3
2477,GSK3B,6536,UBR1
2477,GSK3B,6539,UBTF
2477,GSK3B,6565,UNC13B
2477,GSK3B,6571,UNG
2477,GSK3B,6578,USF2
2477,GSK3B,6590,USP19
2477,GSK3B,6592,USP20
2477,GSK3B,6595,USP24
2477,GSK3B,6634,VDAC1
2477,GSK3B,6675,WDFY1
2477,GSK3B,6686,WEE1
2477,GSK3B,6720,WRNIP1
2477,GSK3B,6722,WT1
2477,GSK3B,6723,WTAP
2477,GSK3B,6736,XIAP
2477,GSK3B,6756,YLPM1
2477,GSK3B,6787,ZFP36
2477,GSK3B,6792,ZFPM1
2477,GSK3B,6802,ZHX1
2477,GSK3B,6810,ZMYM2
2477,GSK3B,6811,ZMYM3
2477,GSK3B,6813,ZMYND8
2477,GSK3B,6815,ZNF217
2477,GSK3B,6820,ZNF281
2477,GSK3B,6822,ZNF335
2477,GSK3B,6850,ZYX
2478,GSN,5827,SRC
2479,GSR,4726,PRKAA1
2480,GSTA1,3077,KEAP1
2481,GSTA2,4637,PPARG
2482,GSTA4,2697,HSPA1A
2482,GSTA4,2698,HSPA1B
2482,GSTA4,4738,PRKCA
2483,GSTM2,5332,RYR2
2484,GSTO1,5331,RYR1
2485,GSTP1,4729,PRKACA
2485,GSTP1,4743,PRKCH
2485,GSTP1,6306,TRAF2
2486,GTF2A1,5997,TAF1
2486,GTF2A1,6023,TASP1
2486,GTF2A1,6039,TBP
2488,GTF2A2,5058,RBPJ
2488,GTF2A2,6039,TBP
2490,GTF2F1,2491,GTF2F2
2490,GTF2F1,3470,MAPK14
2490,GTF2F1,4730,PRKACB
2491,GTF2F2,4611,POLR2E
2494,GTF2I,2783,IGF1R
2494,GTF2I,2991,JAK2
2494,GTF2I,3065,KDM1A
2494,GTF2I,3465,MAPK1
2494,GTF2I,3472,MAPK3
2494,GTF2I,4730,PRKACB
2494,GTF2I,4752,PRKG1
2494,GTF2I,4784,PRRX1
2494,GTF2I,5827,SRC
2494,GTF2I,6577,USF1
2494,GTF2I,6578,USF2
2495,GTF2IRD1,3470,MAPK14
2496,GTF3C1,3470,MAPK14
2496,GTF3C1,4751,PRKDC
2496,GTF3C1,5283,RPS6KA3
2497,GTF3C4,3466,MAPK10
2498,GTSE1,3465,MAPK1
2498,GTSE1,4556,PLK1
2498,GTSE1,6275,TP53
2499,GUCA1B,4729,PRKACA
2500,GUCA2A,2502,GUCY2C
2501,GUCA2B,2502,GUCY2C
2501,GUCA2B,2503,GUCY2D
2502,GUCY2C,2630,HNF4A
2502,GUCY2C,4352,PDZD3
2502,GUCY2C,4738,PRKCA
2504,GXYLT1,3972,NOTCH1
2504,GXYLT1,3973,NOTCH2
2505,GXYLT2,3972,NOTCH1
2505,GXYLT2,3973,NOTCH2
2506,GYPC,3673,MPP1
2507,GYS1,3466,MAPK10
2507,GYS1,3467,MAPK11
2507,GYS1,3476,MAPK8
2507,GYS1,3480,MAPK9
2507,GYS1,4205,PASK
2507,GYS1,4678,PPP1R3A
2507,GYS1,4679,PPP1R3B
2507,GYS1,4680,PPP1R3C
2507,GYS1,4729,PRKACA
2507,GYS1,4739,PRKCB
2507,GYS1,4751,PRKDC
2507,GYS1,5283,RPS6KA3
2508,GYS2,4679,PPP1R3B
2508,GYS2,4680,PPP1R3C
2508,GYS2,4726,PRKAA1
2509,GZMA,2619,HMGB2
2509,GZMA,2833,IL1B
2509,GZMA,3297,LMNB1
2509,GZMA,5478,SET
2510,GZMB,2523,HAX1
2510,GZMB,2786,IGF2R
2510,GZMB,4941,RAB3A
2511,HABP4,3566,MEF2C
2511,HABP4,4738,PRKCA
2511,HABP4,4739,PRKCB
2511,HABP4,4740,PRKCD
2511,HABP4,4742,PRKCG
2511,HABP4,4745,PRKCQ
2511,HABP4,4747,PRKCZ
2512,HACE1,4179,PAK1
2512,HACE1,4960,RAC1
2512,HACE1,6513,UBE2I
2513,HAND1,4559,PLK4
2513,HAND1,4729,PRKACA
2513,HAND1,4738,PRKCA
2513,HAND1,5283,RPS6KA3
2514,HAP1,3104,KIF5C
2514,HAP1,3878,NEUROD1
2515,HAPLN1,2781,IGDCC4
2515,HAPLN1,2840,IL1RL1
2515,HAPLN1,3606,MICA
2515,HAPLN1,3638,MMP10
2515,HAPLN1,3646,MMP2
2515,HAPLN1,3651,MMP3
2515,HAPLN1,3652,MMP7
2515,HAPLN1,3654,MMP9
2515,HAPLN1,4791,PRTG
2515,HAPLN1,5785,SOX9
2515,HAPLN1,6221,TNFRSF11B
2515,HAPLN1,6322,TREML2
2517,HAS2,2624,HMMR
2517,HAS2,4727,PRKAA2
2517,HAS2,5016,RARG
2517,HAS2,5786,SP1
2517,HAS2,5788,SP3
2518,HAT1,4726,PRKAA1
2518,HAT1,5038,RBBP7
2518,HAT1,5691,SMAD7
2519,HAUS6,3854,NEDD1
2521,HAVCR1,2794,IGSF21
2521,HAVCR1,5547,SIGLEC1
2521,HAVCR1,5595,SLAMF6
2521,HAVCR1,6149,TIMD4
2521,HAVCR1,6218,TNFRSF10C
2521,HAVCR1,6492,TYRO3
2522,HAVCR2,2618,HMGB1
2522,HAVCR2,2973,ITK
2522,HAVCR2,3243,LGALS9
2523,HAX1,4740,PRKCD
2524,HBA1,2625,HMOX1
2524,HBA1,2626,HMOX2
2524,HBA1,2678,HP
2525,HBB,2678,HP
2525,HBB,3828,NCL
2526,HBEGF,3637,MMP1
2526,HBEGF,3651,MMP3
2526,HBEGF,3662,MOG
2526,HBEGF,4759,PRLR
2527,HBP1,3467,MAPK11
2527,HBP1,3470,MAPK14
2527,HBP1,3745,MYC
2527,HBP1,4475,PIM1
2528,HCFC1,6771,ZBTB17
2529,HCK,2769,IFNAR1
2529,HCK,2783,IGF1R
2529,HCK,2909,INSR
2529,HCK,2965,ITGB3
2529,HCK,2973,ITK
2529,HCK,3221,LCP2
2529,HCK,3386,LYN
2529,HCK,3504,MATK
2529,HCK,4344,PDPK1
2529,HCK,4359,PECAM1
2529,HCK,4467,PIK3R1
2529,HCK,4468,PIK3R2
2529,HCK,4504,PKIA
2529,HCK,4535,PLCG1
2529,HCK,4536,PLCG2
2529,HCK,4740,PRKCD
2529,HCK,4854,PTK2
2529,HCK,4855,PTK2B
2529,HCK,4912,PXN
2529,HCK,4980,RAF1
2529,HCK,5006,RAPGEF1
2529,HCK,5137,RIN1
2529,HCK,5528,SHC1
2529,HCK,5587,SKAP2
2529,HCK,5885,STAT3
2529,HCK,5888,STAT5B
2529,HCK,6074,TEC
2529,HCK,6285,TP73
2529,HCK,6419,TRPV4
2529,HCK,6668,WAS
2529,HCK,6777,ZC3HAV1
2529,HCK,6818,ZNF24
2530,HCLS1,3386,LYN
2530,HCLS1,3480,MAPK9
2530,HCLS1,5964,SYK
2531,HCN2,4753,PRKG2
2531,HCN2,5827,SRC
2532,HCN4,4729,PRKACA
2532,HCN4,5827,SRC
2533,HCRT,2534,HCRTR1
2533,HCRT,2535,HCRTR2
2533,HCRT,3990,NPFFR2
2534,HCRTR1,5827,SRC
2536,HCST,3606,MICA
2536,HCST,3607,MICB
2536,HCST,6560,ULBP2
2536,HCST,6561,ULBP3
2537,HDAC1,2541,HDAC3
2537,HDAC1,2691,HSF1
2537,HDAC1,2893,ING1
2537,HDAC1,2894,ING2
2537,HDAC1,3412,MAFK
2537,HDAC1,3782,MYOD1
2537,HDAC1,3890,NFE2L2
2537,HDAC1,3932,NKX3-1
2537,HDAC1,4030,NR3C1
2537,HDAC1,4637,PPARG
2537,HDAC1,4660,PPP1CA
2537,HDAC1,5065,RCHY1
2537,HDAC1,5076,RELA
2537,HDAC1,5455,SENP1
2537,HDAC1,5698,SMARCAD1
2537,HDAC1,5802,SPHK2
2537,HDAC1,6096,TFAP4
2537,HDAC1,6275,TP53
2537,HDAC1,6345,TRIM28
2537,HDAC1,6429,TSHZ3
2537,HDAC1,6513,UBE2I
2537,HDAC1,6765,YY1
2537,HDAC1,6825,ZNF420
2538,HDAC10,6345,TRIM28
2540,HDAC2,2691,HSF1
2540,HDAC2,3803,NANOS1
2540,HDAC2,3890,NFE2L2
2540,HDAC2,3968,NOS1
2540,HDAC2,5802,SPHK2
2540,HDAC2,5885,STAT3
2540,HDAC2,6765,YY1
2540,HDAC2,6821,ZNF318
2541,HDAC3,3356,LRRK2
2541,HDAC3,3412,MAFK
2541,HDAC3,3834,NCOR1
2541,HDAC3,3835,NCOR2
2541,HDAC3,3890,NFE2L2
2541,HDAC3,4175,PAG1
2541,HDAC3,4480,PINK1
2541,HDAC3,4702,PPP4C
2541,HDAC3,5076,RELA
2541,HDAC3,5691,SMAD7
2541,HDAC3,5827,SRC
2541,HDAC3,6345,TRIM28
2541,HDAC3,6765,YY1
2542,HDAC4,3492,MARK2
2542,HDAC4,3564,MEF2A
2542,HDAC4,3566,MEF2C
2542,HDAC4,3567,MEF2D
2542,HDAC4,4684,PPP2CA
2542,HDAC4,4726,PRKAA1
2542,HDAC4,4729,PRKACA
2542,HDAC4,5076,RELA
2542,HDAC4,5283,RPS6KA3
2542,HDAC4,5318,RUNX2
2542,HDAC4,5557,SIK1
2542,HDAC4,5786,SP1
2542,HDAC4,6277,TP53BP1
2543,HDAC5,3492,MARK2
2543,HDAC5,3564,MEF2A
2543,HDAC5,3566,MEF2C
2543,HDAC5,3567,MEF2D
2543,HDAC5,4508,PKN1
2543,HDAC5,4726,PRKAA1
2543,HDAC5,4727,PRKAA2
2543,HDAC5,4728,PRKAB1
2543,HDAC5,4729,PRKACA
2543,HDAC5,4738,PRKCA
2543,HDAC5,4740,PRKCD
2543,HDAC5,4748,PRKD1
2543,HDAC5,4749,PRKD2
2543,HDAC5,4750,PRKD3
2543,HDAC5,4854,PTK2
2543,HDAC5,5318,RUNX2
2543,HDAC5,5557,SIK1
2544,HDAC6,2694,HSP90AA1
2544,HDAC6,2696,HSP90B1
2544,HDAC6,3472,MAPK3
2544,HDAC6,3476,MAPK8
2544,HDAC6,5812,SPOP
2545,HDAC7,3455,MAP3K7
2545,HDAC7,3492,MARK2
2545,HDAC7,3493,MARK3
2545,HDAC7,4501,PKD1
2545,HDAC7,4524,PLAG1
2545,HDAC7,4526,PLAGL2
2545,HDAC7,4684,PPP2CA
2545,HDAC7,4685,PPP2CB
2545,HDAC7,4726,PRKAA1
2545,HDAC7,4738,PRKCA
2545,HDAC7,4748,PRKD1
2545,HDAC7,5283,RPS6KA3
2546,HDAC8,4729,PRKACA
2546,HDAC8,6275,TP53
2547,HDAC9,3566,MEF2C
2548,HDC,2684,HRH1
2548,HDC,2685,HRH2
2548,HDC,2686,HRH3
2548,HDC,2687,HRH4
2549,HDGF,3476,MAPK8
2550,HDLBP,3470,MAPK14
2550,HDLBP,4970,RAD51
2551,HEBP1,3717,MTNR1A
2552,HECTD1,2694,HSP90AA1
2552,HECTD1,6513,UBE2I
2553,HECTD2,6513,UBE2I
2554,HECTD3,3465,MAPK1
2554,HECTD3,5933,STX8
2554,HECTD3,6394,TRIOBP
2554,HECTD3,6513,UBE2I
2555,HECW1,6513,UBE2I
2556,HECW2,6285,TP73
2556,HECW2,6513,UBE2I
2558,HELLS,2668,HOXC6
2558,HELLS,2669,HOXC8
2560,HERC1,6513,UBE2I
2561,HERC2,4751,PRKDC
2561,HERC2,5196,RNF168
2561,HERC2,5236,RNF8
2561,HERC2,6513,UBE2I
2561,HERC2,6738,XPA
2562,HERC3,6513,UBE2I
2563,HERC4,6513,UBE2I
2564,HERC5,3950,NME2
2564,HERC5,6513,UBE2I
2565,HERC6,6513,UBE2I
2566,HERPUD1,2701,HSPA5
2566,HERPUD1,5983,SYVN1
2567,HES1,3972,NOTCH1
2567,HES1,4030,NR3C1
2567,HES1,4738,PRKCA
2567,HES1,5058,RBPJ
2567,HES1,5283,RPS6KA3
2567,HES1,6699,WNT1
2568,HES5,3972,NOTCH1
2570,HEXIM1,3205,LARP7
2570,HEXIM1,3994,NPM1
2570,HEXIM1,4745,PRKCQ
2571,HEY1,5058,RBPJ
2572,HEY2,3972,NOTCH1
2573,HFE,5102,RGMA
2573,HFE,6091,TF
2574,HGF,2962,ITGB1
2574,HGF,3153,KLKB1
2574,HGF,3580,MET
2574,HGF,4049,NRP1
2574,HGF,5403,SDC1
2574,HGF,5404,SDC2
2574,HGF,5867,ST14
2574,HGF,6275,TP53
2575,HGS,3216,LCK
2575,HGS,5686,SMAD2
2575,HGS,6800,ZFYVE9
2576,HHAT,5535,SHH
2577,HHEX,2951,ITGA5
2577,HHEX,3076,KDR
2577,HHEX,4049,NRP1
2577,HHEX,5598,SLC10A1
2577,HHEX,5653,SLC5A5
2577,HHEX,6077,TEK
2577,HHEX,6109,TG
2577,HHEX,6146,TIE1
2577,HHEX,6637,VEGFA
2578,HHIP,2799,IHH
2578,HHIP,5535,SHH
2579,HHLA2,3114,KIR3DL3
2579,HHLA2,6204,TMIGD2
2579,HHLA2,6663,VSIG8
2580,HIC1,5572,SIRT1
2580,HIC1,5696,SMARCA4
2580,HIC1,5885,STAT3
2580,HIC1,6275,TP53
2581,HIF1A,2582,HIF1AN
2581,HIF1A,3071,KDM4C
2581,HIF1A,3356,LRRK2
2581,HIF1A,3465,MAPK1
2581,HIF1A,3472,MAPK3
2581,HIF1A,3552,MDM2
2581,HIF1A,3791,NAA10
2581,HIF1A,3972,NOTCH1
2581,HIF1A,4202,PARP1
2581,HIF1A,4558,PLK3
2581,HIF1A,4729,PRKACA
2581,HIF1A,5034,RB1
2581,HIF1A,5235,RNF7
2581,HIF1A,5321,RWDD3
2581,HIF1A,5455,SENP1
2581,HIF1A,5883,STAT1
2581,HIF1A,5925,STUB1
2581,HIF1A,6275,TP53
2581,HIF1A,6642,VHL
2582,HIF1AN,3972,NOTCH1
2583,HIF3A,4480,PINK1
2584,HINFP,3984,NPAT
2584,HINFP,4751,PRKDC
2585,HINT1,5827,SRC
2587,HIPK1,3557,MECP2
2587,HIPK1,4176,PAGE4
2588,HIPK2,2616,HMGA1
2588,HIPK2,3132,KLF3
2588,HIPK2,3455,MAP3K7
2588,HIPK2,3557,MECP2
2588,HIPK2,3940,NLK
2588,HIPK2,4212,PAX6
2588,HIPK2,4347,PDX1
2588,HIPK2,4581,PML
2588,HIPK2,5317,RUNX1
2588,HIPK2,5543,SIAH1
2588,HIPK2,5544,SIAH2
2588,HIPK2,5572,SIRT1
2588,HIPK2,5588,SKI
2588,HIPK2,5685,SMAD1
2588,HIPK2,5796,SPAST
2588,HIPK2,5885,STAT3
2588,HIPK2,6164,TLE1
2588,HIPK2,6275,TP53
2588,HIPK2,6284,TP63
2588,HIPK2,6721,WSB1
2588,HIPK2,6772,ZBTB4
2590,HIPK4,6275,TP53
2592,HIRIP3,5283,RPS6KA3
2593,HIVEP1,3470,MAPK14
2595,HK1,5827,SRC
2595,HK1,6562,ULK1
2596,HK2,5827,SRC
2596,HK2,6311,TRAF6
2597,HLA-A,3108,KIR2DL1
2597,HLA-A,3109,KIR2DL3
2597,HLA-A,3111,KIR2DS4
2597,HLA-A,3112,KIR3DL1
2597,HLA-A,3113,KIR3DL2
2597,HLA-A,3157,KLRD1
2597,HLA-A,3263,LILRA1
2597,HLA-A,3269,LILRB1
2597,HLA-A,3270,LILRB2
2597,HLA-A,4729,PRKACA
2597,HLA-A,4734,PRKAR1A
2597,HLA-A,4738,PRKCA
2597,HLA-A,5827,SRC
2598,HLA-B,3108,KIR2DL1
2598,HLA-B,3109,KIR2DL3
2598,HLA-B,3112,KIR3DL1
2598,HLA-B,3113,KIR3DL2
2598,HLA-B,3157,KLRD1
2598,HLA-B,3263,LILRA1
2598,HLA-B,3269,LILRB1
2598,HLA-B,3270,LILRB2
2598,HLA-B,5548,SIGLEC10
2598,HLA-B,5827,SRC
2599,HLA-C,3108,KIR2DL1
2599,HLA-C,3109,KIR2DL3
2599,HLA-C,3111,KIR2DS4
2599,HLA-C,3112,KIR3DL1
2599,HLA-C,3114,KIR3DL3
2599,HLA-C,3263,LILRA1
2599,HLA-C,3265,LILRA3
2599,HLA-C,3269,LILRB1
2599,HLA-C,3270,LILRB2
2599,HLA-C,3975,NOTCH4
2600,HLA-DMA,3248,LGMN
2601,HLA-DMB,3248,LGMN
2602,HLA-DOA,3248,LGMN
2603,HLA-DOB,3248,LGMN
2604,HLA-DPA1,3186,LAG3
2604,HLA-DPA1,3248,LGMN
2605,HLA-DPB1,3186,LAG3
2605,HLA-DPB1,3248,LGMN
2606,HLA-DQA1,3186,LAG3
2606,HLA-DQA1,3248,LGMN
2607,HLA-DQA2,3186,LAG3
2607,HLA-DQA2,3248,LGMN
2608,HLA-DQB1,3186,LAG3
2608,HLA-DQB1,3248,LGMN
2609,HLA-DRA,3186,LAG3
2609,HLA-DRA,3248,LGMN
2610,HLA-DRB1,3186,LAG3
2610,HLA-DRB1,3248,LGMN
2611,HLA-DRB5,3186,LAG3
2611,HLA-DRB5,3248,LGMN
2612,HLA-E,3112,KIR3DL1
2612,HLA-E,3155,KLRC1
2612,HLA-E,3156,KLRC2
2612,HLA-E,3157,KLRD1
2612,HLA-E,3161,KLRK1
2613,HLA-F,3112,KIR3DL1
2613,HLA-F,3113,KIR3DL2
2613,HLA-F,3269,LILRB1
2613,HLA-F,3270,LILRB2
2614,HLA-G,3110,KIR2DL4
2614,HLA-G,3112,KIR3DL1
2614,HLA-G,3155,KLRC1
2614,HLA-G,3157,KLRD1
2614,HLA-G,3269,LILRB1
2614,HLA-G,3270,LILRB2
2615,HLTF,4282,PCNA
2615,HLTF,6513,UBE2I
2616,HMGA1,3466,MAPK10
2616,HMGA1,3480,MAPK9
2616,HMGA1,4625,POU3F1
2616,HMGA1,4739,PRKCB
2616,HMGA1,4740,PRKCD
2616,HMGA1,4751,PRKDC
2616,HMGA1,4762,PRMT6
2618,HMGB1,2659,HOXB1
2618,HMGB1,2661,HOXB3
2618,HMGB1,2668,HOXC6
2618,HMGB1,2671,HOXD10
2618,HMGB1,2672,HOXD11
2618,HMGB1,2675,HOXD3
2618,HMGB1,2677,HOXD9
2618,HMGB1,3384,LY96
2618,HMGB1,4747,PRKCZ
2618,HMGB1,5403,SDC1
2618,HMGB1,6123,THBD
2618,HMGB1,6175,TLR2
2618,HMGB1,6177,TLR4
2618,HMGB1,6182,TLR9
2619,HMGB2,4623,POU2F1
2619,HMGB2,4624,POU2F2
2619,HMGB2,4625,POU3F1
2619,HMGB2,4739,PRKCB
2620,HMGCR,4729,PRKACA
2621,HMGCS2,5576,SIRT5
2622,HMGN1,3013,KAT2B
2622,HMGN1,4218,PBRM1
2622,HMGN1,4729,PRKACA
2622,HMGN1,4738,PRKCA
2622,HMGN1,5283,RPS6KA3
2622,HMGN1,5284,RPS6KA4
2622,HMGN1,5285,RPS6KA5
2622,HMGN1,6422,TRRAP
2623,HMGN2,3013,KAT2B
2623,HMGN2,4218,PBRM1
2623,HMGN2,4729,PRKACA
2623,HMGN2,4738,PRKCA
2623,HMGN2,5283,RPS6KA3
2624,HMMR,6302,TPX2
2625,HMOX1,3707,MT3
2625,HMOX1,3890,NFE2L2
2625,HMOX1,6211,TNF
2627,HMX3,5581,SIX1
2628,HNF1A,2630,HNF4A
2628,HNF1A,3013,KAT2B
2629,HNF1B,3958,NNMT
2629,HNF1B,4222,PCBD1
2629,HNF1B,5622,SLC22A6
2629,HNF1B,5623,SLC22A8
2629,HNF1B,5755,SOAT2
2629,HNF1B,5813,SPP1
2629,HNF1B,5944,SULF1
2630,HNF4A,3222,LCT
2630,HNF4A,3467,MAPK11
2630,HNF4A,3470,MAPK14
2630,HNF4A,3472,MAPK3
2630,HNF4A,3636,MME
2630,HNF4A,3701,MST1
2630,HNF4A,3721,MTTP
2630,HNF4A,3872,NELL2
2630,HNF4A,4017,NR0B2
2630,HNF4A,4022,NR1I2
2630,HNF4A,4025,NR2C2
2630,HNF4A,4635,PPARA
2630,HNF4A,4726,PRKAA1
2630,HNF4A,4727,PRKAA2
2630,HNF4A,4728,PRKAB1
2630,HNF4A,4729,PRKACA
2630,HNF4A,4773,PROS1
2630,HNF4A,4775,PROZ
2630,HNF4A,4777,PRPF3
2630,HNF4A,5283,RPS6KA3
2630,HNF4A,5286,RPS6KA6
2630,HNF4A,5469,SERPINC1
2630,HNF4A,5527,SHBG
2630,HNF4A,5620,SLC22A1
2630,HNF4A,5827,SRC
2630,HNF4A,6023,TASP1
2630,HNF4A,6110,TGFA
2630,HNF4A,6460,TTR
2630,HNF4A,6551,UGT1A6
2630,HNF4A,6553,UGT1A9
2631,HNF4G,5461,SERPINA1
2631,HNF4G,5527,SHBG
2632,HNRNPA0,2909,INSR
2632,HNRNPA0,3481,MAPKAPK2
2633,HNRNPA1,3619,MKNK1
2633,HNRNPA1,3620,MKNK2
2633,HNRNPA1,4729,PRKACA
2633,HNRNPA1,4738,PRKCA
2633,HNRNPA1,4760,PRMT1
2633,HNRNPA1,5288,RPS6KB2
2633,HNRNPA1,6022,TARDBP
2633,HNRNPA1,6259,TNPO1
2633,HNRNPA1,6534,UBQLN2
2634,HNRNPA2B1,4760,PRMT1
2635,HNRNPA3,6534,UBQLN2
2637,HNRNPD,3470,MAPK14
2637,HNRNPD,4729,PRKACA
2638,HNRNPF,3476,MAPK8
2639,HNRNPH1,2783,IGF1R
2639,HNRNPH1,3465,MAPK1
2639,HNRNPH1,4738,PRKCA
2639,HNRNPH1,4831,PTBP2
2639,HNRNPH1,5827,SRC
2639,HNRNPH1,6081,TERF2
2640,HNRNPH2,3476,MAPK8
2640,HNRNPH2,6081,TERF2
2641,HNRNPK,3465,MAPK1
2641,HNRNPK,3466,MAPK10
2641,HNRNPK,3472,MAPK3
2641,HNRNPK,3476,MAPK8
2641,HNRNPK,3552,MDM2
2641,HNRNPK,3745,MYC
2641,HNRNPK,4730,PRKACB
2641,HNRNPK,4740,PRKCD
2641,HNRNPK,5808,SPN
2641,HNRNPK,5827,SRC
2641,HNRNPK,6162,TK1
2641,HNRNPK,6275,TP53
2643,HNRNPM,4562,PLRG1
2644,HNRNPU,4751,PRKDC
2644,HNRNPU,6211,TNF
2644,HNRNPU,6534,UBQLN2
2645,HNRNPUL1,4739,PRKCB
2646,HOMER1,5522,SHANK1
2646,HOMER1,6403,TRPC3
2647,HOMER2,5331,RYR1
2649,HOMEZ,3470,MAPK14
2650,HOOK1,4865,PTPN11
2651,HOOK3,3490,MARCO
2651,HOOK3,3700,MSR1
2652,HOXA1,4511,PKNOX1
2652,HOXA1,5014,RARA
2653,HOXA10,2783,IGF1R
2653,HOXA10,4865,PTPN11
2653,HOXA10,4877,PTPN6
2654,HOXA11,4751,PRKDC
2655,HOXA4,5014,RARA
2656,HOXA5,6275,TP53
2657,HOXA7,5014,RARA
2658,HOXA9,3570,MEIS1
2658,HOXA9,3573,MEN1
2658,HOXA9,4761,PRMT5
2659,HOXB1,4219,PBX1
2659,HOXB1,4511,PKNOX1
2659,HOXB1,5014,RARA
2660,HOXB2,6770,ZBTB16
2662,HOXB4,5014,RARA
2663,HOXB5,5014,RARA
2665,HOXB7,4738,PRKCA
2665,HOXB7,4751,PRKDC
2666,HOXB8,4219,PBX1
2666,HOXB8,4220,PBX3
2668,HOXC6,3573,MEN1
2669,HOXC8,3573,MEN1
2669,HOXC8,5690,SMAD6
2670,HOXC9,3573,MEN1
2671,HOXD10,3570,MEIS1
2672,HOXD11,3570,MEIS1
2672,HOXD11,6770,ZBTB16
2673,HOXD12,3406,MAF
2673,HOXD12,3409,MAFB
2673,HOXD12,3410,MAFF
2673,HOXD12,3411,MAFG
2673,HOXD12,3412,MAFK
2673,HOXD12,3570,MEIS1
2674,HOXD13,3570,MEIS1
2676,HOXD4,5014,RARA
2677,HOXD9,3570,MEIS1
2678,HP,2959,ITGAM
2678,HP,2964,ITGB2
2678,HP,6177,TLR4
2679,HPCA,3799,NAIP
2681,HPX,3335,LRP1
2682,HRAS,2740,ICMT
2682,HRAS,2909,INSR
2682,HRAS,3006,JUN
2682,HRAS,3880,NF1
2682,HRAS,4463,PIK3CA
2682,HRAS,4464,PIK3CB
2682,HRAS,4465,PIK3CD
2682,HRAS,4466,PIK3CG
2682,HRAS,4534,PLCE1
2682,HRAS,4865,PTPN11
2682,HRAS,4980,RAF1
2682,HRAS,5010,RAPGEF5
2682,HRAS,5011,RAPGEF6
2682,HRAS,5019,RASA1
2682,HRAS,5022,RASGEF1A
2682,HRAS,5023,RASGEF1B
2682,HRAS,5024,RASGEF1C
2682,HRAS,5137,RIN1
2682,HRAS,5404,SDC2
2682,HRAS,5528,SHC1
2682,HRAS,5773,SOS1
2682,HRAS,5774,SOS2
2682,HRAS,5827,SRC
2682,HRAS,6143,TIAM1
2682,HRAS,6175,TLR2
2682,HRAS,6182,TLR9
2682,HRAS,6275,TP53
2682,HRAS,6530,UBIAD1
2682,HRAS,6626,VAV1
2682,HRAS,6783,ZDHHC9
2684,HRH1,2873,IL6
2684,HRH1,4729,PRKACA
2684,HRH1,4738,PRKCA
2684,HRH1,4752,PRKG1
2688,HSBP1,2691,HSF1
2689,HSD17B4,5500,SGK3
2691,HSF1,2696,HSP90B1
2691,HSF1,2698,HSPA1B
2691,HSF1,3465,MAPK1
2691,HSF1,3466,MAPK10
2691,HSF1,3469,MAPK13
2691,HSF1,3470,MAPK14
2691,HSF1,3472,MAPK3
2691,HSF1,3476,MAPK8
2691,HSF1,3480,MAPK9
2691,HSF1,3481,MAPKAPK2
2691,HSF1,4476,PIM2
2691,HSF1,4556,PLK1
2691,HSF1,4729,PRKACA
2691,HSF1,4745,PRKCQ
2691,HSF1,4751,PRKDC
2691,HSF1,5283,RPS6KA3
2692,HSF2,4273,PCGF2
2692,HSF2,6513,UBE2I
2693,HSF4,3442,MAP2K6
2693,HSF4,3465,MAPK1
2694,HSP90AA1,2965,ITGB3
2694,HSP90AA1,3468,MAPK12
2694,HSP90AA1,3782,MYOD1
2694,HSP90AA1,3960,NOD2
2694,HSP90AA1,3970,NOS3
2694,HSP90AA1,4030,NR3C1
2694,HSP90AA1,4174,PAFAH1B1
2694,HSP90AA1,4585,PNCK
2694,HSP90AA1,4704,PPP5C
2694,HSP90AA1,4729,PRKACA
2694,HSP90AA1,4742,PRKCG
2694,HSP90AA1,4751,PRKDC
2694,HSP90AA1,4843,PTGES3
2694,HSP90AA1,4980,RAF1
2694,HSP90AA1,5717,SMYD2
2694,HSP90AA1,5827,SRC
2694,HSP90AA1,5885,STAT3
2694,HSP90AA1,5897,STIP1
2694,HSP90AA1,6115,TGFBR1
2694,HSP90AA1,6116,TGFBR2
2694,HSP90AA1,6686,WEE1
2695,HSP90AB1,3077,KEAP1
2695,HSP90AB1,3960,NOD2
2695,HSP90AB1,3970,NOS3
2695,HSP90AB1,4585,PNCK
2695,HSP90AB1,4739,PRKCB
2695,HSP90AB1,5827,SRC
2695,HSP90AB1,5885,STAT3
2695,HSP90AB1,5897,STIP1
2695,HSP90AB1,6275,TP53
2696,HSP90B1,3335,LRP1
2696,HSP90B1,6173,TLR1
2696,HSP90B1,6175,TLR2
2696,HSP90B1,6177,TLR4
2696,HSP90B1,6180,TLR7
2696,HSP90B1,6182,TLR9
2697,HSPA1A,3869,NEK6
2697,HSPA1A,3960,NOD2
2697,HSPA1A,4030,NR3C1
2697,HSPA1A,6177,TLR4
2698,HSPA1B,3960,NOD2
2699,HSPA2,3453,MAP3K5
2699,HSPA2,3476,MAPK8
2700,HSPA4,2909,INSR
2700,HSPA4,6177,TLR4
2701,HSPA5,5427,SEC63
2701,HSPA5,5561,SIL1
2702,HSPA8,3228,LDLR
2702,HSPA8,3340,LRP2
2702,HSPA8,5233,RNF5
2702,HSPA8,6275,TP53
2703,HSPA9,3732,MVD
2703,HSPA9,6457,TTK
2704,HSPB1,3481,MAPKAPK2
2704,HSPB1,3482,MAPKAPK3
2704,HSPB1,3483,MAPKAPK5
2704,HSPB1,3898,NFKBIA
2704,HSPB1,4501,PKD1
2704,HSPB1,4684,PPP2CA
2704,HSPB1,4685,PPP2CB
2704,HSPB1,4698,PPP3CA
2704,HSPB1,4699,PPP3CB
2704,HSPB1,4700,PPP3CC
2704,HSPB1,4729,PRKACA
2704,HSPB1,4739,PRKCB
2704,HSPB1,4740,PRKCD
2704,HSPB1,4748,PRKD1
2704,HSPB1,4752,PRKG1
2704,HSPB1,4753,PRKG2
2704,HSPB1,4803,PSIP1
2704,HSPB1,5283,RPS6KA3
2704,HSPB1,5287,RPS6KB1
2704,HSPB1,5288,RPS6KB2
2704,HSPB1,5786,SP1
2704,HSPB1,6518,UBE2N
2705,HSPB2,3476,MAPK8
2705,HSPB2,3481,MAPKAPK2
2705,HSPB2,3482,MAPKAPK3
2706,HSPB6,4676,PPP1R1B
2706,HSPB6,4729,PRKACA
2707,HSPB8,3437,MAP2K1
2707,HSPB8,3470,MAPK14
2707,HSPB8,3472,MAPK3
2707,HSPB8,4729,PRKACA
2707,HSPB8,4738,PRKCA
2708,HSPD1,2783,IGF1R
2708,HSPD1,3745,MYC
2709,HSPG2,2947,ITGA2
2709,HSPG2,2962,ITGB1
2709,HSPG2,3335,LRP1
2709,HSPG2,3340,LRP2
2709,HSPG2,4894,PTPRS
2709,HSPG2,5403,SDC1
2710,HSPH1,3466,MAPK10
2711,HTATIP2,6275,TP53
2713,HTR1A,2714,HTR1B
2713,HTR1A,2715,HTR1D
2713,HTR1A,5342,S1PR1
2713,HTR1A,5344,S1PR3
2713,HTR1A,6289,TPH1
2713,HTR1A,6754,YIF1B
2714,HTR1B,5334,S100A10
2714,HTR1B,6289,TPH1
2714,HTR1B,6415,TRPM8
2715,HTR1D,6289,TPH1
2716,HTR1E,6289,TPH1
2717,HTR1F,6289,TPH1
2718,HTR2A,4616,PON2
2718,HTR2A,6289,TPH1
2719,HTR2B,6289,TPH1
2720,HTR2C,3284,LIN7C
2720,HTR2C,4730,PRKACB
2720,HTR2C,5283,RPS6KA3
2720,HTR2C,6289,TPH1
2721,HTR4,6289,TPH1
2722,HTR5A,6289,TPH1
2723,HTR6,2909,INSR
2723,HTR6,5749,SNX14
2723,HTR6,6289,TPH1
2724,HTR7,6289,TPH1
2725,HTRA2,3468,MAPK12
2725,HTRA2,3470,MAPK14
2725,HTRA2,4199,PARK7
2725,HTRA2,4356,PEA15
2725,HTRA2,4480,PINK1
2725,HTRA2,6736,XIAP
2726,HTT,2800,IKBKB
2726,HTT,3459,MAP4K2
2726,HTT,4181,PAK2
2726,HTT,5498,SGK1
2726,HTT,5499,SGK2
2726,HTT,5500,SGK3
2726,HTT,6035,TBK1
2726,HTT,6275,TP53
2727,HUNK,2975,ITM2A
2728,HUS1,4282,PCNA
2729,HUWE1,3530,MCL1
2729,HUWE1,3745,MYC
2729,HUWE1,6275,TP53
2729,HUWE1,6513,UBE2I
2730,HVCN1,4740,PRKCD
2731,HYAL2,5688,SMAD4
2732,IAPP,4285,PCSK1
2732,IAPP,4286,PCSK2
2732,IAPP,4850,PTH1R
2732,IAPP,4991,RAMP1
2732,IAPP,4992,RAMP2
2732,IAPP,4993,RAMP3
2732,IAPP,6428,TSHR
2732,IAPP,6646,VIPR1
2733,IBSP,2960,ITGAV
2733,IBSP,2965,ITGB3
2734,IBTK,4739,PRKCB
2735,ICAM1,2859,IL2RA
2735,ICAM1,2861,IL2RG
2735,ICAM1,2958,ITGAL
2735,ICAM1,2959,ITGAM
2735,ICAM1,2961,ITGAX
2735,ICAM1,2964,ITGB2
2735,ICAM1,3580,MET
2735,ICAM1,3699,MSN
2735,ICAM1,3722,MUC1
2735,ICAM1,5808,SPN
2735,ICAM1,5883,STAT1
2735,ICAM1,6629,VCAM1
2736,ICAM2,2958,ITGAL
2736,ICAM2,2959,ITGAM
2736,ICAM2,2964,ITGB2
2737,ICAM3,2956,ITGAD
2737,ICAM3,2958,ITGAL
2737,ICAM3,2964,ITGB2
2737,ICAM3,4738,PRKCA
2737,ICAM3,4745,PRKCQ
2738,ICAM4,2948,ITGA2B
2738,ICAM4,2950,ITGA4
2738,ICAM4,2958,ITGAL
2738,ICAM4,2959,ITGAM
2738,ICAM4,2960,ITGAV
2738,ICAM4,2962,ITGB1
2738,ICAM4,2964,ITGB2
2738,ICAM4,2965,ITGB3
2738,ICAM4,5114,RHAG
2739,ICAM5,2781,IGDCC4
2739,ICAM5,2958,ITGAL
2739,ICAM5,2964,ITGB2
2739,ICAM5,3606,MICA
2739,ICAM5,4298,PDCD1LG2
2739,ICAM5,4738,PRKCA
2739,ICAM5,4791,PRTG
2741,ICOS,2742,ICOSLG
2741,ICOS,6211,TNF
2742,ICOSLG,4066,NTM
2742,ICOSLG,4738,PRKCA
2743,ID1,3782,MYOD1
2743,ID1,6051,TCF12
2743,ID1,6053,TCF3
2743,ID1,6054,TCF4
2744,ID2,3470,MAPK14
2744,ID2,3782,MYOD1
2744,ID2,6051,TCF12
2744,ID2,6053,TCF3
2744,ID2,6054,TCF4
2744,ID2,6275,TP53
2744,ID2,6770,ZBTB16
2745,ID3,3480,MAPK9
2745,ID3,4855,PTK2B
2745,ID3,6051,TCF12
2745,ID3,6053,TCF3
2745,ID3,6054,TCF4
2746,IDE,2903,INS
2747,IDH1,5591,SKP2
2748,IDH2,5574,SIRT3
2748,IDH2,5576,SIRT5
2748,IDH2,5591,SKP2
2749,IDH3A,4751,PRKDC
2750,IDH3G,3470,MAPK14
2751,IER3,3465,MAPK1
2751,IER3,3470,MAPK14
2751,IER3,3474,MAPK6
2751,IER3,4696,PPP2R5C
2751,IER3,5014,RARA
2751,IER3,5317,RUNX1
2751,IER3,5786,SP1
2751,IER3,6275,TP53
2752,IFI16,3480,MAPK9
2752,IFI16,4739,PRKCB
2752,IFI16,5283,RPS6KA3
2753,IFIH1,2801,IKBKE
2753,IFIH1,3507,MAVS
2753,IFIH1,4660,PPP1CA
2753,IFIH1,4662,PPP1CC
2753,IFIH1,5142,RIOK3
2753,IFIH1,5172,RNF125
2753,IFIH1,6035,TBK1
2753,IFIH1,6307,TRAF3
2753,IFIH1,6342,TRIM25
2754,IFIT1,2926,IRF3
2757,IFNA10,2769,IFNAR1
2757,IFNA10,2770,IFNAR2
2758,IFNA13,2769,IFNAR1
2758,IFNA13,2770,IFNAR2
2759,IFNA14,2769,IFNAR1
2759,IFNA14,2770,IFNAR2
2760,IFNA16,2769,IFNAR1
2760,IFNA16,2770,IFNAR2
2761,IFNA17,2769,IFNAR1
2761,IFNA17,2770,IFNAR2
2762,IFNA2,2769,IFNAR1
2762,IFNA2,2770,IFNAR2
2763,IFNA21,2769,IFNAR1
2763,IFNA21,2770,IFNAR2
2764,IFNA4,2769,IFNAR1
2764,IFNA4,2770,IFNAR2
2765,IFNA5,2769,IFNAR1
2765,IFNA5,2770,IFNAR2
2766,IFNA6,2769,IFNAR1
2766,IFNA6,2770,IFNAR2
2767,IFNA7,2769,IFNAR1
2767,IFNA7,2770,IFNAR2
2768,IFNA8,2769,IFNAR1
2768,IFNA8,2770,IFNAR2
2769,IFNAR1,2771,IFNB1
2769,IFNAR1,2772,IFNE
2769,IFNAR1,2774,IFNGR1
2769,IFNAR1,2776,IFNK
2769,IFNAR1,2777,IFNW1
2769,IFNAR1,2783,IGF1R
2769,IFNAR1,2806,IL10RB
2769,IFNAR1,2990,JAK1
2769,IFNAR1,3470,MAPK14
2769,IFNAR1,3654,MMP9
2769,IFNAR1,4463,PIK3CA
2769,IFNAR1,4749,PRKD2
2769,IFNAR1,6489,TYK2
2770,IFNAR2,2771,IFNB1
2770,IFNAR2,2772,IFNE
2770,IFNAR2,2776,IFNK
2770,IFNAR2,2777,IFNW1
2770,IFNAR2,2783,IGF1R
2770,IFNAR2,2931,IRF9
2770,IFNAR2,2990,JAK1
2770,IFNAR2,3470,MAPK14
2770,IFNAR2,4463,PIK3CA
2770,IFNAR2,5283,RPS6KA3
2770,IFNAR2,6489,TYK2
2771,IFNB1,2854,IL24
2771,IFNB1,2926,IRF3
2771,IFNB1,2929,IRF7
2771,IFNB1,2990,JAK1
2771,IFNB1,6489,TYK2
2773,IFNG,2774,IFNGR1
2773,IFNG,2775,IFNGR2
2773,IFNG,3671,MPL
2773,IFNG,4809,PSMB10
2773,IFNG,4811,PSMB8
2773,IFNG,4812,PSMB9
2773,IFNG,4823,PSME1
2773,IFNG,4824,PSME2
2774,IFNGR1,2990,JAK1
2774,IFNGR1,2991,JAK2
2774,IFNGR1,3263,LILRA1
2774,IFNGR1,3270,LILRB2
2774,IFNGR1,5550,SIGLEC14
2774,IFNGR1,5552,SIGLEC5
2774,IFNGR1,5556,SIGLEC9
2774,IFNGR1,5756,SOCS1
2774,IFNGR1,5758,SOCS3
2775,IFNGR2,2990,JAK1
2775,IFNGR2,2991,JAK2
2778,IFT88,4108,OFD1
2779,IGBP1,3668,MPG
2780,IGDCC3,2880,ILDR1
2780,IGDCC3,6687,WFIKKN2
2781,IGDCC4,3360,LRRTM2
2781,IGDCC4,3378,LTF
2781,IGDCC4,4530,PLB1
2781,IGDCC4,6687,WFIKKN2
2782,IGF1,2783,IGF1R
2782,IGF1,2786,IGF2R
2782,IGF1,2909,INSR
2782,IGF1,2933,IRS1
2783,IGF1R,2784,IGF2
2783,IGF1R,2860,IL2RB
2783,IGF1R,2903,INS
2783,IGF1R,2909,INSR
2783,IGF1R,2933,IRS1
2783,IGF1R,2934,IRS2
2783,IGF1R,2935,IRS4
2783,IGF1R,2991,JAK2
2783,IGF1R,2992,JAK3
2783,IGF1R,3076,KDR
2783,IGF1R,3118,KIT
2783,IGF1R,3120,KL
2783,IGF1R,3221,LCP2
2783,IGF1R,3323,LPP
2783,IGF1R,3324,LPXN
2783,IGF1R,3436,MAP2
2783,IGF1R,3484,MAPRE1
2783,IGF1R,3552,MDM2
2783,IGF1R,3579,MERTK
2783,IGF1R,3580,MET
2783,IGF1R,3702,MST1R
2783,IGF1R,3722,MUC1
2783,IGF1R,3806,NAPG
2783,IGF1R,3855,NEDD4
2783,IGF1R,3858,NEDD9
2783,IGF1R,4072,NTRK1
2783,IGF1R,4074,NTRK3
2783,IGF1R,4282,PCNA
2783,IGF1R,4339,PDLIM1
2783,IGF1R,4344,PDPK1
2783,IGF1R,4459,PIK3C2A
2783,IGF1R,4467,PIK3R1
2783,IGF1R,4469,PIK3R3
2783,IGF1R,4663,PPP1R11
2783,IGF1R,4738,PRKCA
2783,IGF1R,4850,PTH1R
2783,IGF1R,4854,PTK2
2783,IGF1R,4855,PTK2B
2783,IGF1R,4864,PTPN1
2783,IGF1R,4865,PTPN11
2783,IGF1R,4885,PTPRE
2783,IGF1R,5019,RASA1
2783,IGF1R,5085,RET
2783,IGF1R,5405,SDC3
2783,IGF1R,5504,SH2B3
2783,IGF1R,5528,SHC1
2783,IGF1R,5568,SIRPA
2783,IGF1R,5587,SKAP2
2783,IGF1R,5654,SLC6A1
2783,IGF1R,5752,SNX5
2783,IGF1R,5753,SNX6
2783,IGF1R,5757,SOCS2
2783,IGF1R,5818,SPRY4
2783,IGF1R,5827,SRC
2783,IGF1R,6067,TDO2
2783,IGF1R,6074,TEC
2783,IGF1R,6356,TRIM39
2783,IGF1R,6484,TXK
2783,IGF1R,6627,VAV2
2783,IGF1R,6632,VCP
2783,IGF1R,6752,YES1
2784,IGF2,2786,IGF2R
2784,IGF2,2909,INSR
2786,IGF2R,4528,PLAU
2786,IGF2R,4555,PLIN3
2786,IGF2R,4729,PRKACA
2786,IGF2R,4956,RABEPK
2786,IGF2R,5752,SNX5
2786,IGF2R,5753,SNX6
2787,IGFBP1,3650,MMP26
2787,IGFBP1,4738,PRKCA
2788,IGFBP3,3151,KLK3
2788,IGFBP3,4552,PLG
2788,IGFBP3,4751,PRKDC
2788,IGFBP3,6275,TP53
2789,IGFBP4,3344,LRP6
2792,IGSF10,2793,IGSF11
2792,IGSF10,3413,MAG
2792,IGSF10,5596,SLAMF9
2793,IGSF11,4247,PCDHB3
2794,IGSF21,2881,ILDR2
2794,IGSF21,2986,IYD
2794,IGSF21,3723,MUC15
2794,IGSF21,4054,NRXN2
2795,IGSF3,4845,PTGFRN
2796,IGSF5,3305,LNX1
2796,IGSF5,3579,MERTK
2797,IGSF8,2825,IL17RC
2798,IGSF9B,3265,LILRA3
2798,IGSF9B,3862,NEGR1
2799,IHH,4832,PTCH1
2799,IHH,4833,PTCH2
2800,IKBKB,2801,IKBKE
2800,IKBKB,2802,IKBKG
2800,IKBKB,2926,IRF3
2800,IKBKB,2928,IRF5
2800,IKBKB,2933,IRS1
2800,IKBKB,3077,KEAP1
2800,IKBKB,3356,LRRK2
2800,IKBKB,3386,LYN
2800,IKBKB,3444,MAP3K1
2800,IKBKB,3449,MAP3K14
2800,IKBKB,3451,MAP3K3
2800,IKBKB,3455,MAP3K7
2800,IKBKB,3470,MAPK14
2800,IKBKB,3507,MAVS
2800,IKBKB,3831,NCOA3
2800,IKBKB,3890,NFE2L2
2800,IKBKB,3896,NFKB1
2800,IKBKB,3898,NFKBIA
2800,IKBKB,3899,NFKBIB
2800,IKBKB,3900,NFKBIE
2800,IKBKB,3959,NOD1
2800,IKBKB,3960,NOD2
2800,IKBKB,4344,PDPK1
2800,IKBKB,4388,PFKFB3
2800,IKBKB,4556,PLK1
2800,IKBKB,4648,PPM1A
2800,IKBKB,4649,PPM1B
2800,IKBKB,4658,PPM1M
2800,IKBKB,4684,PPP2CA
2800,IKBKB,4685,PPP2CB
2800,IKBKB,4727,PRKAA2
2800,IKBKB,4738,PRKCA
2800,IKBKB,4739,PRKCB
2800,IKBKB,4741,PRKCE
2800,IKBKB,4745,PRKCQ
2800,IKBKB,4747,PRKCZ
2800,IKBKB,4751,PRKDC
2800,IKBKB,5075,REL
2800,IKBKB,5076,RELA
2800,IKBKB,5144,RIPK2
2800,IKBKB,5278,RPS3
2800,IKBKB,5827,SRC
2800,IKBKB,6035,TBK1
2800,IKBKB,6204,TMIGD2
2800,IKBKB,6213,TNFAIP3
2800,IKBKB,6229,TNFRSF1A
2800,IKBKB,6275,TP53
2800,IKBKB,6284,TP63
2800,IKBKB,6285,TP73
2800,IKBKB,6306,TRAF2
2800,IKBKB,6311,TRAF6
2800,IKBKB,6316,TRAPPC9
2800,IKBKB,6423,TSC1
2800,IKBKB,6518,UBE2N
2800,IKBKB,6759,YWHAB
2801,IKBKE,2802,IKBKG
2801,IKBKE,2926,IRF3
2801,IKBKE,2929,IRF7
2801,IKBKE,3356,LRRK2
2801,IKBKE,3507,MAVS
2801,IKBKE,3666,MOV10
2801,IKBKE,3884,NFATC1
2801,IKBKE,3897,NFKB2
2801,IKBKE,3898,NFKBIA
2801,IKBKE,4221,PBXIP1
2801,IKBKE,5075,REL
2801,IKBKE,5076,RELA
2801,IKBKE,5883,STAT1
2801,IKBKE,5884,STAT2
2801,IKBKE,6014,TANK
2801,IKBKE,6035,TBK1
2801,IKBKE,6145,TICAM1
2801,IKBKE,6213,TNFAIP3
2801,IKBKE,6306,TRAF2
2801,IKBKE,6307,TRAF3
2801,IKBKE,6308,TRAF3IP2
2801,IKBKE,6736,XIAP
2801,IKBKE,6750,YAP1
2802,IKBKG,3455,MAP3K7
2802,IKBKG,3476,MAPK8
2802,IKBKG,3898,NFKBIA
2802,IKBKG,3899,NFKBIB
2802,IKBKG,4448,PIAS4
2802,IKBKG,5076,RELA
2802,IKBKG,5143,RIPK1
2802,IKBKG,5223,RNF31
2802,IKBKG,5827,SRC
2802,IKBKG,6213,TNFAIP3
2802,IKBKG,6249,TNIP1
2802,IKBKG,6311,TRAF6
2802,IKBKG,6518,UBE2N
2802,IKBKG,6523,UBE2V1
2803,IKZF1,4660,PPP1CA
2803,IKZF1,4661,PPP1CB
2803,IKZF1,4662,PPP1CC
2803,IKZF1,5964,SYK
2804,IL10,2805,IL10RA
2804,IL10,2806,IL10RB
2804,IL10,3406,MAF
2804,IL10,3896,NFKB1
2804,IL10,4219,PBX1
2804,IL10,5076,RELA
2804,IL10,5688,SMAD4
2804,IL10,5786,SP1
2804,IL10,5788,SP3
2805,IL10RA,2806,IL10RB
2805,IL10RA,2849,IL22
2805,IL10RA,2990,JAK1
2805,IL10RA,2991,JAK2
2805,IL10RA,6489,TYK2
2806,IL10RB,2849,IL22
2806,IL10RB,2854,IL24
2806,IL10RB,2856,IL26
2806,IL10RB,2990,JAK1
2806,IL10RB,6489,TYK2
2806,IL10RB,6548,UCN2
2806,IL10RB,6549,UCN3
2807,IL11,2808,IL11RA
2807,IL11,2874,IL6R
2807,IL11,2875,IL6ST
2809,IL12A,2810,IL12B
2809,IL12A,2811,IL12RB1
2809,IL12A,2812,IL12RB2
2809,IL12A,5075,REL
2810,IL12B,2811,IL12RB1
2810,IL12B,2812,IL12RB2
2810,IL12B,2853,IL23R
2811,IL12RB1,2852,IL23A
2811,IL12RB1,2853,IL23R
2811,IL12RB1,2991,JAK2
2811,IL12RB1,5758,SOCS3
2812,IL12RB2,2852,IL23A
2813,IL13,2814,IL13RA1
2813,IL13,2815,IL13RA2
2813,IL13,2861,IL2RG
2813,IL13,2870,IL4R
2813,IL13,6197,TMEM219
2814,IL13RA1,2869,IL4
2814,IL13RA1,2870,IL4R
2814,IL13RA1,2991,JAK2
2814,IL13RA1,6489,TYK2
2815,IL13RA2,2869,IL4
2816,IL15,2817,IL15RA
2816,IL15,2859,IL2RA
2816,IL15,2860,IL2RB
2816,IL15,2861,IL2RG
2817,IL15RA,2860,IL2RB
2817,IL15RA,2990,JAK1
2817,IL15RA,2992,JAK3
2817,IL15RA,5964,SYK
2817,IL15RA,6489,TYK2
2818,IL16,3021,KCNA3
2818,IL16,3029,KCND1
2818,IL16,3030,KCND2
2818,IL16,3038,KCNJ10
2818,IL16,3042,KCNJ15
2818,IL16,3045,KCNJ4
2818,IL16,3465,MAPK1
2818,IL16,3472,MAPK3
2818,IL16,4751,PRKDC
2819,IL17A,2823,IL17RA
2819,IL17A,2825,IL17RC
2820,IL17B,2824,IL17RB
2821,IL17C,2823,IL17RA
2821,IL17C,2826,IL17RE
2822,IL17F,2823,IL17RA
2822,IL17F,2825,IL17RC
2824,IL17RB,2855,IL25
2827,IL18,2828,IL18BP
2827,IL18,2829,IL18R1
2827,IL18,2830,IL18RAP
2827,IL18,2838,IL1RAPL1
2827,IL18,2841,IL1RL2
2828,IL18BP,2874,IL6R
2828,IL18BP,3114,KIR3DL3
2828,IL18BP,3265,LILRA3
2828,IL18BP,3413,MAG
2829,IL18R1,3876,NETO2
2831,IL19,2845,IL20RA
2831,IL19,2846,IL20RB
2832,IL1A,2835,IL1R1
2832,IL1A,2836,IL1R2
2832,IL1A,2837,IL1RAP
2832,IL1A,5283,RPS6KA3
2833,IL1B,2835,IL1R1
2833,IL1B,2836,IL1R2
2833,IL1B,2837,IL1RAP
2833,IL1B,5546,SIGIRR
2834,IL1F10,2835,IL1R1
2834,IL1F10,2838,IL1RAPL1
2834,IL1F10,2839,IL1RAPL2
2834,IL1F10,2841,IL1RL2
2834,IL1F10,5546,SIGIRR
2835,IL1R1,2837,IL1RAP
2835,IL1R1,2842,IL1RN
2835,IL1R1,2917,IRAK1
2835,IL1R1,2918,IRAK2
2835,IL1R1,3466,MAPK10
2835,IL1R1,3476,MAPK8
2835,IL1R1,3480,MAPK9
2835,IL1R1,3749,MYD88
2835,IL1R1,4467,PIK3R1
2835,IL1R1,4738,PRKCA
2836,IL1R2,2842,IL1RN
2836,IL1R2,6241,TNFSF13B
2837,IL1RAP,4884,PTPRD
2837,IL1RAP,4886,PTPRF
2837,IL1RAP,4894,PTPRS
2837,IL1RAP,6266,TOLLIP
2838,IL1RAPL1,3839,NCS1
2838,IL1RAPL1,4474,PILRB
2838,IL1RAPL1,4884,PTPRD
2838,IL1RAPL1,4886,PTPRF
2838,IL1RAPL1,4887,PTPRG
2838,IL1RAPL1,4894,PTPRS
2838,IL1RAPL1,5549,SIGLEC12
2839,IL1RAPL2,3839,NCS1
2839,IL1RAPL2,4884,PTPRD
2839,IL1RAPL2,4894,PTPRS
2840,IL1RL1,2866,IL33
2840,IL1RL1,3378,LTF
2840,IL1RL1,5556,SIGLEC9
2841,IL1RL2,2842,IL1RN
2843,IL2,2859,IL2RA
2843,IL2,2860,IL2RB
2843,IL2,2861,IL2RG
2843,IL2,3911,NGFR
2844,IL20,2845,IL20RA
2844,IL20,2846,IL20RB
2844,IL20,2850,IL22RA1
2845,IL20RA,2849,IL22
2845,IL20RA,2854,IL24
2845,IL20RA,2856,IL26
2845,IL20RA,2990,JAK1
2845,IL20RA,3388,LYPD6
2845,IL20RA,3662,MOG
2845,IL20RA,4050,NRP2
2845,IL20RA,4245,PCDHAC1
2845,IL20RA,6489,TYK2
2846,IL20RB,2854,IL24
2846,IL20RB,2856,IL26
2846,IL20RB,2990,JAK1
2846,IL20RB,6489,TYK2
2847,IL21,2848,IL21R
2847,IL21,2861,IL2RG
2847,IL21,2870,IL4R
2848,IL21R,2849,IL22
2848,IL21R,2869,IL4
2848,IL21R,2990,JAK1
2848,IL21R,2992,JAK3
2849,IL22,2850,IL22RA1
2849,IL22,2851,IL22RA2
2850,IL22RA1,2854,IL24
2850,IL22RA1,2990,JAK1
2850,IL22RA1,6489,TYK2
2852,IL23A,2853,IL23R
2852,IL23A,3263,LILRA1
2852,IL23A,3270,LILRB2
2852,IL23A,5553,SIGLEC6
2853,IL23R,2991,JAK2
2853,IL23R,6489,TYK2
2857,IL27,2858,IL27RA
2859,IL2RA,2879,IL9R
2859,IL2RA,4738,PRKCA
2859,IL2RA,4739,PRKCB
2860,IL2RB,2909,INSR
2860,IL2RB,2990,JAK1
2860,IL2RB,3216,LCK
2860,IL2RB,3472,MAPK3
2860,IL2RB,4004,NPTN
2860,IL2RB,4877,PTPN6
2860,IL2RB,5528,SHC1
2861,IL2RG,2869,IL4
2861,IL2RG,2870,IL4R
2861,IL2RG,2876,IL7
2861,IL2RG,2878,IL9
2861,IL2RG,2990,JAK1
2861,IL2RG,2992,JAK3
2861,IL2RG,4467,PIK3R1
2861,IL2RG,4468,PIK3R2
2862,IL3,2868,IL3RA
2862,IL3,5317,RUNX1
2863,IL31,2864,IL31RA
2863,IL31,4136,OSMR
2864,IL31RA,2990,JAK1
2864,IL31RA,2991,JAK2
2865,IL32,2965,ITGB3
2867,IL34,4897,PTPRZ1
2868,IL3RA,2991,JAK2
2868,IL3RA,6770,ZBTB16
2869,IL4,2870,IL4R
2869,IL4,4848,PTGS2
2870,IL4R,2933,IRS1
2870,IL4R,2934,IRS2
2870,IL4R,2990,JAK1
2870,IL4R,2991,JAK2
2870,IL4R,2992,JAK3
2870,IL4R,4266,PCDHGB6
2870,IL4R,5555,SIGLEC8
2870,IL4R,5887,STAT5A
2871,IL5,2872,IL5RA
2872,IL5RA,2991,JAK2
2872,IL5RA,3386,LYN
2872,IL5RA,5782,SOX4
2873,IL6,2874,IL6R
2873,IL6,2875,IL6ST
2873,IL6,3730,MUSK
2873,IL6,5832,SRF
2874,IL6R,2875,IL6ST
2874,IL6R,2880,ILDR1
2874,IL6R,2942,ISLR2
2874,IL6R,2991,JAK2
2874,IL6R,3265,LILRA3
2874,IL6R,3269,LILRB1
2874,IL6R,3364,LRTM2
2874,IL6R,3413,MAG
2874,IL6R,3675,MPZ
2874,IL6R,5758,SOCS3
2875,IL6ST,2990,JAK1
2875,IL6ST,2991,JAK2
2875,IL6ST,3258,LIF
2875,IL6ST,3259,LIFR
2875,IL6ST,4135,OSM
2875,IL6ST,4136,OSMR
2875,IL6ST,4684,PPP2CA
2875,IL6ST,4685,PPP2CB
2875,IL6ST,4740,PRKCD
2875,IL6ST,5528,SHC1
2875,IL6ST,5758,SOCS3
2875,IL6ST,6489,TYK2
2875,IL6ST,6661,VSIG10
2876,IL7,2877,IL7R
2877,IL7R,2990,JAK1
2877,IL7R,2992,JAK3
2877,IL7R,3118,KIT
2877,IL7R,6221,TNFRSF11B
2877,IL7R,6431,TSLP
2878,IL9,2879,IL9R
2879,IL9R,2990,JAK1
2879,IL9R,2992,JAK3
2880,ILDR1,3083,KIAA0319L
2880,ILDR1,3269,LILRB1
2880,ILDR1,3738,MXRA5
2880,ILDR1,4474,PILRB
2882,ILF3,3470,MAPK14
2882,ILF3,4739,PRKCB
2883,ILK,2962,ITGB1
2883,ILK,3757,MYL12B
2883,ILK,3796,NACA
2883,ILK,4179,PAK1
2883,ILK,4664,PPP1R12A
2883,ILK,4669,PPP1R14A
2883,ILK,4670,PPP1R14B
2883,ILK,4671,PPP1R14C
2883,ILK,4738,PRKCA
2883,ILK,4912,PXN
2884,ILKAP,3465,MAPK1
2884,ILKAP,3472,MAPK3
2885,IMMT,4480,PINK1
2885,IMMT,4729,PRKACA
2886,IMP3,3669,MPHOSPH10
2887,IMP4,3669,MPHOSPH10
2889,IMPG2,4759,PRLR
2890,INA,4751,PRKDC
2892,INCENP,3209,LATS1
2892,INCENP,3210,LATS2
2892,INCENP,4556,PLK1
2892,INCENP,4739,PRKCB
2892,INCENP,4752,PRKG1
2892,INCENP,5283,RPS6KA3
2893,ING1,5573,SIRT2
2896,INHA,6117,TGFBR3
2897,INHBA,5687,SMAD3
2897,INHBA,6117,TGFBR3
2898,INHBB,5687,SMAD3
2901,INPP5D,4536,PLCG2
2901,INPP5D,5528,SHC1
2901,INPP5D,5964,SYK
2901,INPP5D,6311,TRAF6
2902,INPPL1,3216,LCK
2902,INPPL1,3477,MAPK8IP1
2902,INPPL1,5827,SRC
2903,INS,2908,INSM1
2903,INS,2909,INSR
2903,INS,3269,LILRB1
2903,INS,3270,LILRB2
2903,INS,3340,LRP2
2904,INSIG1,4726,PRKAA1
2904,INSIG1,5180,RNF139
2904,INSIG1,5367,SCAP
2904,INSIG1,5459,SERBP1
2905,INSIG2,4278,PCK1
2905,INSIG2,5180,RNF139
2905,INSIG2,5367,SCAP
2906,INSL3,4850,PTH1R
2906,INSL3,4992,RAMP2
2906,INSL3,4993,RAMP3
2906,INSL3,5322,RXFP1
2906,INSL3,5323,RXFP2
2906,INSL3,6428,TSHR
2906,INSL3,6646,VIPR1
2907,INSL5,3717,MTNR1A
2907,INSL5,5324,RXFP3
2907,INSL5,5325,RXFP4
2908,INSM1,3878,NEUROD1
2909,INSR,2933,IRS1
2909,INSR,2934,IRS2
2909,INSR,2935,IRS4
2909,INSR,2973,ITK
2909,INSR,3118,KIT
2909,INSR,3120,KL
2909,INSR,3207,LAT
2909,INSR,3216,LCK
2909,INSR,3323,LPP
2909,INSR,3386,LYN
2909,INSR,3458,MAP4K1
2909,INSR,3580,MET
2909,INSR,3676,MPZL1
2909,INSR,3801,NAMPT
2909,INSR,3877,NEU1
2909,INSR,4072,NTRK1
2909,INSR,4073,NTRK2
2909,INSR,4074,NTRK3
2909,INSR,4289,PCSK6
2909,INSR,4326,PDGFRB
2909,INSR,4344,PDPK1
2909,INSR,4467,PIK3R1
2909,INSR,4469,PIK3R3
2909,INSR,4472,PIKFYVE
2909,INSR,4541,PLEC
2909,INSR,4664,PPP1R12A
2909,INSR,4681,PPP1R8
2909,INSR,4727,PRKAA2
2909,INSR,4738,PRKCA
2909,INSR,4744,PRKCI
2909,INSR,4810,PSMB4
2909,INSR,4837,PTEN
2909,INSR,4854,PTK2
2909,INSR,4855,PTK2B
2909,INSR,4864,PTPN1
2909,INSR,4865,PTPN11
2909,INSR,4866,PTPN12
2909,INSR,4867,PTPN13
2909,INSR,4870,PTPN2
2909,INSR,4877,PTPN6
2909,INSR,4879,PTPN9
2909,INSR,4880,PTPRA
2909,INSR,4881,PTPRB
2909,INSR,4885,PTPRE
2909,INSR,4886,PTPRF
2909,INSR,4887,PTPRG
2909,INSR,4888,PTPRH
2909,INSR,4889,PTPRJ
2909,INSR,4908,PVR
2909,INSR,5019,RASA1
2909,INSR,5047,RBM3
2909,INSR,5107,RGS16
2909,INSR,5251,ROS1
2909,INSR,5295,RRAS
2909,INSR,5503,SH2B2
2909,INSR,5509,SH3BP2
2909,INSR,5528,SHC1
2909,INSR,5765,SORBS1
2909,INSR,5827,SRC
2909,INSR,5887,STAT5A
2909,INSR,5888,STAT5B
2909,INSR,5964,SYK
2909,INSR,6035,TBK1
2909,INSR,6253,TNKS1BP1
2909,INSR,6424,TSC2
2909,INSR,6626,VAV1
2909,INSR,6627,VAV2
2909,INSR,6725,WWOX
2909,INSR,6751,YBX1
2909,INSR,6752,YES1
2909,INSR,6766,ZAP70
2909,INSR,6796,ZFYVE16
2909,INSR,6818,ZNF24
2909,INSR,6819,ZNF264
2910,INTS4,4609,POLR2A
2914,IQGAP1,3460,MAP4K3
2914,IQGAP1,3466,MAPK10
2914,IQGAP1,3580,MET
2914,IQGAP1,4037,NRAS
2914,IQGAP1,4738,PRKCA
2914,IQGAP1,4741,PRKCE
2914,IQGAP1,4960,RAC1
2915,IQGAP2,4729,PRKACA
2917,IRAK1,2918,IRAK2
2917,IRAK1,2919,IRAK3
2917,IRAK1,2920,IRAK4
2917,IRAK1,2929,IRF7
2917,IRAK1,3749,MYD88
2917,IRAK1,4361,PELI1
2917,IRAK1,4362,PELI2
2917,IRAK1,4363,PELI3
2917,IRAK1,4744,PRKCI
2917,IRAK1,5756,SOCS1
2917,IRAK1,5885,STAT3
2917,IRAK1,5984,TAB1
2917,IRAK1,5985,TAB2
2917,IRAK1,6157,TIRAP
2917,IRAK1,6266,TOLLIP
2917,IRAK1,6311,TRAF6
2919,IRAK3,2920,IRAK4
2920,IRAK4,3749,MYD88
2920,IRAK4,3820,NCF1
2920,IRAK4,4362,PELI2
2920,IRAK4,6157,TIRAP
2920,IRAK4,6177,TLR4
2920,IRAK4,6179,TLR6
2920,IRAK4,6180,TLR7
2921,IREB2,6642,VHL
2922,IRF1,2930,IRF8
2922,IRF1,2939,ISG20
2922,IRF1,3164,KPNA2
2922,IRF1,3262,LIG4
2922,IRF1,3969,NOS2
2922,IRF1,4060,NSMCE2
2922,IRF1,4282,PCNA
2922,IRF1,4806,PSMA6
2922,IRF1,5787,SP2
2922,IRF1,5883,STAT1
2922,IRF1,6237,TNFSF10
2923,IRF2,2924,IRF2BP1
2923,IRF2,2925,IRF2BP2
2923,IRF2,5883,STAT1
2924,IRF2BP1,6513,UBE2I
2925,IRF2BP2,6513,UBE2I
2926,IRF3,2938,ISG15
2926,IRF3,3164,KPNA2
2926,IRF3,3456,MAP3K8
2926,IRF3,3476,MAPK8
2926,IRF3,3480,MAPK9
2926,IRF3,3507,MAVS
2926,IRF3,4478,PIN1
2926,IRF3,4684,PPP2CA
2926,IRF3,4739,PRKCB
2926,IRF3,4751,PRKDC
2926,IRF3,5040,RBCK1
2926,IRF3,6035,TBK1
2926,IRF3,6768,ZBP1
2927,IRF4,2928,IRF5
2927,IRF4,5246,ROCK2
2928,IRF5,3386,LYN
2928,IRF5,5144,RIPK2
2928,IRF5,6035,TBK1
2928,IRF5,6275,TP53
2928,IRF5,6311,TRAF6
2929,IRF7,3012,KAT2A
2929,IRF7,3013,KAT2B
2929,IRF7,3507,MAVS
2929,IRF7,6035,TBK1
2929,IRF7,6513,UBE2I
2930,IRF8,3819,NCBP1
2930,IRF8,5803,SPI1
2930,IRF8,5883,STAT1
2931,IRF9,5883,STAT1
2931,IRF9,5884,STAT2
2932,IRGC,5883,STAT1
2933,IRS1,2935,IRS4
2933,IRS1,2990,JAK1
2933,IRS1,2991,JAK2
2933,IRS1,2992,JAK3
2933,IRS1,3379,LTK
2933,IRS1,3386,LYN
2933,IRS1,3437,MAP2K1
2933,IRS1,3443,MAP2K7
2933,IRS1,3465,MAPK1
2933,IRS1,3470,MAPK14
2933,IRS1,3472,MAPK3
2933,IRS1,3476,MAPK8
2933,IRS1,3480,MAPK9
2933,IRS1,3580,MET
2933,IRS1,3719,MTOR
2933,IRS1,3823,NCK1
2933,IRS1,4072,NTRK1
2933,IRS1,4073,NTRK2
2933,IRS1,4423,PHIP
2933,IRS1,4463,PIK3CA
2933,IRS1,4464,PIK3CB
2933,IRS1,4466,PIK3CG
2933,IRS1,4467,PIK3R1
2933,IRS1,4478,PIN1
2933,IRS1,4479,PIN4
2933,IRS1,4556,PLK1
2933,IRS1,4727,PRKAA2
2933,IRS1,4728,PRKAB1
2933,IRS1,4729,PRKACA
2933,IRS1,4738,PRKCA
2933,IRS1,4740,PRKCD
2933,IRS1,4742,PRKCG
2933,IRS1,4745,PRKCQ
2933,IRS1,4747,PRKCZ
2933,IRS1,4751,PRKDC
2933,IRS1,4864,PTPN1
2933,IRS1,4865,PTPN11
2933,IRS1,4867,PTPN13
2933,IRS1,4886,PTPRF
2933,IRS1,5246,ROCK2
2933,IRS1,5281,RPS6KA1
2933,IRS1,5283,RPS6KA3
2933,IRS1,5287,RPS6KB1
2933,IRS1,5528,SHC1
2933,IRS1,5557,SIK1
2933,IRS1,5558,SIK2
2933,IRS1,5758,SOCS3
2933,IRS1,6762,YWHAH
2934,IRS2,2990,JAK1
2934,IRS2,2992,JAK3
2934,IRS2,3465,MAPK1
2934,IRS2,3470,MAPK14
2934,IRS2,3476,MAPK8
2934,IRS2,4073,NTRK2
2934,IRS2,4326,PDGFRB
2934,IRS2,4463,PIK3CA
2934,IRS2,4466,PIK3CG
2934,IRS2,4739,PRKCB
2934,IRS2,4751,PRKDC
2934,IRS2,4886,PTPRF
2934,IRS2,5283,RPS6KA3
2935,IRS4,3717,MTNR1A
2935,IRS4,3718,MTNR1B
2935,IRS4,4466,PIK3CG
2935,IRS4,4702,PPP4C
2936,IRX2,3465,MAPK1
2936,IRX2,3472,MAPK3
2937,ISCU,3719,MTOR
2938,ISG15,2990,JAK1
2938,ISG15,5883,STAT1
2940,ISL1,3256,LHX3
2941,ISL2,3256,LHX3
2941,ISL2,3476,MAPK8
2942,ISLR2,3235,LEP
2942,ISLR2,3675,MPZ
2942,ISLR2,3812,NCAM1
2942,ISLR2,4456,PIGR
2942,ISLR2,4791,PRTG
2943,ITCH,3476,MAPK8
2943,ITCH,3507,MAVS
2943,ITCH,3790,N4BP1
2943,ITCH,3972,NOTCH1
2943,ITCH,4087,NUMB
2943,ITCH,4088,NUMBL
2943,ITCH,4224,PCBP2
2943,ITCH,4729,PRKACA
2943,ITCH,5162,RNF11
2943,ITCH,5500,SGK3
2943,ITCH,5513,SH3GL2
2943,ITCH,5686,SMAD2
2943,ITCH,5691,SMAD7
2943,ITCH,6213,TNFAIP3
2943,ITCH,6250,TNIP2
2943,ITCH,6284,TP63
2943,ITCH,6285,TP73
2943,ITCH,6513,UBE2I
2943,ITCH,6750,YAP1
2944,ITGA1,3189,LAMA1
2944,ITGA1,3190,LAMA2
2944,ITGA1,3194,LAMB1
2944,ITGA1,3197,LAMC1
2944,ITGA1,3505,MATN1
2944,ITGA1,5453,SEMA7A
2944,ITGA1,5765,SORBS1
2946,ITGA11,5786,SP1
2946,ITGA11,5788,SP3
2947,ITGA2,3189,LAMA1
2947,ITGA2,3190,LAMA2
2947,ITGA2,3193,LAMA5
2947,ITGA2,3194,LAMB1
2947,ITGA2,3196,LAMB3
2947,ITGA2,3197,LAMC1
2947,ITGA2,3198,LAMC2
2947,ITGA2,3199,LAMC3
2947,ITGA2,3580,MET
2947,ITGA2,3637,MMP1
2947,ITGA2,5403,SDC1
2948,ITGA2B,4739,PRKCB
2948,ITGA2B,4751,PRKDC
2948,ITGA2B,6124,THBS1
2948,ITGA2B,6665,VTN
2948,ITGA2B,6666,VWF
2949,ITGA3,3189,LAMA1
2949,ITGA3,3190,LAMA2
2949,ITGA3,3191,LAMA3
2949,ITGA3,3192,LAMA4
2949,ITGA3,3193,LAMA5
2949,ITGA3,3194,LAMB1
2949,ITGA3,3195,LAMB2
2949,ITGA3,3196,LAMB3
2949,ITGA3,3197,LAMC1
2949,ITGA3,3198,LAMC2
2949,ITGA3,3199,LAMC3
2949,ITGA3,3242,LGALS8
2949,ITGA3,3580,MET
2949,ITGA3,3918,NID1
2949,ITGA3,4528,PLAU
2949,ITGA3,5079,RELN
2949,ITGA3,6124,THBS1
2949,ITGA3,6152,TIMP2
2949,ITGA3,6665,VTN
2950,ITGA4,2994,JAM2
2950,ITGA4,3403,MADCAM1
2950,ITGA4,3551,MDK
2950,ITGA4,3603,MIA
2950,ITGA4,4518,PLA2G2A
2950,ITGA4,4729,PRKACA
2950,ITGA4,5283,RPS6KA3
2950,ITGA4,5811,SPON2
2950,ITGA4,5813,SPP1
2950,ITGA4,6119,TGM2
2950,ITGA4,6124,THBS1
2950,ITGA4,6125,THBS2
2950,ITGA4,6629,VCAM1
2950,ITGA4,6630,VCAN
2950,ITGA4,6666,VWF
2950,ITGA4,6770,ZBTB16
2951,ITGA5,3182,L1CAM
2951,ITGA5,3580,MET
2951,ITGA5,3603,MIA
2951,ITGA5,4518,PLA2G2A
2951,ITGA5,4528,PLAU
2951,ITGA5,4870,PTPN2
2951,ITGA5,5811,SPON2
2951,ITGA5,5813,SPP1
2951,ITGA5,6077,TEK
2951,ITGA5,6210,TNC
2951,ITGA5,6665,VTN
2952,ITGA6,3189,LAMA1
2952,ITGA6,3190,LAMA2
2952,ITGA6,3192,LAMA4
2952,ITGA6,3193,LAMA5
2952,ITGA6,3194,LAMB1
2952,ITGA6,3196,LAMB3
2952,ITGA6,3197,LAMC1
2952,ITGA6,3198,LAMC2
2952,ITGA6,3199,LAMC3
2952,ITGA6,3551,MDK
2952,ITGA6,3580,MET
2952,ITGA6,4582,PMP22
2952,ITGA6,6124,THBS1
2952,ITGA6,6125,THBS2
2952,ITGA6,6433,TSPAN1
2953,ITGA7,3189,LAMA1
2953,ITGA7,3190,LAMA2
2953,ITGA7,3194,LAMB1
2953,ITGA7,3197,LAMC1
2953,ITGA7,6210,TNC
2954,ITGA8,3995,NPNT
2954,ITGA8,6665,VTN
2955,ITGA9,4552,PLG
2955,ITGA9,5813,SPP1
2955,ITGA9,5958,SVEP1
2955,ITGA9,6119,TGM2
2955,ITGA9,6210,TNC
2955,ITGA9,6629,VCAM1
2955,ITGA9,6637,VEGFA
2955,ITGA9,6639,VEGFC
2955,ITGA9,6666,VWF
2956,ITGAD,6629,VCAM1
2958,ITGAL,2991,JAK2
2958,ITGAL,3392,LYZ
2958,ITGAL,5827,SRC
2959,ITGAM,2995,JAM3
2959,ITGAM,3162,KNG1
2959,ITGAM,3313,LPA
2959,ITGAM,3654,MMP9
2959,ITGAM,4527,PLAT
2959,ITGAM,4528,PLAU
2959,ITGAM,4552,PLG
2959,ITGAM,4766,PROC
2959,ITGAM,5433,SELPLG
2959,ITGAM,5803,SPI1
2959,ITGAM,5811,SPON2
2960,ITGAV,3182,L1CAM
2960,ITGAV,3192,LAMA4
2960,ITGAV,3194,LAMB1
2960,ITGAV,3197,LAMC1
2960,ITGAV,3592,MFGE8
2960,ITGAV,3918,NID1
2960,ITGAV,4322,PDGFB
2960,ITGAV,4518,PLA2G2A
2960,ITGAV,4528,PLAU
2960,ITGAV,5471,SERPINE1
2960,ITGAV,5813,SPP1
2960,ITGAV,6111,TGFB1
2960,ITGAV,6140,THY1
2960,ITGAV,6210,TNC
2960,ITGAV,6637,VEGFA
2960,ITGAV,6665,VTN
2961,ITGAX,3580,MET
2962,ITGB1,2963,ITGB1BP1
2962,ITGB1,2995,JAM3
2962,ITGB1,3189,LAMA1
2962,ITGB1,3190,LAMA2
2962,ITGB1,3191,LAMA3
2962,ITGB1,3192,LAMA4
2962,ITGB1,3193,LAMA5
2962,ITGB1,3194,LAMB1
2962,ITGB1,3195,LAMB2
2962,ITGB1,3196,LAMB3
2962,ITGB1,3197,LAMC1
2962,ITGB1,3198,LAMC2
2962,ITGB1,3199,LAMC3
2962,ITGB1,3239,LGALS1
2962,ITGB1,3241,LGALS3BP
2962,ITGB1,3380,LUM
2962,ITGB1,3505,MATN1
2962,ITGB1,3551,MDK
2962,ITGB1,3580,MET
2962,ITGB1,3603,MIA
2962,ITGB1,3918,NID1
2962,ITGB1,3995,NPNT
2962,ITGB1,4227,PCDH10
2962,ITGB1,4231,PCDH9
2962,ITGB1,4232,PCDHA1
2962,ITGB1,4233,PCDHA10
2962,ITGB1,4234,PCDHA11
2962,ITGB1,4235,PCDHA12
2962,ITGB1,4236,PCDHA13
2962,ITGB1,4237,PCDHA2
2962,ITGB1,4238,PCDHA3
2962,ITGB1,4239,PCDHA4
2962,ITGB1,4240,PCDHA5
2962,ITGB1,4241,PCDHA6
2962,ITGB1,4242,PCDHA7
2962,ITGB1,4243,PCDHA8
2962,ITGB1,4244,PCDHA9
2962,ITGB1,4245,PCDHAC1
2962,ITGB1,4246,PCDHAC2
2962,ITGB1,4344,PDPK1
2962,ITGB1,4518,PLA2G2A
2962,ITGB1,4528,PLAU
2962,ITGB1,4552,PLG
2962,ITGB1,4684,PPP2CA
2962,ITGB1,4685,PPP2CB
2962,ITGB1,4729,PRKACA
2962,ITGB1,4738,PRKCA
2962,ITGB1,4855,PTK2B
2962,ITGB1,4863,PTP4A3
2962,ITGB1,4887,PTPRG
2962,ITGB1,5079,RELN
2962,ITGB1,5403,SDC1
2962,ITGB1,5453,SEMA7A
2962,ITGB1,5811,SPON2
2962,ITGB1,5813,SPP1
2962,ITGB1,5827,SRC
2962,ITGB1,6111,TGFB1
2962,ITGB1,6114,TGFB3
2962,ITGB1,6119,TGM2
2962,ITGB1,6124,THBS1
2962,ITGB1,6125,THBS2
2962,ITGB1,6152,TIMP2
2962,ITGB1,6171,TLN1
2962,ITGB1,6210,TNC
2962,ITGB1,6433,TSPAN1
2962,ITGB1,6629,VCAM1
2962,ITGB1,6630,VCAN
2962,ITGB1,6637,VEGFA
2962,ITGB1,6639,VEGFC
2962,ITGB1,6665,VTN
2962,ITGB1,6666,VWF
2963,ITGB1BP1,2964,ITGB2
2963,ITGB1BP1,2965,ITGB3
2963,ITGB1BP1,2967,ITGB4
2963,ITGB1BP1,2968,ITGB5
2963,ITGB1BP1,2969,ITGB6
2963,ITGB1BP1,2970,ITGB7
2963,ITGB1BP1,2971,ITGB8
2964,ITGB2,2991,JAK2
2964,ITGB2,3162,KNG1
2964,ITGB2,3216,LCK
2964,ITGB2,3313,LPA
2964,ITGB2,3551,MDK
2964,ITGB2,3654,MMP9
2964,ITGB2,4527,PLAT
2964,ITGB2,4528,PLAU
2964,ITGB2,4552,PLG
2964,ITGB2,4738,PRKCA
2964,ITGB2,4739,PRKCB
2964,ITGB2,4740,PRKCD
2964,ITGB2,4743,PRKCH
2964,ITGB2,4766,PROC
2964,ITGB2,5339,S100A8
2964,ITGB2,5340,S100A9
2964,ITGB2,5433,SELPLG
2964,ITGB2,5803,SPI1
2964,ITGB2,5811,SPON2
2964,ITGB2,5827,SRC
2964,ITGB2,6140,THY1
2964,ITGB2,6171,TLN1
2964,ITGB2,6629,VCAM1
2965,ITGB3,2966,ITGB3BP
2965,ITGB3,3592,MFGE8
2965,ITGB3,3918,NID1
2965,ITGB3,4335,PDK1
2965,ITGB3,4344,PDPK1
2965,ITGB3,4518,PLA2G2A
2965,ITGB3,4529,PLAUR
2965,ITGB3,4738,PRKCA
2965,ITGB3,4854,PTK2
2965,ITGB3,5112,RGS6
2965,ITGB3,5813,SPP1
2965,ITGB3,5827,SRC
2965,ITGB3,5964,SYK
2965,ITGB3,6111,TGFB1
2965,ITGB3,6114,TGFB3
2965,ITGB3,6119,TGM2
2965,ITGB3,6124,THBS1
2965,ITGB3,6125,THBS2
2965,ITGB3,6171,TLN1
2965,ITGB3,6210,TNC
2965,ITGB3,6637,VEGFA
2965,ITGB3,6665,VTN
2965,ITGB3,6666,VWF
2966,ITGB3BP,2968,ITGB5
2966,ITGB3BP,4179,PAK1
2967,ITGB4,3189,LAMA1
2967,ITGB4,3190,LAMA2
2967,ITGB4,3191,LAMA3
2967,ITGB4,3193,LAMA5
2967,ITGB4,3194,LAMB1
2967,ITGB4,3195,LAMB2
2967,ITGB4,3196,LAMB3
2967,ITGB4,3197,LAMC1
2967,ITGB4,3198,LAMC2
2967,ITGB4,3199,LAMC3
2967,ITGB4,3580,MET
2967,ITGB4,4463,PIK3CA
2967,ITGB4,4464,PIK3CB
2967,ITGB4,4465,PIK3CD
2967,ITGB4,4466,PIK3CG
2967,ITGB4,4582,PMP22
2967,ITGB4,4729,PRKACA
2967,ITGB4,4738,PRKCA
2967,ITGB4,4748,PRKD1
2967,ITGB4,4854,PTK2
2967,ITGB4,5827,SRC
2967,ITGB4,6171,TLN1
2968,ITGB5,3373,LTBP1
2968,ITGB5,3375,LTBP3
2968,ITGB5,3592,MFGE8
2968,ITGB5,4183,PAK4
2968,ITGB5,4528,PLAU
2968,ITGB5,4854,PTK2
2968,ITGB5,5471,SERPINE1
2968,ITGB5,5765,SORBS1
2968,ITGB5,5813,SPP1
2968,ITGB5,5827,SRC
2968,ITGB5,6111,TGFB1
2968,ITGB5,6114,TGFB3
2968,ITGB5,6171,TLN1
2968,ITGB5,6631,VCL
2968,ITGB5,6665,VTN
2969,ITGB6,4854,PTK2
2969,ITGB6,5827,SRC
2969,ITGB6,6111,TGFB1
2969,ITGB6,6114,TGFB3
2969,ITGB6,6171,TLN1
2969,ITGB6,6665,VTN
2970,ITGB7,3403,MADCAM1
2970,ITGB7,4739,PRKCB
2970,ITGB7,4740,PRKCD
2970,ITGB7,4854,PTK2
2970,ITGB7,5827,SRC
2970,ITGB7,6171,TLN1
2970,ITGB7,6629,VCAM1
2971,ITGB8,3189,LAMA1
2971,ITGB8,3194,LAMB1
2971,ITGB8,4854,PTK2
2971,ITGB8,5827,SRC
2971,ITGB8,6111,TGFB1
2971,ITGB8,6171,TLN1
2971,ITGB8,6665,VTN
2973,ITK,3207,LAT
2973,ITK,3216,LCK
2973,ITK,3221,LCP2
2973,ITK,4535,PLCG1
2973,ITK,4536,PLCG2
2973,ITK,5548,SIGLEC10
2973,ITK,6074,TEC
2973,ITK,6626,VAV1
2973,ITK,6628,VAV3
2976,ITM2B,5248,ROR2
2978,ITPKA,4729,PRKACA
2978,ITPKA,4738,PRKCA
2978,ITPKA,4739,PRKCB
2979,ITPKB,4729,PRKACA
2979,ITPKB,4738,PRKCA
2980,ITPR1,2983,ITPRIPL1
2980,ITPR1,3386,LYN
2980,ITPR1,3465,MAPK1
2980,ITPR1,4701,PPP3R1
2980,ITPR1,4729,PRKACA
2980,ITPR1,4751,PRKDC
2980,ITPR1,4752,PRKG1
2980,ITPR1,5199,RNF170
2980,ITPR1,5283,RPS6KA3
2980,ITPR1,6403,TRPC3
2981,ITPR2,5199,RNF170
2981,ITPR2,6402,TRPC1
2982,ITPR3,6403,TRPC3
2982,ITPR3,6419,TRPV4
2984,ITSN1,3466,MAPK10
2984,ITSN1,3480,MAPK9
2984,ITSN1,5283,RPS6KA3
2985,ITSN2,3216,LCK
2987,IZUMO1,3267,LILRA5
2988,JAG1,3238,LFNG
2988,JAG1,3595,MFNG
2988,JAG1,3604,MIB1
2988,JAG1,3972,NOTCH1
2988,JAG1,3973,NOTCH2
2988,JAG1,3974,NOTCH3
2988,JAG1,3975,NOTCH4
2988,JAG1,4927,RAB11A
2988,JAG1,6699,WNT1
2989,JAG2,3605,MIB2
2989,JAG2,3745,MYC
2989,JAG2,3972,NOTCH1
2989,JAG2,3973,NOTCH2
2989,JAG2,3974,NOTCH3
2989,JAG2,3975,NOTCH4
2990,JAK1,2991,JAK2
2990,JAK1,2992,JAK3
2990,JAK1,3216,LCK
2990,JAK1,3236,LEPR
2990,JAK1,3259,LIFR
2990,JAK1,4136,OSMR
2990,JAK1,4467,PIK3R1
2990,JAK1,4468,PIK3R2
2990,JAK1,4747,PRKCZ
2990,JAK1,4865,PTPN11
2990,JAK1,4870,PTPN2
2990,JAK1,4877,PTPN6
2990,JAK1,4882,PTPRC
2990,JAK1,5528,SHC1
2990,JAK1,5572,SIRT1
2990,JAK1,5756,SOCS1
2990,JAK1,5758,SOCS3
2990,JAK1,5874,STAM2
2990,JAK1,5883,STAT1
2990,JAK1,5884,STAT2
2990,JAK1,5885,STAT3
2990,JAK1,5887,STAT5A
2990,JAK1,5888,STAT5B
2990,JAK1,5889,STAT6
2990,JAK1,5964,SYK
2990,JAK1,5976,SYP
2990,JAK1,6489,TYK2
2991,JAK2,2992,JAK3
2991,JAK2,3118,KIT
2991,JAK2,3236,LEPR
2991,JAK2,3259,LIFR
2991,JAK2,3453,MAP3K5
2991,JAK2,3465,MAPK1
2991,JAK2,3472,MAPK3
2991,JAK2,3671,MPL
2991,JAK2,3745,MYC
2991,JAK2,3920,NIN
2991,JAK2,4136,OSMR
2991,JAK2,4179,PAK1
2991,JAK2,4335,PDK1
2991,JAK2,4684,PPP2CA
2991,JAK2,4738,PRKCA
2991,JAK2,4759,PRLR
2991,JAK2,4761,PRMT5
2991,JAK2,4864,PTPN1
2991,JAK2,4865,PTPN11
2991,JAK2,4866,PTPN12
2991,JAK2,4877,PTPN6
2991,JAK2,4882,PTPRC
2991,JAK2,4887,PTPRG
2991,JAK2,4980,RAF1
2991,JAK2,5502,SH2B1
2991,JAK2,5504,SH2B3
2991,JAK2,5516,SH3KBP1
2991,JAK2,5568,SIRPA
2991,JAK2,5659,SLC6A8
2991,JAK2,5756,SOCS1
2991,JAK2,5758,SOCS3
2991,JAK2,5827,SRC
2991,JAK2,5873,STAM
2991,JAK2,5877,STAP2
2991,JAK2,5883,STAT1
2991,JAK2,5885,STAT3
2991,JAK2,5886,STAT4
2991,JAK2,5887,STAT5A
2991,JAK2,5888,STAT5B
2991,JAK2,5889,STAT6
2991,JAK2,5976,SYP
2991,JAK2,6074,TEC
2991,JAK2,6087,TET2
2992,JAK3,3216,LCK
2992,JAK3,3884,NFATC1
2992,JAK3,4539,PLD2
2992,JAK3,4855,PTK2B
2992,JAK3,4865,PTPN11
2992,JAK3,4870,PTPN2
2992,JAK3,4877,PTPN6
2992,JAK3,4882,PTPRC
2992,JAK3,5528,SHC1
2992,JAK3,5548,SIGLEC10
2992,JAK3,5756,SOCS1
2992,JAK3,5758,SOCS3
2992,JAK3,5873,STAM
2992,JAK3,5883,STAT1
2992,JAK3,5884,STAT2
2992,JAK3,5885,STAT3
2992,JAK3,5887,STAT5A
2992,JAK3,5888,STAT5B
2993,JAKMIP1,3103,KIF5B
2993,JAKMIP1,6471,TUBB
2994,JAM2,2995,JAM3
2994,JAM2,4196,PARD3
2994,JAM2,6159,TJP1
2995,JAM3,3739,MXRA8
2995,JAM3,4196,PARD3
2995,JAM3,6159,TJP1
2996,JARID2,3931,NKX2-5
2997,JAZF1,4025,NR2C2
2998,JDP2,3006,JUN
2998,JDP2,3470,MAPK14
2998,JDP2,3476,MAPK8
2998,JDP2,3480,MAPK9
2999,JKAMP,5233,RNF5
3000,JMJD1C,6577,USF1
3001,JMJD6,3577,MEPCE
3001,JMJD6,4836,PTDSS1
3002,JMY,3552,MDM2
3002,JMY,6454,TTC5
3003,JPH1,3470,MAPK14
3004,JPH2,4738,PRKCA
3005,JPH3,5283,RPS6KA3
3006,JUN,3410,MAFF
3006,JUN,3411,MAFG
3006,JUN,3465,MAPK1
3006,JUN,3466,MAPK10
3006,JUN,3470,MAPK14
3006,JUN,3471,MAPK15
3006,JUN,3472,MAPK3
3006,JUN,3476,MAPK8
3006,JUN,3480,MAPK9
3006,JUN,3566,MEF2C
3006,JUN,3663,MOGS
3006,JUN,3883,NFAT5
3006,JUN,3890,NFE2L2
3006,JUN,4040,NRF1
3006,JUN,4181,PAK2
3006,JUN,4478,PIN1
3006,JUN,4558,PLK3
3006,JUN,4650,PPM1D
3006,JUN,4698,PPP3CA
3006,JUN,4699,PPP3CB
3006,JUN,4700,PPP3CC
3006,JUN,4748,PRKD1
3006,JUN,4751,PRKDC
3006,JUN,4848,PTGS2
3006,JUN,5076,RELA
3006,JUN,5235,RNF7
3006,JUN,5262,RPL10
3006,JUN,5687,SMAD3
3006,JUN,5688,SMAD4
3006,JUN,5803,SPI1
3006,JUN,6054,TCF4
3006,JUN,6513,UBE2I
3006,JUN,6658,VRK1
3007,JUNB,3470,MAPK14
3007,JUNB,3476,MAPK8
3007,JUNB,3480,MAPK9
3007,JUNB,3890,NFE2L2
3007,JUNB,4040,NRF1
3007,JUNB,5885,STAT3
3008,JUND,3465,MAPK1
3008,JUND,3470,MAPK14
3008,JUND,3472,MAPK3
3008,JUND,3476,MAPK8
3008,JUND,3573,MEN1
3008,JUND,3890,NFE2L2
3008,JUND,4040,NRF1
3009,JUP,5827,SRC
3010,KALRN,3474,MAPK6
3010,KALRN,3483,MAPKAPK5
3012,KAT2A,5686,SMAD2
3012,KAT2A,5687,SMAD3
3012,KAT2A,5691,SMAD7
3012,KAT2A,5756,SOCS1
3013,KAT2B,3566,MEF2C
3013,KAT2B,3745,MYC
3013,KAT2B,3782,MYOD1
3013,KAT2B,3972,NOTCH1
3013,KAT2B,4030,NR3C1
3013,KAT2B,4046,NRIP1
3013,KAT2B,4837,PTEN
3013,KAT2B,5076,RELA
3013,KAT2B,5573,SIRT2
3013,KAT2B,5686,SMAD2
3013,KAT2B,5687,SMAD3
3013,KAT2B,6010,TAL1
3014,KAT5,3470,MAPK14
3014,KAT5,3480,MAPK9
3014,KAT5,3552,MDM2
3014,KAT5,3745,MYC
3014,KAT5,3782,MYOD1
3014,KAT5,3972,NOTCH1
3014,KAT5,4581,PML
3014,KAT5,4741,PRKCE
3014,KAT5,4751,PRKDC
3014,KAT5,5572,SIRT1
3014,KAT5,6275,TP53
3014,KAT5,6562,ULK1
3015,KATNA1,3017,KATNB1
3016,KATNAL2,3017,KATNB1
3016,KATNAL2,6475,TUBD1
3016,KATNAL2,6476,TUBE1
3018,KCMF1,6513,UBE2I
3019,KCNA1,4729,PRKACA
3019,KCNA1,5313,RTN4
3019,KCNA1,5929,STX3
3020,KCNA2,4855,PTK2B
3020,KCNA2,5313,RTN4
3021,KCNA3,4073,NTRK2
3021,KCNA3,5827,SRC
3022,KCNA4,4729,PRKACA
3023,KCNA5,4726,PRKAA1
3023,KCNA5,4738,PRKCA
3025,KCNAB2,3466,MAPK10
3025,KCNAB2,4738,PRKCA
3026,KCNB1,3470,MAPK14
3026,KCNB1,4880,PTPRA
3026,KCNB1,4885,PTPRE
3026,KCNB1,5827,SRC
3026,KCNB1,6622,VAPA
3026,KCNB1,6623,VAPB
3027,KCNB2,6622,VAPA
3027,KCNB2,6623,VAPB
3028,KCNC4,4738,PRKCA
3028,KCNC4,4739,PRKCB
3028,KCNC4,4742,PRKCG
3029,KCND1,3035,KCNIP3
3030,KCND2,3035,KCNIP3
3030,KCND2,3036,KCNIP4
3030,KCND2,3465,MAPK1
3030,KCND2,4729,PRKACA
3032,KCNE1,3058,KCNQ4
3032,KCNE1,4738,PRKCA
3032,KCNE1,4739,PRKCB
3033,KCNE3,4738,PRKCA
3034,KCNH2,3613,MINK1
3034,KCNH2,3855,NEDD4
3034,KCNH2,4729,PRKACA
3034,KCNH2,4738,PRKCA
3034,KCNH2,4748,PRKD1
3034,KCNH2,4877,PTPN6
3034,KCNH2,5245,ROCK1
3034,KCNH2,5283,RPS6KA3
3037,KCNJ1,4738,PRKCA
3037,KCNJ1,4740,PRKCD
3037,KCNJ1,5498,SGK1
3037,KCNJ1,5499,SGK2
3037,KCNJ1,5500,SGK3
3037,KCNJ1,5827,SRC
3039,KCNJ11,3465,MAPK1
3039,KCNJ11,4729,PRKACA
3039,KCNJ11,4738,PRKCA
3040,KCNJ12,4729,PRKACA
3041,KCNJ13,4729,PRKACA
3041,KCNJ13,4738,PRKCA
3043,KCNJ2,4729,PRKACA
3044,KCNJ3,4729,PRKACA
3045,KCNJ4,3283,LIN7B
3045,KCNJ4,3284,LIN7C
3045,KCNJ4,4729,PRKACA
3045,KCNJ4,4738,PRKCA
3045,KCNJ4,4740,PRKCD
3046,KCNJ5,4729,PRKACA
3047,KCNJ8,3944,NLRP3
3048,KCNK18,4729,PRKACA
3048,KCNK18,6762,YWHAH
3049,KCNK3,4729,PRKACA
3049,KCNK3,4741,PRKCE
3049,KCNK3,5245,ROCK1
3049,KCNK3,5283,RPS6KA3
3050,KCNK9,4729,PRKACA
3050,KCNK9,4738,PRKCA
3051,KCNMA1,3476,MAPK8
3051,KCNMA1,4729,PRKACA
3051,KCNMA1,4738,PRKCA
3051,KCNMA1,4739,PRKCB
3051,KCNMA1,4752,PRKG1
3053,KCNN2,4729,PRKACA
3054,KCNN4,3950,NME2
3054,KCNN4,4436,PHPT1
3054,KCNN4,4729,PRKACA
3055,KCNQ1,4729,PRKACA
3056,KCNQ2,3057,KCNQ3
3056,KCNQ2,4729,PRKACA
3056,KCNQ2,4738,PRKCA
3058,KCNQ4,4731,PRKACG
3058,KCNQ4,5498,SGK1
3058,KCNQ4,5630,SLC26A5
3059,KCNQ5,4729,PRKACA
3060,KCTD10,5120,RHOA
3060,KCTD10,5786,SP1
3061,KCTD12,4739,PRKCB
3061,KCTD12,4751,PRKDC
3062,KCTD13,5120,RHOA
3063,KCTD15,3480,MAPK9
3064,KDELR1,4729,PRKACA
3065,KDM1A,3071,KDM4C
3065,KDM1A,3151,KLK3
3065,KDM1A,4417,PHF21A
3065,KDM1A,4556,PLK1
3065,KDM1A,5066,RCOR1
3065,KDM1A,5383,SCN1A
3065,KDM1A,5385,SCN2A
3065,KDM1A,5387,SCN3A
3065,KDM1A,5947,SUMO2
3065,KDM1A,6275,TP53
3066,KDM2A,5076,RELA
3067,KDM2B,3470,MAPK14
3067,KDM2B,4014,NQO1
3067,KDM2B,4715,PRDX4
3067,KDM2B,5209,RNF2
3067,KDM2B,5281,RPS6KA1
3068,KDM3A,4729,PRKACA
3068,KDM3A,6251,TNK2
3070,KDM4B,3465,MAPK1
3072,KDM5A,3470,MAPK14
3072,KDM5A,3472,MAPK3
3073,KDM5B,4202,PARP1
3073,KDM5B,4215,PAX9
3073,KDM5B,5228,RNF4
3074,KDM5C,3476,MAPK8
3074,KDM5C,5228,RNF4
3075,KDM6A,5034,RB1
3076,KDR,4393,PFN1
3076,KDR,4467,PIK3R1
3076,KDR,4535,PLCG1
3076,KDR,4854,PTK2
3076,KDR,4865,PTPN11
3076,KDR,4870,PTPN2
3076,KDR,4877,PTPN6
3076,KDR,4881,PTPRB
3076,KDR,4887,PTPRG
3076,KDR,4889,PTPRJ
3076,KDR,5400,SCUBE2
3076,KDR,5452,SEMA6D
3076,KDR,5528,SHC1
3076,KDR,5529,SHC2
3076,KDR,5827,SRC
3076,KDR,6153,TIMP3
3076,KDR,6637,VEGFA
3076,KDR,6638,VEGFB
3076,KDR,6639,VEGFC
3076,KDR,6665,VTN
3077,KEAP1,3890,NFE2L2
3077,KEAP1,4397,PGAM5
3077,KEAP1,4741,PRKCE
3077,KEAP1,4742,PRKCG
3077,KEAP1,4848,PTGS2
3077,KEAP1,4858,PTMA
3077,KEAP1,4960,RAC1
3077,KEAP1,5826,SQSTM1
3079,KHDRBS1,3465,MAPK1
3079,KHDRBS1,3470,MAPK14
3079,KHDRBS1,4053,NRXN1
3079,KHDRBS1,4751,PRKDC
3079,KHDRBS1,4760,PRMT1
3079,KHDRBS1,4856,PTK6
3080,KHDRBS2,3465,MAPK1
3080,KHDRBS2,4760,PRMT1
3080,KHDRBS2,5827,SRC
3081,KHK,4780,PRPS1
3082,KHSRP,3467,MAPK11
3082,KHSRP,3470,MAPK14
3082,KHSRP,4290,PCSK7
3082,KHSRP,4831,PTBP2
3082,KHSRP,5827,SRC
3083,KIAA0319L,3678,MPZL3
3083,KIAA0319L,5555,SIGLEC8
3083,KIAA0319L,6566,UNC5A
3084,KIDINS220,3910,NGF
3084,KIDINS220,4501,PKD1
3084,KIDINS220,4748,PRKD1
3085,KIF11,3470,MAPK14
3085,KIF11,3869,NEK6
3085,KIF11,3870,NEK7
3085,KIF11,5827,SRC
3085,KIF11,6302,TPX2
3086,KIF13A,6452,TTC19
3086,KIF13A,6798,ZFYVE26
3087,KIF13B,3492,MARK2
3087,KIF13B,6417,TRPV1
3088,KIF14,3870,NEK7
3088,KIF14,4707,PRC1
3089,KIF1A,6013,TANC2
3090,KIF1B,3466,MAPK10
3091,KIF1C,4949,RAB6A
3091,KIF1C,4950,RAB6B
3091,KIF1C,4951,RAB6C
3091,KIF1C,5283,RPS6KA3
3092,KIF20A,3869,NEK6
3092,KIF20A,4556,PLK1
3092,KIF20A,4695,PPP2R5B
3095,KIF22,3480,MAPK9
3095,KIF22,4739,PRKCB
3096,KIF23,3209,LATS1
3096,KIF23,4707,PRC1
3096,KIF23,5283,RPS6KA3
3096,KIF23,5498,SGK1
3097,KIF2A,3470,MAPK14
3097,KIF2A,6451,TTBK2
3098,KIF2B,4556,PLK1
3099,KIF2C,4179,PAK1
3099,KIF2C,4556,PLK1
3099,KIF2C,4738,PRKCA
3099,KIF2C,5283,RPS6KA3
3100,KIF3A,4502,PKD2
3100,KIF3A,4738,PRKCA
3101,KIF4A,4707,PRC1
3101,KIF4A,4726,PRKAA1
3103,KIF5B,3181,KTN1
3103,KIF5B,5961,SYBU
3104,KIF5C,3466,MAPK10
3104,KIF5C,6314,TRAK2
3105,KIF7,5711,SMO
3110,KIR2DL4,3662,MOG
3110,KIR2DL4,5553,SIGLEC6
3111,KIR2DS4,3270,LILRB2
3111,KIR2DS4,5553,SIGLEC6
3112,KIR3DL1,4741,PRKCE
3112,KIR3DL1,4742,PRKCG
3112,KIR3DL1,6321,TREML1
3112,KIR3DL1,6663,VSIG8
3113,KIR3DL2,3263,LILRA1
3116,KISS1,3117,KISS1R
3116,KISS1,3642,MMP14
3116,KISS1,3644,MMP16
3116,KISS1,3646,MMP2
3116,KISS1,3648,MMP24
3116,KISS1,3654,MMP9
3118,KIT,3119,KITLG
3118,KIT,3216,LCK
3118,KIT,3386,LYN
3118,KIT,3504,MATK
3118,KIT,3740,MYB
3118,KIT,4326,PDGFRB
3118,KIT,4467,PIK3R1
3118,KIT,4730,PRKACB
3118,KIT,4738,PRKCA
3118,KIT,4739,PRKCB
3118,KIT,4752,PRKG1
3118,KIT,4865,PTPN11
3118,KIT,4877,PTPN6
3118,KIT,4887,PTPRG
3118,KIT,5509,SH3BP2
3118,KIT,5592,SLA
3118,KIT,5760,SOCS6
3118,KIT,5827,SRC
3118,KIT,5876,STAP1
3118,KIT,5883,STAT1
3118,KIT,6183,TLX1
3118,KIT,6770,ZBTB16
3119,KITLG,3359,LRRN3
3120,KL,6420,TRPV5
3120,KL,6421,TRPV6
3122,KLC1,3465,MAPK1
3122,KLC1,3472,MAPK3
3122,KLC1,4726,PRKAA1
3122,KLC1,4727,PRKAA2
3122,KLC1,4728,PRKAB1
3122,KLC1,6273,TOR1A
3123,KLC2,4726,PRKAA1
3123,KLC2,5283,RPS6KA3
3124,KLF1,4729,PRKACA
3124,KLF1,4751,PRKDC
3125,KLF10,4980,RAF1
3125,KLF10,5564,SIN3A
3126,KLF11,5564,SIN3A
3128,KLF13,4778,PRPF4B
3128,KLF13,5564,SIN3A
3129,KLF15,4637,PPARG
3130,KLF16,3476,MAPK8
3130,KLF16,4739,PRKCB
3130,KLF16,5564,SIN3A
3130,KLF16,5827,SRC
3131,KLF2,3890,NFE2L2
3133,KLF4,3571,MEIS2
3133,KLF4,3722,MUC1
3133,KLF4,3802,NANOG
3133,KLF4,4219,PBX1
3133,KLF4,4556,PLK1
3133,KLF4,5832,SRF
3133,KLF4,5885,STAT3
3134,KLF5,4740,PRKCD
3134,KLF5,6342,TRIM25
3135,KLF6,4900,PTTG1
3137,KLF8,3465,MAPK1
3137,KLF8,5786,SP1
3138,KLF9,5564,SIN3A
3139,KLHL12,5424,SEC31A
3139,KLHL12,5425,SEC31B
3141,KLHL15,4695,PPP2R5B
3147,KLHL3,4738,PRKCA
3148,KLHL8,5013,RAPSN
3150,KLK2,5454,SEMG2
3150,KLK2,5462,SERPINA3
3150,KLK2,5463,SERPINA5
3150,KLK2,5471,SERPINE1
3151,KLK3,4072,NTRK1
3151,KLK3,4853,PTHLH
3153,KLKB1,3162,KNG1
3153,KLKB1,3701,MST1
3153,KLKB1,4732,PRKAG1
3160,KLRG2,6702,WNT11
3160,KLRG2,6710,WNT5B
3161,KLRK1,3606,MICA
3161,KLRK1,3607,MICB
3161,KLRK1,4977,RAET1E
3161,KLRK1,4978,RAET1G
3161,KLRK1,4979,RAET1L
3161,KLRK1,6559,ULBP1
3161,KLRK1,6560,ULBP2
3161,KLRK1,6561,ULBP3
3162,KNG1,3717,MTNR1A
3162,KNG1,4529,PLAUR
3162,KNG1,5325,RXFP4
3162,KNG1,5404,SDC2
3163,KPNA1,3168,KPNB1
3164,KPNA2,4726,PRKAA1
3164,KPNA2,5239,RNMT
3165,KPNA3,3972,NOTCH1
3166,KPNA4,3972,NOTCH1
3167,KPNA6,3972,NOTCH1
3168,KPNB1,5687,SMAD3
3169,KRAS,3393,LZTR1
3169,KRAS,3444,MAP3K1
3169,KRAS,3462,MAP4K5
3169,KRAS,4463,PIK3CA
3169,KRAS,4464,PIK3CB
3169,KRAS,4465,PIK3CD
3169,KRAS,4466,PIK3CG
3169,KRAS,4738,PRKCA
3169,KRAS,4865,PTPN11
3169,KRAS,4980,RAF1
3169,KRAS,5004,RAP1GDS1
3169,KRAS,5010,RAPGEF5
3169,KRAS,5022,RASGEF1A
3169,KRAS,5023,RASGEF1B
3169,KRAS,5024,RASGEF1C
3169,KRAS,5030,RASSF1
3169,KRAS,5031,RASSF5
3169,KRAS,5137,RIN1
3169,KRAS,5538,SHOC2
3169,KRAS,5773,SOS1
3169,KRAS,5774,SOS2
3169,KRAS,5827,SRC
3169,KRAS,6053,TCF3
3170,KREMEN1,3344,LRP6
3171,KREMEN2,3344,LRP6
3172,KRT1,3672,MPO
3172,KRT1,4529,PLAUR
3173,KRT14,6229,TNFRSF1A
3173,KRT14,6304,TRADD
3174,KRT18,3481,MAPKAPK2
3174,KRT18,4738,PRKCA
3174,KRT18,4741,PRKCE
3174,KRT18,5014,RARA
3174,KRT18,5283,RPS6KA3
3174,KRT18,5288,RPS6KB2
3174,KRT18,6304,TRADD
3175,KRT19,4730,PRKACB
3175,KRT19,4752,PRKG1
3175,KRT19,5827,SRC
3176,KRT20,3481,MAPKAPK2
3176,KRT20,4738,PRKCA
3177,KRT8,3437,MAP2K1
3177,KRT8,3438,MAP2K2
3177,KRT8,3465,MAPK1
3177,KRT8,3467,MAPK11
3177,KRT8,3468,MAPK12
3177,KRT8,3469,MAPK13
3177,KRT8,3470,MAPK14
3177,KRT8,3472,MAPK3
3177,KRT8,3476,MAPK8
3177,KRT8,4684,PPP2CA
3177,KRT8,4685,PPP2CB
3177,KRT8,4729,PRKACA
3177,KRT8,4738,PRKCA
3177,KRT8,4740,PRKCD
3177,KRT8,4863,PTP4A3
3177,KRT8,4864,PTPN1
3177,KRT8,6275,TP53
3178,KRTAP4-12,3286,LINGO1
3178,KRTAP4-12,4326,PDGFRB
3178,KRTAP4-12,4565,PLSCR4
3179,KSR1,3455,MAP3K7
3179,KSR1,3465,MAPK1
3179,KSR1,3949,NME1
3179,KSR1,4688,PPP2R2A
3179,KSR1,4980,RAF1
3180,KSR2,3437,MAP2K1
3180,KSR2,3456,MAP3K8
3180,KSR2,4698,PPP3CA
3180,KSR2,4699,PPP3CB
3180,KSR2,4700,PPP3CC
3180,KSR2,4980,RAF1
3181,KTN1,4960,RAC1
3181,KTN1,5120,RHOA
3182,L1CAM,3465,MAPK1
3182,L1CAM,4049,NRP1
3182,L1CAM,4570,PLXNA1
3182,L1CAM,4738,PRKCA
3182,L1CAM,4897,PTPRZ1
3182,L1CAM,5281,RPS6KA1
3182,L1CAM,5282,RPS6KA2
3182,L1CAM,5827,SRC
3183,L3MBTL2,3546,MDC1
3183,L3MBTL2,5196,RNF168
3183,L3MBTL2,5236,RNF8
3184,LACRT,5403,SDC1
3185,LAD1,3470,MAPK14
3186,LAG3,3240,LGALS3
3186,LAG3,5728,SNCA
3187,LAIR1,3272,LILRB4
3187,LAIR1,3386,LYN
3187,LAIR1,5496,SFTPD
3189,LAMA1,4063,NT5E
3189,LAMA1,5290,RPSA
3189,LAMA1,5404,SDC2
3189,LAMA1,5406,SDC4
3189,LAMA1,6208,TMPRSS6
3190,LAMA2,5290,RPSA
3191,LAMA3,5404,SDC2
3193,LAMA5,5403,SDC1
3195,LAMB2,5290,RPSA
3198,LAMC2,3646,MMP2
3201,LAMP2,3470,MAPK14
3202,LARP1,3465,MAPK1
3203,LARP4B,4165,PABPC1
3204,LARP6,3719,MTOR
3206,LASP1,4729,PRKACA
3206,LASP1,4737,PRKAR2B
3206,LASP1,4739,PRKCB
3206,LASP1,4751,PRKDC
3206,LASP1,4752,PRKG1
3206,LASP1,4753,PRKG2
3206,LASP1,5283,RPS6KA3
3206,LASP1,5827,SRC
3207,LAT,3216,LCK
3207,LAT,3470,MAPK14
3207,LAT,3472,MAPK3
3207,LAT,3476,MAPK8
3207,LAT,4326,PDGFRB
3207,LAT,4463,PIK3CA
3207,LAT,4467,PIK3R1
3207,LAT,4468,PIK3R2
3207,LAT,4535,PLCG1
3207,LAT,4751,PRKDC
3207,LAT,4855,PTK2B
3207,LAT,4864,PTPN1
3207,LAT,4889,PTPRJ
3207,LAT,5509,SH3BP2
3207,LAT,5786,SP1
3207,LAT,5964,SYK
3207,LAT,6626,VAV1
3207,LAT,6628,VAV3
3207,LAT,6766,ZAP70
3208,LAT2,5964,SYK
3209,LATS1,3461,MAP4K4
3209,LATS1,3881,NF2
3209,LATS1,4078,NUAK1
3209,LATS1,4079,NUAK2
3209,LATS1,4664,PPP1R12A
3209,LATS1,4729,PRKACA
3209,LATS1,4752,PRKG1
3209,LATS1,5283,RPS6KA3
3209,LATS1,5906,STK3
3209,LATS1,5911,STK4
3209,LATS1,6728,WWTR1
3209,LATS1,6750,YAP1
3210,LATS2,3881,NF2
3210,LATS2,4729,PRKACA
3210,LATS2,4730,PRKACB
3210,LATS2,5720,SNAI1
3210,LATS2,5906,STK3
3210,LATS2,5911,STK4
3210,LATS2,6275,TP53
3210,LATS2,6728,WWTR1
3210,LATS2,6750,YAP1
3210,LATS2,6761,YWHAG
3211,LAX1,3216,LCK
3211,LAX1,5964,SYK
3211,LAX1,6766,ZAP70
3212,LAYN,3381,LY6G6F
3214,LBR,3470,MAPK14
3214,LBR,4739,PRKCB
3214,LBR,5283,RPS6KA3
3214,LBR,5498,SGK1
3216,LCK,3221,LCP2
3216,LCK,3276,LIME1
3216,LCK,3323,LPP
3216,LCK,3465,MAPK1
3216,LCK,3470,MAPK14
3216,LCK,3472,MAPK3
3216,LCK,3480,MAPK9
3216,LCK,3504,MATK
3216,LCK,3563,MED28
3216,LCK,3601,MGRN1
3216,LCK,3722,MUC1
3216,LCK,3898,NFKBIA
3216,LCK,3972,NOTCH1
3216,LCK,4030,NR3C1
3216,LCK,4359,PECAM1
3216,LCK,4467,PIK3R1
3216,LCK,4468,PIK3R2
3216,LCK,4535,PLCG1
3216,LCK,4536,PLCG2
3216,LCK,4729,PRKACA
3216,LCK,4738,PRKCA
3216,LCK,4740,PRKCD
3216,LCK,4741,PRKCE
3216,LCK,4745,PRKCQ
3216,LCK,4828,PSTPIP1
3216,LCK,4835,PTCRA
3216,LCK,4837,PTEN
3216,LCK,4872,PTPN22
3216,LCK,4877,PTPN6
3216,LCK,4880,PTPRA
3216,LCK,4882,PTPRC
3216,LCK,4886,PTPRF
3216,LCK,4888,PTPRH
3216,LCK,4908,PVR
3216,LCK,4980,RAF1
3216,LCK,5019,RASA1
3216,LCK,5085,RET
3216,LCK,5504,SH2B3
3216,LCK,5506,SH2D2A
3216,LCK,5528,SHC1
3216,LCK,5548,SIGLEC10
3216,LCK,5579,SIT1
3216,LCK,5594,SLAMF1
3216,LCK,5647,SLC4A1
3216,LCK,5758,SOCS3
3216,LCK,5821,SPTAN1
3216,LCK,5827,SRC
3216,LCK,5853,SSBP3
3216,LCK,5883,STAT1
3216,LCK,5887,STAT5A
3216,LCK,5899,STK11
3216,LCK,5917,STOML2
3216,LCK,5964,SYK
3216,LCK,5990,TACC1
3216,LCK,6148,TIGIT
3216,LCK,6317,TRAT1
3216,LCK,6419,TRPV4
3216,LCK,6493,TYROBP
3216,LCK,6626,VAV1
3216,LCK,6627,VAV2
3216,LCK,6752,YES1
3216,LCK,6766,ZAP70
3216,LCK,6819,ZNF264
3217,LCMT1,4684,PPP2CA
3217,LCMT1,4685,PPP2CB
3218,LCN1,3295,LMBR1L
3219,LCN2,3340,LRP2
3220,LCP1,4729,PRKACA
3220,LCP1,4730,PRKACB
3220,LCP1,4738,PRKCA
3221,LCP2,3386,LYN
3221,LCP2,3458,MAP4K1
3221,LCP2,3470,MAPK14
3221,LCP2,4535,PLCG1
3221,LCP2,4877,PTPN6
3221,LCP2,5283,RPS6KA3
3221,LCP2,5964,SYK
3221,LCP2,6484,TXK
3221,LCP2,6766,ZAP70
3223,LCTL,3268,LILRA6
3223,LCTL,4039,NRCAM
3224,LDB1,3255,LHX2
3225,LDHA,4739,PRKCB
3225,LDHA,5827,SRC
3226,LDHB,5576,SIRT5
3227,LDHC,5786,SP1
3228,LDLR,3273,LILRB5
3228,LDLR,3335,LRP1
3228,LDLR,3340,LRP2
3228,LDLR,3341,LRP3
3228,LDLR,3342,LRP4
3228,LDLR,3346,LRPAP1
3228,LDLR,3350,LRRC4C
3228,LDLR,3764,MYLIP
3228,LDLR,4291,PCSK9
3228,LDLR,4383,PF4
3228,LDLR,6091,TF
3228,LDLR,6630,VCAN
3228,LDLR,6709,WNT5A
3228,LDLR,6712,WNT7A
3230,LEF1,3476,MAPK8
3230,LEF1,3616,MITF
3230,LEF1,3940,NLK
3230,LEF1,3972,NOTCH1
3230,LEF1,4210,PAX3
3230,LEF1,5179,RNF138
3230,LEF1,5686,SMAD2
3230,LEF1,5687,SMAD3
3230,LEF1,5688,SMAD4
3230,LEF1,6055,TCF7
3230,LEF1,6164,TLE1
3230,LEF1,6165,TLE2
3234,LENG8,4738,PRKCA
3235,LEP,3236,LEPR
3235,LEP,3340,LRP2
3236,LEPR,4865,PTPN11
3236,LEPR,5502,SH2B1
3236,LEPR,5757,SOCS2
3236,LEPR,5758,SOCS3
3236,LEPR,5885,STAT3
3236,LEPR,6489,TYK2
3237,LETM1,4480,PINK1
3238,LFNG,3972,NOTCH1
3238,LFNG,3973,NOTCH2
3238,LFNG,4594,POFUT1
3238,LFNG,5581,SIX1
3239,LGALS1,4882,PTPRC
3240,LGALS3,3523,MCAM
3240,LGALS3,4739,PRKCB
3240,LGALS3,4890,PTPRK
3240,LGALS3,6275,TP53
3243,LGALS9,3683,MRC2
3243,LGALS9,4882,PTPRC
3243,LGALS9,5617,SLC1A5
3244,LGI1,5314,RTN4R
3246,LGI3,5928,STX1A
3248,LGMN,5844,SRPK2
3249,LGR4,3847,NDP
3249,LGR4,4041,NRG1
3249,LGR4,5305,RSPO1
3249,LGR4,5306,RSPO2
3249,LGR4,5307,RSPO3
3249,LGR4,5308,RSPO4
3249,LGR4,6238,TNFSF11
3250,LGR5,5305,RSPO1
3250,LGR5,5306,RSPO2
3250,LGR5,5307,RSPO3
3250,LGR5,5308,RSPO4
3250,LGR5,6707,WNT3A
3251,LGR6,5305,RSPO1
3251,LGR6,5306,RSPO2
3251,LGR6,5307,RSPO3
3251,LGR6,5308,RSPO4
3252,LHB,3253,LHCGR
3252,LHB,4850,PTH1R
3252,LHB,4992,RAMP2
3252,LHB,4993,RAMP3
3252,LHB,6428,TSHR
3252,LHB,6646,VIPR1
3253,LHCGR,5786,SP1
3254,LHX1,4146,OTX2
3255,LHX2,3704,MSX1
3256,LHX3,4631,POU4F3
3256,LHX3,4756,PRL
3256,LHX3,6427,TSHB
3257,LHX4,4621,POU1F1
3257,LHX4,4756,PRL
3257,LHX4,5786,SP1
3257,LHX4,6427,TSHB
3258,LIF,3259,LIFR
3258,LIF,6275,TP53
3259,LIFR,3465,MAPK1
3259,LIFR,3466,MAPK10
3259,LIFR,3472,MAPK3
3259,LIFR,3862,NEGR1
3259,LIFR,4135,OSM
3259,LIFR,5659,SLC6A8
3259,LIFR,5758,SOCS3
3259,LIFR,6489,TYK2
3260,LIG1,6268,TOP1
3261,LIG3,5925,STUB1
3261,LIG3,6268,TOP1
3262,LIG4,4751,PRKDC
3263,LILRA1,3662,MOG
3263,LILRA1,3876,NETO2
3263,LILRA1,4473,PILRA
3263,LILRA1,6222,TNFRSF12A
3264,LILRA2,3662,MOG
3265,LILRA3,3270,LILRB2
3265,LILRA3,3876,NETO2
3265,LILRA3,4473,PILRA
3265,LILRA3,4474,PILRB
3265,LILRA3,5440,SEMA3G
3265,LILRA3,6217,TNFRSF10B
3265,LILRA3,6222,TNFRSF12A
3267,LILRA5,3269,LILRB1
3267,LILRA5,3381,LY6G6F
3267,LILRA5,3675,MPZ
3268,LILRA6,3381,LY6G6F
3268,LILRA6,3662,MOG
3268,LILRA6,3675,MPZ
3268,LILRA6,6222,TNFRSF12A
3270,LILRB2,3662,MOG
3270,LILRB2,4473,PILRA
3270,LILRB2,5441,SEMA4A
3270,LILRB2,5548,SIGLEC10
3270,LILRB2,5550,SIGLEC14
3270,LILRB2,5551,SIGLEC15
3270,LILRB2,5556,SIGLEC9
3270,LILRB2,6224,TNFRSF13C
3271,LILRB3,3381,LY6G6F
3271,LILRB3,3662,MOG
3271,LILRB3,3675,MPZ
3271,LILRB3,6222,TNFRSF12A
3273,LILRB5,3662,MOG
3273,LILRB5,3675,MPZ
3273,LILRB5,4473,PILRA
3273,LILRB5,6222,TNFRSF12A
3273,LILRB5,6492,TYRO3
3274,LIMA1,3465,MAPK1
3274,LIMA1,3472,MAPK3
3275,LIMD1,3476,MAPK8
3276,LIME1,3386,LYN
3277,LIMK1,3470,MAPK14
3277,LIMK1,3481,MAPKAPK2
3277,LIMK1,3642,MMP14
3277,LIMK1,4179,PAK1
3277,LIMK1,4739,PRKCB
3277,LIMK1,4887,PTPRG
3277,LIMK1,5234,RNF6
3277,LIMK1,5245,ROCK1
3277,LIMK1,5246,ROCK2
3277,LIMK1,5855,SSH1
3278,LIMK2,4739,PRKCB
3278,LIMK2,4740,PRKCD
3278,LIMK2,5245,ROCK1
3278,LIMK2,5246,ROCK2
3279,LIN28A,3472,MAPK3
3280,LIN28B,4739,PRKCB
3280,LIN28B,6386,TRIM71
3282,LIN7A,5655,SLC6A12
3286,LINGO1,4115,OMG
3286,LINGO1,5313,RTN4
3287,LINGO4,3882,NFASC
3288,LIPC,3335,LRP1
3289,LIPE,3465,MAPK1
3289,LIPE,3470,MAPK14
3289,LIPE,3472,MAPK3
3289,LIPE,4726,PRKAA1
3289,LIPE,4727,PRKAA2
3289,LIPE,4729,PRKACA
3289,LIPE,4730,PRKACB
3289,LIPE,4751,PRKDC
3289,LIPE,5283,RPS6KA3
3290,LIPH,3314,LPAR1
3290,LIPH,3315,LPAR2
3290,LIPH,3317,LPAR4
3291,LLGL1,4744,PRKCI
3292,LLGL2,4744,PRKCI
3293,LMAN1,3527,MCFD2
3294,LMAN2,5461,SERPINA1
3295,LMBR1L,5376,SCGB1A1
3296,LMNA,3465,MAPK1
3296,LMNA,3472,MAPK3
3296,LMNA,3476,MAPK8
3296,LMNA,4738,PRKCA
3296,LMNA,4739,PRKCB
3296,LMNA,4751,PRKDC
3296,LMNA,5283,RPS6KA3
3296,LMNA,5950,SUN2
3297,LMNB1,3466,MAPK10
3297,LMNB1,3480,MAPK9
3297,LMNB1,4660,PPP1CA
3297,LMNB1,4730,PRKACB
3297,LMNB1,4739,PRKCB
3297,LMNB1,5288,RPS6KB2
3299,LMO1,6010,TAL1
3300,LMO2,6010,TAL1
3301,LMO3,3914,NHLH2
3303,LMO7,3470,MAPK14
3303,LMO7,4738,PRKCA
3303,LMO7,5283,RPS6KA3
3304,LMTK2,4660,PPP1CA
3305,LNX1,4087,NUMB
3305,LNX1,6513,UBE2I
3306,LNX2,6513,UBE2I
3307,LONP1,5878,STAR
3308,LONP2,6495,TYSND1
3309,LONRF1,6513,UBE2I
3310,LONRF2,6513,UBE2I
3311,LONRF3,6513,UBE2I
3313,LPA,3314,LPAR1
3313,LPA,3315,LPAR2
3313,LPA,3316,LPAR3
3313,LPA,3317,LPAR4
3313,LPA,3340,LRP2
3313,LPA,6320,TREM2
3320,LPCAT2,3481,MAPKAPK2
3321,LPIN1,3719,MTOR
3322,LPL,3335,LRP1
3322,LPL,3340,LRP2
3322,LPL,4635,PPARA
3322,LPL,5403,SDC1
3322,LPL,6630,VCAN
3322,LPL,6648,VLDLR
3323,LPP,5827,SRC
3323,LPP,6111,TGFB1
3324,LPXN,3386,LYN
3325,LRBA,5283,RPS6KA3
3326,LRFN1,4884,PTPRD
3326,LRFN1,4886,PTPRF
3326,LRFN1,4894,PTPRS
3327,LRFN2,5555,SIGLEC8
3329,LRFN4,4884,PTPRD
3329,LRFN4,4886,PTPRF
3329,LRFN4,4894,PTPRS
3330,LRFN5,4884,PTPRD
3330,LRFN5,4886,PTPRF
3330,LRFN5,4894,PTPRS
3330,LRFN5,6146,TIE1
3330,LRFN5,6225,TNFRSF14
3331,LRIG1,3580,MET
3331,LRIG1,3662,MOG
3333,LRIT1,5553,SIGLEC6
3334,LRIT2,4884,PTPRD
3334,LRIT2,5548,SIGLEC10
3335,LRP1,3346,LRPAP1
3335,LRP1,3378,LTF
3335,LRP1,3514,MBL2
3335,LRP1,3551,MDK
3335,LRP1,3641,MMP13
3335,LRP1,3654,MMP9
3335,LRP1,3840,NCSTN
3335,LRP1,4291,PCSK9
3335,LRP1,4322,PDGFB
3335,LRP1,4383,PF4
3335,LRP1,4527,PLAT
3335,LRP1,4528,PLAU
3335,LRP1,4729,PRKACA
3335,LRP1,4738,PRKCA
3335,LRP1,4751,PRKDC
3335,LRP1,4793,PSAP
3335,LRP1,5461,SERPINA1
3335,LRP1,5469,SERPINC1
3335,LRP1,5471,SERPINE1
3335,LRP1,5472,SERPINE2
3335,LRP1,5474,SERPING1
3335,LRP1,5827,SRC
3335,LRP1,6105,TFPI
3335,LRP1,6124,THBS1
3335,LRP1,6666,VWF
3335,LRP1,6707,WNT3A
3337,LRP11,3378,LTF
3338,LRP12,5554,SIGLEC7
3339,LRP1B,4529,PLAUR
3340,LRP2,3346,LRPAP1
3340,LRP2,3551,MDK
3340,LRP2,3646,MMP2
3340,LRP2,4528,PLAU
3340,LRP2,4552,PLG
3340,LRP2,4832,PTCH1
3340,LRP2,5376,SCGB1A1
3340,LRP2,5471,SERPINE1
3340,LRP2,5535,SHH
3340,LRP2,6060,TCN2
3340,LRP2,6091,TF
3340,LRP2,6109,TG
3340,LRP2,6124,THBS1
3340,LRP2,6125,THBS2
3340,LRP2,6152,TIMP2
3340,LRP2,6709,WNT5A
3342,LRP4,5408,SDF2L1
3342,LRP4,5775,SOST
3342,LRP4,5776,SOSTDC1
3342,LRP4,6124,THBS1
3342,LRP4,6125,THBS2
3343,LRP5,3847,NDP
3343,LRP5,5775,SOST
3343,LRP5,5776,SOSTDC1
3343,LRP5,6066,TDGF1
3343,LRP5,6124,THBS1
3343,LRP5,6699,WNT1
3343,LRP5,6700,WNT10A
3343,LRP5,6701,WNT10B
3343,LRP5,6703,WNT16
3343,LRP5,6704,WNT2
3343,LRP5,6705,WNT2B
3343,LRP5,6707,WNT3A
3343,LRP5,6708,WNT4
3343,LRP5,6709,WNT5A
3343,LRP5,6710,WNT5B
3343,LRP5,6711,WNT6
3343,LRP5,6712,WNT7A
3343,LRP5,6713,WNT7B
3343,LRP5,6714,WNT8A
3343,LRP5,6715,WNT8B
3343,LRP5,6716,WNT9A
3343,LRP5,6717,WNT9B
3344,LRP6,3465,MAPK1
3344,LRP6,3472,MAPK3
3344,LRP6,3476,MAPK8
3344,LRP6,4729,PRKACA
3344,LRP6,4849,PTH
3344,LRP6,4850,PTH1R
3344,LRP6,5305,RSPO1
3344,LRP6,5307,RSPO3
3344,LRP6,5775,SOST
3344,LRP6,5776,SOSTDC1
3344,LRP6,6066,TDGF1
3344,LRP6,6699,WNT1
3344,LRP6,6700,WNT10A
3344,LRP6,6701,WNT10B
3344,LRP6,6702,WNT11
3344,LRP6,6703,WNT16
3344,LRP6,6704,WNT2
3344,LRP6,6705,WNT2B
3344,LRP6,6706,WNT3
3344,LRP6,6707,WNT3A
3344,LRP6,6708,WNT4
3344,LRP6,6709,WNT5A
3344,LRP6,6710,WNT5B
3344,LRP6,6711,WNT6
3344,LRP6,6712,WNT7A
3344,LRP6,6714,WNT8A
3344,LRP6,6715,WNT8B
3344,LRP6,6716,WNT9A
3344,LRP6,6717,WNT9B
3344,LRP6,6840,ZNRF3
3345,LRP8,3346,LRPAP1
3345,LRP8,3764,MYLIP
3345,LRP8,3840,NCSTN
3345,LRP8,4291,PCSK9
3345,LRP8,5079,RELN
3345,LRP8,5810,SPON1
3346,LRPAP1,3367,LSR
3346,LRPAP1,5568,SIRPA
3346,LRPAP1,5771,SORL1
3346,LRPAP1,5772,SORT1
3346,LRPAP1,6648,VLDLR
3347,LRRC4,3357,LRRN1
3347,LRRC4,3876,NETO2
3347,LRRC4,4071,NTNG2
3347,LRRC4,4196,PARD3
3347,LRRC4,4197,PARD6A
3347,LRRC4,4747,PRKCZ
3347,LRRC4,4790,PRSS55
3348,LRRC45,3867,NEK2
3349,LRRC4B,4884,PTPRD
3349,LRRC4B,4886,PTPRF
3349,LRRC4B,4894,PTPRS
3349,LRRC4B,6569,UNC5D
3350,LRRC4C,3357,LRRN1
3350,LRRC4C,3362,LRRTM4
3350,LRRC4C,3662,MOG
3350,LRRC4C,4066,NTM
3350,LRRC4C,4070,NTNG1
3350,LRRC4C,4071,NTNG2
3350,LRRC4C,5551,SIGLEC15
3350,LRRC4C,5554,SIGLEC7
3350,LRRC4C,5555,SIGLEC8
3350,LRRC4C,6199,TMEM53
3350,LRRC4C,6566,UNC5A
3351,LRRC52,6320,TREM2
3353,LRRFIP1,3476,MAPK8
3356,LRRK2,3439,MAP2K3
3356,LRRK2,3440,MAP2K4
3356,LRRK2,3442,MAP2K6
3356,LRRK2,3443,MAP2K7
3356,LRRK2,3487,MAPT
3356,LRRK2,3699,MSN
3356,LRRK2,4057,NSF
3356,LRRK2,4714,PRDX3
3356,LRRK2,4729,PRKACA
3356,LRRK2,4926,RAB10
3356,LRRK2,4947,RAB5B
3356,LRRK2,4953,RAB8A
3356,LRRK2,5068,RDX
3356,LRRK2,5273,RPS11
3356,LRRK2,5512,SH3GL1
3356,LRRK2,5513,SH3GL2
3356,LRRK2,5727,SNAPIN
3356,LRRK2,5728,SNCA
3356,LRRK2,5826,SQSTM1
3356,LRRK2,6035,TBK1
3356,LRRK2,6275,TP53
3357,LRRN1,6566,UNC5A
3358,LRRN2,6191,TMEM123
3359,LRRN3,4066,NTM
3360,LRRTM2,3606,MICA
3360,LRRTM2,3662,MOG
3360,LRRTM2,4042,NRG2
3360,LRRTM2,4133,OSCAR
3360,LRRTM2,4791,PRTG
3360,LRRTM2,5446,SEMA4G
3360,LRRTM2,6322,TREML2
3360,LRRTM2,6566,UNC5A
3361,LRRTM3,3662,MOG
3361,LRRTM3,3911,NGFR
3363,LRSAM1,6426,TSG101
3363,LRSAM1,6513,UBE2I
3365,LSAMP,3862,NEGR1
3365,LSAMP,4118,OPCML
3366,LSP1,3481,MAPKAPK2
3366,LSP1,4751,PRKDC
3366,LSP1,5281,RPS6KA1
3368,LTA,3376,LTBR
3368,LTA,5143,RIPK1
3368,LTA,6225,TNFRSF14
3368,LTA,6229,TNFRSF1A
3368,LTA,6230,TNFRSF1B
3369,LTA4H,4739,PRKCB
3370,LTB,3376,LTBR
3370,LTB,6229,TNFRSF1A
3373,LTBP1,6111,TGFB1
3376,LTBR,3449,MAP3K14
3376,LTBR,6211,TNF
3376,LTBR,6242,TNFSF14
3376,LTBR,6306,TRAF2
3377,LTC4S,3566,MEF2C
3377,LTC4S,3972,NOTCH1
3377,LTC4S,3973,NOTCH2
3377,LTC4S,3974,NOTCH3
3377,LTC4S,3975,NOTCH4
3377,LTC4S,5058,RBPJ
3377,LTC4S,5287,RPS6KB1
3377,LTC4S,6275,TP53
3378,LTF,3606,MICA
3378,LTF,6108,TFRC
3378,LTF,6221,TNFRSF11B
3378,LTF,6322,TREML2
3379,LTK,4466,PIK3CG
3379,LTK,4535,PLCG1
3379,LTK,4717,PREB
3379,LTK,4980,RAF1
3379,LTK,5528,SHC1
3381,LY6G6F,5243,ROBO3
3383,LY9,6226,TNFRSF17
3384,LY96,3386,LYN
3384,LY96,5496,SFTPD
3384,LY96,5803,SPI1
3385,LYL1,3465,MAPK1
3385,LYL1,3472,MAPK3
3386,LYN,3436,MAP2
3386,LYN,3458,MAP4K1
3386,LYN,3472,MAPK3
3386,LYN,3504,MATK
3386,LYN,3580,MET
3386,LYN,3676,MPZL1
3386,LYN,3722,MUC1
3386,LYN,3858,NEDD9
3386,LYN,3954,NMT1
3386,LYN,4073,NTRK2
3386,LYN,4175,PAG1
3386,LYN,4326,PDGFRB
3386,LYN,4330,PDIA3
3386,LYN,4359,PECAM1
3386,LYN,4467,PIK3R1
3386,LYN,4468,PIK3R2
3386,LYN,4535,PLCG1
3386,LYN,4536,PLCG2
3386,LYN,4673,PPP1R15A
3386,LYN,4681,PPP1R8
3386,LYN,4738,PRKCA
3386,LYN,4740,PRKCD
3386,LYN,4837,PTEN
3386,LYN,4848,PTGS2
3386,LYN,4854,PTK2
3386,LYN,4855,PTK2B
3386,LYN,4856,PTK6
3386,LYN,4877,PTPN6
3386,LYN,4880,PTPRA
3386,LYN,4882,PTPRC
3386,LYN,4889,PTPRJ
3386,LYN,4912,PXN
3386,LYN,5085,RET
3386,LYN,5107,RGS16
3386,LYN,5528,SHC1
3386,LYN,5594,SLAMF1
3386,LYN,5647,SLC4A1
3386,LYN,5668,SLCO1B1
3386,LYN,5728,SNCA
3386,LYN,5827,SRC
3386,LYN,5874,STAM2
3386,LYN,5887,STAT5A
3386,LYN,5917,STOML2
3386,LYN,5964,SYK
3386,LYN,6028,TBC1D15
3386,LYN,6074,TEC
3386,LYN,6267,TOM1L1
3386,LYN,6419,TRPV4
3386,LYN,6463,TUBA1A
3386,LYN,6464,TUBA1B
3386,LYN,6484,TXK
3386,LYN,6766,ZAP70
3390,LYST,4946,RAB5A
3390,LYST,4947,RAB5B
3390,LYST,4948,RAB5C
3391,LYVE1,6639,VEGFC
3392,LYZ,4730,PRKACB
3395,M6PR,4555,PLIN3
3395,M6PR,4956,RABEPK
3396,MAB21L1,4212,PAX6
3397,MACF1,5283,RPS6KA3
3398,MACROD1,6711,WNT6
3399,MAD1L1,3476,MAPK8
3399,MAD1L1,3508,MAX
3399,MAD1L1,4556,PLK1
3399,MAD1L1,6275,TP53
3399,MAD1L1,6297,TPR
3399,MAD1L1,6457,TTK
3399,MAD1L1,6562,ULK1
3400,MAD2L1,4739,PRKCB
3400,MAD2L1,6297,TPR
3400,MAD2L1,6457,TTK
3401,MAD2L1BP,4556,PLK1
3401,MAD2L1BP,6398,TRIP13
3402,MAD2L2,3466,MAPK10
3402,MAD2L2,4708,PRCC
3403,MADCAM1,5554,SIGLEC7
3404,MADD,4941,RAB3A
3405,MAEA,6513,UBE2I
3406,MAF,3740,MYB
3406,MAF,3890,NFE2L2
3406,MAF,4212,PAX6
3406,MAF,4784,PRRX1
3407,MAF1,3719,MTOR
3407,MAF1,6039,TBP
3408,MAFA,3465,MAPK1
3408,MAFA,3469,MAPK13
3408,MAFA,3470,MAPK14
3409,MAFB,3476,MAPK8
3409,MAFB,4784,PRRX1
3410,MAFF,3663,MOGS
3410,MAFF,3890,NFE2L2
3410,MAFF,4784,PRRX1
3411,MAFG,3472,MAPK3
3411,MAFG,3890,NFE2L2
3411,MAFG,4784,PRRX1
3412,MAFK,4784,PRRX1
3413,MAG,3738,MXRA5
3413,MAG,5386,SCN2B
3413,MAG,5551,SIGLEC15
3413,MAG,5555,SIGLEC8
3413,MAG,5556,SIGLEC9
3413,MAG,5777,SOX10
3414,MAGEA11,3472,MAPK3
3415,MAGEA3,6345,TRIM28
3416,MAGEC2,6345,TRIM28
3417,MAGED1,3910,NGF
3417,MAGED1,5248,ROR2
3418,MAGED2,4751,PRKDC
3419,MAGEL2,6344,TRIM27
3420,MAGI1,5281,RPS6KA1
3421,MAGI2,3936,NLGN2
3421,MAGI2,4837,PTEN
3421,MAGI2,5007,RAPGEF2
3421,MAGI2,6079,TEP1
3422,MAGI3,4837,PTEN
3423,MALT1,5985,TAB2
3423,MALT1,6311,TRAF6
3424,MAML1,3566,MEF2C
3424,MAML1,3972,NOTCH1
3424,MAML1,3973,NOTCH2
3424,MAML1,3974,NOTCH3
3424,MAML1,3975,NOTCH4
3424,MAML1,5058,RBPJ
3424,MAML1,6275,TP53
3425,MAML2,3972,NOTCH1
3425,MAML2,3973,NOTCH2
3425,MAML2,3974,NOTCH3
3425,MAML2,3975,NOTCH4
3425,MAML2,5058,RBPJ
3426,MAML3,3972,NOTCH1
3426,MAML3,3973,NOTCH2
3426,MAML3,3974,NOTCH3
3426,MAML3,3975,NOTCH4
3426,MAML3,5058,RBPJ
3427,MANF,4751,PRKDC
3429,MAOA,3470,MAPK14
3430,MAP1A,3465,MAPK1
3430,MAP1A,3470,MAPK14
3430,MAP1A,5283,RPS6KA3
3431,MAP1B,3465,MAPK1
3431,MAP1B,3472,MAPK3
3431,MAP1B,3476,MAPK8
3431,MAP1B,4739,PRKCB
3431,MAP1B,4751,PRKDC
3431,MAP1B,4752,PRKG1
3431,MAP1B,5283,RPS6KA3
3431,MAP1B,5827,SRC
3432,MAP1LC3A,3811,NBR1
3432,MAP1LC3A,4729,PRKACA
3432,MAP1LC3A,5826,SQSTM1
3432,MAP1LC3A,5906,STK3
3432,MAP1LC3A,5911,STK4
3432,MAP1LC3A,6280,TP53INP1
3432,MAP1LC3A,6281,TP53INP2
3433,MAP1LC3B,3476,MAPK8
3433,MAP1LC3B,3811,NBR1
3433,MAP1LC3B,4729,PRKACA
3433,MAP1LC3B,4747,PRKCZ
3433,MAP1LC3B,5826,SQSTM1
3433,MAP1LC3B,6099,TFEB
3433,MAP1LC3B,6280,TP53INP1
3433,MAP1LC3B,6808,ZKSCAN3
3434,MAP1LC3C,3811,NBR1
3434,MAP1LC3C,6280,TP53INP1
3434,MAP1LC3C,6676,WDFY3
3435,MAP1S,3476,MAPK8
3435,MAP1S,5283,RPS6KA3
3436,MAP2,3470,MAPK14
3436,MAP2,3491,MARK1
3436,MAP2,4701,PPP3R1
3436,MAP2,4729,PRKACA
3436,MAP2,4738,PRKCA
3436,MAP2,5283,RPS6KA3
3437,MAP2K1,3444,MAP3K1
3437,MAP2K1,3450,MAP3K2
3437,MAP2K1,3456,MAP3K8
3437,MAP2K1,3465,MAPK1
3437,MAP2K1,3472,MAPK3
3437,MAP2K1,3474,MAPK6
3437,MAP2K1,3665,MOS
3437,MAP2K1,3782,MYOD1
3437,MAP2K1,4179,PAK1
3437,MAP2K1,4182,PAK3
3437,MAP2K1,4204,PARVA
3437,MAP2K1,4335,PDK1
3437,MAP2K1,4344,PDPK1
3437,MAP2K1,4358,PEBP1
3437,MAP2K1,4531,PLCB1
3437,MAP2K1,4684,PPP2CA
3437,MAP2K1,4685,PPP2CB
3437,MAP2K1,4980,RAF1
3437,MAP2K1,5283,RPS6KA3
3437,MAP2K1,5284,RPS6KA4
3437,MAP2K1,5686,SMAD2
3437,MAP2K1,5804,SPIB
3437,MAP2K1,6010,TAL1
3437,MAP2K1,6539,UBTF
3437,MAP2K1,6684,WDR83
3437,MAP2K1,6799,ZFYVE28
3437,MAP2K1,6803,ZHX2
3438,MAP2K2,3443,MAP2K7
3438,MAP2K2,3444,MAP3K1
3438,MAP2K2,3455,MAP3K7
3438,MAP2K2,3456,MAP3K8
3438,MAP2K2,3465,MAPK1
3438,MAP2K2,3472,MAPK3
3438,MAP2K2,3474,MAPK6
3438,MAP2K2,3480,MAPK9
3438,MAP2K2,4335,PDK1
3438,MAP2K2,4344,PDPK1
3438,MAP2K2,4637,PPARG
3438,MAP2K2,4684,PPP2CA
3438,MAP2K2,4980,RAF1
3438,MAP2K2,5688,SMAD4
3438,MAP2K2,6539,UBTF
3438,MAP2K2,6803,ZHX2
3439,MAP2K3,3444,MAP3K1
3439,MAP2K3,3446,MAP3K11
3439,MAP2K3,3451,MAP3K3
3439,MAP2K3,3452,MAP3K4
3439,MAP2K3,3453,MAP3K5
3439,MAP2K3,3455,MAP3K7
3439,MAP2K3,3456,MAP3K8
3439,MAP2K3,3465,MAPK1
3439,MAP2K3,3467,MAPK11
3439,MAP2K3,3468,MAPK12
3439,MAP2K3,3469,MAPK13
3439,MAP2K3,3470,MAPK14
3439,MAP2K3,6015,TAOK1
3439,MAP2K3,6016,TAOK2
3440,MAP2K4,3444,MAP3K1
3440,MAP2K4,3445,MAP3K10
3440,MAP2K4,3446,MAP3K11
3440,MAP2K4,3447,MAP3K12
3440,MAP2K4,3450,MAP3K2
3440,MAP2K4,3451,MAP3K3
3440,MAP2K4,3452,MAP3K4
3440,MAP2K4,3453,MAP3K5
3440,MAP2K4,3455,MAP3K7
3440,MAP2K4,3456,MAP3K8
3440,MAP2K4,3466,MAPK10
3440,MAP2K4,3468,MAPK12
3440,MAP2K4,3470,MAPK14
3440,MAP2K4,3476,MAPK8
3440,MAP2K4,3477,MAPK8IP1
3440,MAP2K4,3479,MAPK8IP3
3440,MAP2K4,3480,MAPK9
3440,MAP2K4,4648,PPM1A
3440,MAP2K4,4684,PPP2CA
3440,MAP2K4,4685,PPP2CB
3440,MAP2K4,5326,RXRA
3440,MAP2K4,5498,SGK1
3440,MAP2K4,5519,SH3RF1
3440,MAP2K4,5794,SPAG9
3440,MAP2K4,5911,STK4
3440,MAP2K4,6016,TAOK2
3440,MAP2K4,6275,TP53
3440,MAP2K4,6683,WDR62
3441,MAP2K5,3450,MAP3K2
3441,MAP2K5,3451,MAP3K3
3441,MAP2K5,3456,MAP3K8
3441,MAP2K5,3475,MAPK7
3441,MAP2K5,4739,PRKCB
3441,MAP2K5,5885,STAT3
3442,MAP2K6,3444,MAP3K1
3442,MAP2K6,3446,MAP3K11
3442,MAP2K6,3452,MAP3K4
3442,MAP2K6,3453,MAP3K5
3442,MAP2K6,3455,MAP3K7
3442,MAP2K6,3466,MAPK10
3442,MAP2K6,3467,MAPK11
3442,MAP2K6,3468,MAPK12
3442,MAP2K6,3469,MAPK13
3442,MAP2K6,3470,MAPK14
3442,MAP2K6,3476,MAPK8
3442,MAP2K6,3480,MAPK9
3442,MAP2K6,3890,NFE2L2
3442,MAP2K6,4184,PAK6
3442,MAP2K6,4648,PPM1A
3442,MAP2K6,5886,STAT4
3442,MAP2K6,6016,TAOK2
3443,MAP2K7,3444,MAP3K1
3443,MAP2K7,3445,MAP3K10
3443,MAP2K7,3447,MAP3K12
3443,MAP2K7,3448,MAP3K13
3443,MAP2K7,3450,MAP3K2
3443,MAP2K7,3453,MAP3K5
3443,MAP2K7,3455,MAP3K7
3443,MAP2K7,3466,MAPK10
3443,MAP2K7,3470,MAPK14
3443,MAP2K7,3476,MAPK8
3443,MAP2K7,3477,MAPK8IP1
3443,MAP2K7,3478,MAPK8IP2
3443,MAP2K7,3479,MAPK8IP3
3443,MAP2K7,3480,MAPK9
3443,MAP2K7,5519,SH3RF1
3443,MAP2K7,6016,TAOK2
3443,MAP2K7,6683,WDR62
3444,MAP3K1,3446,MAP3K11
3444,MAP3K1,3449,MAP3K14
3444,MAP3K1,3458,MAP4K1
3444,MAP3K1,3459,MAP4K2
3444,MAP3K1,3460,MAP4K3
3444,MAP3K1,3461,MAP4K4
3444,MAP3K1,3462,MAP4K5
3444,MAP3K1,3465,MAPK1
3444,MAP3K1,3472,MAPK3
3444,MAP3K1,3476,MAPK8
3444,MAP3K1,3479,MAPK8IP3
3444,MAP3K1,4179,PAK1
3444,MAP3K1,4684,PPP2CA
3444,MAP3K1,4960,RAC1
3444,MAP3K1,5143,RIPK1
3444,MAP3K1,5686,SMAD2
3444,MAP3K1,5844,SRPK2
3444,MAP3K1,5885,STAT3
3444,MAP3K1,5908,STK38
3444,MAP3K1,6306,TRAF2
3444,MAP3K1,6513,UBE2I
3444,MAP3K1,6787,ZFP36
3445,MAP3K10,3477,MAPK8IP1
3445,MAP3K10,3878,NEUROD1
3445,MAP3K10,4960,RAC1
3445,MAP3K10,5519,SH3RF1
3445,MAP3K10,6053,TCF3
3446,MAP3K11,3458,MAP4K1
3446,MAP3K11,3470,MAPK14
3446,MAP3K11,3472,MAPK3
3446,MAP3K11,3476,MAPK8
3446,MAP3K11,3479,MAPK8IP3
3446,MAP3K11,4179,PAK1
3446,MAP3K11,4478,PIN1
3446,MAP3K11,4960,RAC1
3446,MAP3K11,5283,RPS6KA3
3446,MAP3K11,5519,SH3RF1
3447,MAP3K12,3477,MAPK8IP1
3447,MAP3K12,3513,MBIP
3447,MAP3K12,3757,MYL12B
3447,MAP3K12,5519,SH3RF1
3448,MAP3K13,6342,TRIM25
3449,MAP3K14,3455,MAP3K7
3449,MAP3K14,3456,MAP3K8
3449,MAP3K14,3823,NCK1
3449,MAP3K14,3897,NFKB2
3449,MAP3K14,3898,NFKBIA
3449,MAP3K14,3960,NOD2
3449,MAP3K14,5063,RCAN1
3449,MAP3K14,5076,RELA
3449,MAP3K14,5885,STAT3
3449,MAP3K14,6241,TNFSF13B
3449,MAP3K14,6306,TRAF2
3449,MAP3K14,6307,TRAF3
3449,MAP3K14,6311,TRAF6
3449,MAP3K14,6316,TRAPPC9
3449,MAP3K14,6790,ZFP91
3450,MAP3K2,3465,MAPK1
3450,MAP3K2,3472,MAPK3
3450,MAP3K2,4769,PROK2
3450,MAP3K2,5146,RIPK4
3450,MAP3K2,5908,STK38
3451,MAP3K3,3460,MAP4K3
3451,MAP3K3,4684,PPP2CA
3451,MAP3K3,4729,PRKACA
3451,MAP3K3,4738,PRKCA
3451,MAP3K3,5063,RCAN1
3451,MAP3K3,5146,RIPK4
3451,MAP3K3,5283,RPS6KA3
3451,MAP3K3,5498,SGK1
3451,MAP3K3,5499,SGK2
3451,MAP3K3,5500,SGK3
3451,MAP3K3,5794,SPAG9
3451,MAP3K3,6312,TRAF7
3451,MAP3K3,6683,WDR62
3452,MAP3K4,3460,MAP4K3
3452,MAP3K4,3466,MAPK10
3452,MAP3K4,3476,MAPK8
3452,MAP3K4,3480,MAPK9
3452,MAP3K4,3613,MINK1
3452,MAP3K4,4865,PTPN11
3452,MAP3K4,4960,RAC1
3453,MAP3K5,3454,MAP3K6
3453,MAP3K5,3465,MAPK1
3453,MAP3K5,3470,MAPK14
3453,MAP3K5,3476,MAPK8
3453,MAP3K5,3484,MAPRE1
3453,MAP3K5,3572,MELK
3453,MAP3K5,4335,PDK1
3453,MAP3K5,4344,PDPK1
3453,MAP3K5,4397,PGAM5
3453,MAP3K5,4475,PIM1
3453,MAP3K5,4657,PPM1L
3453,MAP3K5,4698,PPP3CA
3453,MAP3K5,4704,PPP5C
3453,MAP3K5,4865,PTPN11
3453,MAP3K5,4980,RAF1
3453,MAP3K5,5396,SCO2
3453,MAP3K5,5498,SGK1
3453,MAP3K5,5543,SIAH1
3453,MAP3K5,5679,SLK
3453,MAP3K5,5922,STRAP
3453,MAP3K5,6257,TNNT2
3453,MAP3K5,6306,TRAF2
3453,MAP3K5,6311,TRAF6
3453,MAP3K5,6486,TXN
3453,MAP3K5,6831,ZNF622
3454,MAP3K6,3470,MAPK14
3455,MAP3K7,3458,MAP4K1
3455,MAP3K7,3461,MAP4K4
3455,MAP3K7,3470,MAPK14
3455,MAP3K7,3476,MAPK8
3455,MAP3K7,3896,NFKB1
3455,MAP3K7,3898,NFKBIA
3455,MAP3K7,3899,NFKBIB
3455,MAP3K7,3940,NLK
3455,MAP3K7,3960,NOD2
3455,MAP3K7,4025,NR2C2
3455,MAP3K7,4358,PEBP1
3455,MAP3K7,4649,PPM1B
3455,MAP3K7,4657,PPM1L
3455,MAP3K7,4684,PPP2CA
3455,MAP3K7,4685,PPP2CB
3455,MAP3K7,4705,PPP6C
3455,MAP3K7,4745,PRKCQ
3455,MAP3K7,4752,PRKG1
3455,MAP3K7,4874,PTPN3
3455,MAP3K7,4953,RAB8A
3455,MAP3K7,5143,RIPK1
3455,MAP3K7,5144,RIPK2
3455,MAP3K7,5687,SMAD3
3455,MAP3K7,5690,SMAD6
3455,MAP3K7,5984,TAB1
3455,MAP3K7,5985,TAB2
3455,MAP3K7,5986,TAB3
3455,MAP3K7,6116,TGFBR2
3455,MAP3K7,6215,TNFAIP8L2
3455,MAP3K7,6306,TRAF2
3455,MAP3K7,6311,TRAF6
3455,MAP3K7,6390,TRIM8
3455,MAP3K7,6518,UBE2N
3456,MAP3K8,3465,MAPK1
3456,MAP3K8,3472,MAPK3
3456,MAP3K8,3896,NFKB1
3456,MAP3K8,4476,PIM2
3456,MAP3K8,4478,PIN1
3456,MAP3K8,4556,PLK1
3456,MAP3K8,4739,PRKCB
3456,MAP3K8,5281,RPS6KA1
3456,MAP3K8,5283,RPS6KA3
3456,MAP3K8,6177,TLR4
3457,MAP4,3466,MAPK10
3457,MAP4,3470,MAPK14
3457,MAP4,3476,MAPK8
3457,MAP4,3480,MAPK9
3457,MAP4,3491,MARK1
3457,MAP4,4739,PRKCB
3457,MAP4,4751,PRKDC
3457,MAP4,6457,TTK
3458,MAP4K1,3465,MAPK1
3458,MAP4K1,3477,MAPK8IP1
3458,MAP4K1,4335,PDK1
3458,MAP4K1,4702,PPP4C
3458,MAP4K1,4738,PRKCA
3458,MAP4K1,4748,PRKD1
3458,MAP4K1,4980,RAF1
3458,MAP4K1,5283,RPS6KA3
3458,MAP4K1,5964,SYK
3459,MAP4K2,3477,MAPK8IP1
3459,MAP4K2,4722,PRH2
3459,MAP4K2,4819,PSMD2
3459,MAP4K2,6306,TRAF2
3460,MAP4K3,3470,MAPK14
3460,MAP4K3,4745,PRKCQ
3461,MAP4K4,3476,MAPK8
3461,MAP4K4,3480,MAPK9
3461,MAP4K4,4358,PEBP1
3461,MAP4K4,4752,PRKG1
3461,MAP4K4,5685,SMAD1
3463,MAP7,6419,TRPV4
3464,MAP9,4556,PLK1
3465,MAPK1,3470,MAPK14
3465,MAPK1,3475,MAPK7
3465,MAPK1,3481,MAPKAPK2
3465,MAPK1,3483,MAPKAPK5
3465,MAPK1,3487,MAPT
3465,MAPK1,3488,MARCKS
3465,MAPK1,3499,MAST2
3465,MAPK1,3515,MBP
3465,MAPK1,3530,MCL1
3465,MAPK1,3545,MCTS1
3465,MAPK1,3558,MED1
3465,MAPK1,3562,MED14
3465,MAPK1,3564,MEF2A
3465,MAPK1,3565,MEF2B
3465,MAPK1,3582,METTL3
3465,MAPK1,3616,MITF
3465,MAPK1,3619,MKNK1
3465,MAPK1,3620,MKNK2
3465,MAPK1,3717,MTNR1A
3465,MAPK1,3740,MYB
3465,MAPK1,3741,MYBBP1A
3465,MAPK1,3743,MYBL2
3465,MAPK1,3745,MYC
3465,MAPK1,3748,MYCN
3465,MAPK1,3765,MYLK
3465,MAPK1,3779,MYO9B
3465,MAPK1,3781,MYOCD
3465,MAPK1,3802,NANOG
3465,MAPK1,3812,NCAM1
3465,MAPK1,3820,NCF1
3465,MAPK1,3821,NCF2
3465,MAPK1,3829,NCOA1
3465,MAPK1,3830,NCOA2
3465,MAPK1,3833,NCOA6
3465,MAPK1,3842,NDE1
3465,MAPK1,3843,NDEL1
3465,MAPK1,3859,NEFH
3465,MAPK1,3861,NEFM
3465,MAPK1,3878,NEUROD1
3465,MAPK1,3887,NFATC4
3465,MAPK1,3890,NFE2L2
3465,MAPK1,3918,NID1
3465,MAPK1,3960,NOD2
3465,MAPK1,3980,NOX5
3465,MAPK1,3981,NOXA1
3465,MAPK1,4025,NR2C2
3465,MAPK1,4030,NR3C1
3465,MAPK1,4032,NR4A1
3465,MAPK1,4033,NR4A2
3465,MAPK1,4035,NR5A1
3465,MAPK1,4090,NUP153
3465,MAPK1,4093,NUP50
3465,MAPK1,4179,PAK1
3465,MAPK1,4202,PARP1
3465,MAPK1,4204,PARVA
3465,MAPK1,4211,PAX5
3465,MAPK1,4224,PCBP2
3465,MAPK1,4280,PCLO
3465,MAPK1,4292,PCYT1A
3465,MAPK1,4314,PDE4C
3465,MAPK1,4315,PDE4D
3465,MAPK1,4347,PDX1
3465,MAPK1,4348,PDXDC1
3465,MAPK1,4356,PEA15
3465,MAPK1,4385,PFAS
3465,MAPK1,4404,PGR
3465,MAPK1,4415,PHF2
3465,MAPK1,4430,PHLDB1
3465,MAPK1,4488,PIP5K1C
3465,MAPK1,4493,PITPNM1
3465,MAPK1,4519,PLA2G4A
3465,MAPK1,4522,PLAA
3465,MAPK1,4531,PLCB1
3465,MAPK1,4581,PML
3465,MAPK1,4609,POLR2A
3465,MAPK1,4632,POU5F1
3465,MAPK1,4635,PPARA
3465,MAPK1,4637,PPARG
3465,MAPK1,4660,PPP1CA
3465,MAPK1,4683,PPP1R9B
3465,MAPK1,4684,PPP2CA
3465,MAPK1,4685,PPP2CB
3465,MAPK1,4696,PPP2R5C
3465,MAPK1,4716,PRDX6
3465,MAPK1,4729,PRKACA
3465,MAPK1,4738,PRKCA
3465,MAPK1,4743,PRKCH
3465,MAPK1,4747,PRKCZ
3465,MAPK1,4831,PTBP2
3465,MAPK1,4854,PTK2
3465,MAPK1,4876,PTPN5
3465,MAPK1,4877,PTPN6
3465,MAPK1,4878,PTPN7
3465,MAPK1,4881,PTPRB
3465,MAPK1,4883,PTPRCAP
3465,MAPK1,4885,PTPRE
3465,MAPK1,4889,PTPRJ
3465,MAPK1,4893,PTPRR
3465,MAPK1,4900,PTTG1
3465,MAPK1,4912,PXN
3465,MAPK1,4980,RAF1
3465,MAPK1,4983,RAI1
3465,MAPK1,4984,RAI14
3465,MAPK1,5012,RAPH1
3465,MAPK1,5014,RARA
3465,MAPK1,5028,RASGRP2
3465,MAPK1,5041,RBL1
3465,MAPK1,5042,RBL2
3465,MAPK1,5059,RBPMS
3465,MAPK1,5063,RCAN1
3465,MAPK1,5076,RELA
3465,MAPK1,5078,RELL1
3465,MAPK1,5085,RET
3465,MAPK1,5090,REXO1
3465,MAPK1,5109,RGS19
3465,MAPK1,5245,ROCK1
3465,MAPK1,5249,RORA
3465,MAPK1,5278,RPS3
3465,MAPK1,5281,RPS6KA1
3465,MAPK1,5282,RPS6KA2
3465,MAPK1,5283,RPS6KA3
3465,MAPK1,5284,RPS6KA4
3465,MAPK1,5285,RPS6KA5
3465,MAPK1,5287,RPS6KB1
3465,MAPK1,5289,RPS6KC1
3465,MAPK1,5291,RPTOR
3465,MAPK1,5304,RSPH3
3465,MAPK1,5313,RTN4
3465,MAPK1,5317,RUNX1
3465,MAPK1,5326,RXRA
3465,MAPK1,5349,SAFB2
3465,MAPK1,5394,SCNN1B
3465,MAPK1,5395,SCNN1G
3465,MAPK1,5486,SF3B1
3465,MAPK1,5498,SGK1
3465,MAPK1,5531,SHC4
3465,MAPK1,5538,SHOC2
3465,MAPK1,5657,SLC6A3
3465,MAPK1,5664,SLC9A1
3465,MAPK1,5685,SMAD1
3465,MAPK1,5686,SMAD2
3465,MAPK1,5687,SMAD3
3465,MAPK1,5688,SMAD4
3465,MAPK1,5698,SMARCAD1
3465,MAPK1,5707,SMC4
3465,MAPK1,5720,SNAI1
3465,MAPK1,5721,SNAI2
3465,MAPK1,5733,SNED1
3465,MAPK1,5750,SNX2
3465,MAPK1,5767,SORBS3
3465,MAPK1,5773,SOS1
3465,MAPK1,5786,SP1
3465,MAPK1,5788,SP3
3465,MAPK1,5796,SPAST
3465,MAPK1,5801,SPHK1
3465,MAPK1,5802,SPHK2
3465,MAPK1,5830,SREBF1
3465,MAPK1,5831,SREBF2
3465,MAPK1,5846,SRRM1
3465,MAPK1,5853,SSBP3
3465,MAPK1,5883,STAT1
3465,MAPK1,5885,STAT3
3465,MAPK1,5887,STAT5A
3465,MAPK1,5896,STIM1
3465,MAPK1,5898,STK10
3465,MAPK1,5899,STK11
3465,MAPK1,5913,STMN1
3465,MAPK1,5952,SUPT5H
3465,MAPK1,5953,SUPV3L1
3465,MAPK1,5966,SYN1
3465,MAPK1,6005,TAF6
3465,MAPK1,6009,TAGLN2
3465,MAPK1,6012,TANC1
3465,MAPK1,6029,TBC1D23
3465,MAPK1,6053,TCF3
3465,MAPK1,6092,TFAM
3465,MAPK1,6097,TFCP2
3465,MAPK1,6099,TFEB
3465,MAPK1,6105,TFPI
3465,MAPK1,6112,TGFB1I1
3465,MAPK1,6121,TGS1
3465,MAPK1,6122,TH
3465,MAPK1,6137,THRB
3465,MAPK1,6229,TNFRSF1A
3465,MAPK1,6253,TNKS1BP1
3465,MAPK1,6264,TOB1
3465,MAPK1,6269,TOP2A
3465,MAPK1,6275,TP53
3465,MAPK1,6278,TP53BP2
3465,MAPK1,6296,TPPP
3465,MAPK1,6297,TPR
3465,MAPK1,6302,TPX2
3465,MAPK1,6423,TSC1
3465,MAPK1,6424,TSC2
3465,MAPK1,6462,TUB
3465,MAPK1,6483,TWIST1
3465,MAPK1,6487,TXNIP
3465,MAPK1,6499,UBAP2L
3465,MAPK1,6539,UBTF
3465,MAPK1,6571,UNG
3465,MAPK1,6626,VAV1
3465,MAPK1,6670,WASF2
3465,MAPK1,6693,WIZ
3465,MAPK1,6723,WTAP
3465,MAPK1,6724,WWC1
3465,MAPK1,6741,XPO5
3465,MAPK1,6749,XRN2
3465,MAPK1,6758,YTHDF2
3465,MAPK1,6778,ZC3HC1
3465,MAPK1,6787,ZFP36
3465,MAPK1,6810,ZMYM2
3465,MAPK1,6850,ZYX
3466,MAPK10,3477,MAPK8IP1
3466,MAPK10,3478,MAPK8IP2
3466,MAPK10,3479,MAPK8IP3
3466,MAPK10,3480,MAPK9
3466,MAPK10,3481,MAPKAPK2
3466,MAPK10,3487,MAPT
3466,MAPK10,3492,MARK2
3466,MAPK10,3530,MCL1
3466,MAPK10,3540,MCOLN1
3466,MAPK10,3564,MEF2A
3466,MAPK10,3660,MOBP
3466,MAPK10,3745,MYC
3466,MAPK10,3782,MYOD1
3466,MAPK10,3805,NAP1L1
3466,MAPK10,3824,NCK2
3466,MAPK10,3843,NDEL1
3466,MAPK10,3884,NFATC1
3466,MAPK10,3885,NFATC2
3466,MAPK10,3886,NFATC3
3466,MAPK10,3891,NFIA
3466,MAPK10,4030,NR3C1
3466,MAPK10,4084,NUDT11
3466,MAPK10,4092,NUP214
3466,MAPK10,4131,OSBP2
3466,MAPK10,4292,PCYT1A
3466,MAPK10,4293,PCYT1B
3466,MAPK10,4346,PDS5B
3466,MAPK10,4406,PHACTR1
3466,MAPK10,4541,PLEC
3466,MAPK10,4643,PPFIA1
3466,MAPK10,4655,PPM1J
3466,MAPK10,4703,PPP4R2
3466,MAPK10,4966,RAD18
3466,MAPK10,5049,RBM39
3466,MAPK10,5051,RBM6
3466,MAPK10,5090,REXO1
3466,MAPK10,5256,RPAP1
3466,MAPK10,5287,RPS6KB1
3466,MAPK10,5313,RTN4
3466,MAPK10,5326,RXRA
3466,MAPK10,5488,SFN
3466,MAPK10,5528,SHC1
3466,MAPK10,5664,SLC9A1
3466,MAPK10,5737,SNPH
3466,MAPK10,5742,SNTA1
3466,MAPK10,5822,SPTBN1
3466,MAPK10,5847,SRRM2
3466,MAPK10,5848,SRRT
3466,MAPK10,5913,STMN1
3466,MAPK10,5914,STMN2
3466,MAPK10,5960,SYAP1
3466,MAPK10,5966,SYN1
3466,MAPK10,5984,TAB1
3466,MAPK10,6003,TAF3
3466,MAPK10,6011,TAL2
3466,MAPK10,6052,TCF20
3466,MAPK10,6275,TP53
3466,MAPK10,6592,USP20
3466,MAPK10,6602,USP47
3466,MAPK10,6723,WTAP
3466,MAPK10,6764,YWHAZ
3466,MAPK10,6796,ZFYVE16
3466,MAPK10,6817,ZNF239
3467,MAPK11,3483,MAPKAPK5
3467,MAPK11,3487,MAPT
3467,MAPK11,3887,NFATC4
3467,MAPK11,3890,NFE2L2
3467,MAPK11,4446,PIAS2
3467,MAPK11,4741,PRKCE
3467,MAPK11,5285,RPS6KA5
3467,MAPK11,5291,RPTOR
3467,MAPK11,5686,SMAD2
3467,MAPK11,5762,SOD2
3467,MAPK11,5794,SPAG9
3467,MAPK11,5883,STAT1
3467,MAPK11,5913,STMN1
3467,MAPK11,6053,TCF3
3467,MAPK11,6275,TP53
3467,MAPK11,6277,TP53BP1
3467,MAPK11,6483,TWIST1
3467,MAPK11,6837,ZNHIT1
3468,MAPK12,3483,MAPKAPK5
3468,MAPK12,3487,MAPT
3468,MAPK12,3564,MEF2A
3468,MAPK12,3566,MEF2C
3468,MAPK12,3567,MEF2D
3468,MAPK12,3782,MYOD1
3468,MAPK12,3887,NFATC4
3468,MAPK12,3890,NFE2L2
3468,MAPK12,4650,PPM1D
3468,MAPK12,4874,PTPN3
3468,MAPK12,5067,RCSD1
3468,MAPK12,5326,RXRA
3468,MAPK12,5498,SGK1
3468,MAPK12,5511,SH3BP5
3468,MAPK12,5742,SNTA1
3468,MAPK12,5743,SNTB1
3468,MAPK12,5913,STMN1
3468,MAPK12,6269,TOP2A
3468,MAPK12,6277,TP53BP1
3468,MAPK12,6540,UBXN1
3469,MAPK13,3478,MAPK8IP2
3469,MAPK13,3483,MAPKAPK5
3469,MAPK13,3487,MAPT
3469,MAPK13,3488,MARCKS
3469,MAPK13,3887,NFATC4
3469,MAPK13,3890,NFE2L2
3469,MAPK13,4748,PRKD1
3469,MAPK13,5067,RCSD1
3469,MAPK13,5913,STMN1
3469,MAPK13,6275,TP53
3469,MAPK13,6277,TP53BP1
3470,MAPK14,3472,MAPK3
3470,MAPK14,3473,MAPK4
3470,MAPK14,3477,MAPK8IP1
3470,MAPK14,3478,MAPK8IP2
3470,MAPK14,3481,MAPKAPK2
3470,MAPK14,3482,MAPKAPK3
3470,MAPK14,3483,MAPKAPK5
3470,MAPK14,3487,MAPT
3470,MAPK14,3506,MATR3
3470,MAPK14,3508,MAX
3470,MAPK14,3557,MECP2
3470,MAPK14,3558,MED1
3470,MAPK14,3564,MEF2A
3470,MAPK14,3565,MEF2B
3470,MAPK14,3566,MEF2C
3470,MAPK14,3567,MEF2D
3470,MAPK14,3599,MGMT
3470,MAPK14,3613,MINK1
3470,MAPK14,3616,MITF
3470,MAPK14,3617,MKI67
3470,MAPK14,3619,MKNK1
3470,MAPK14,3620,MKNK2
3470,MAPK14,3656,MN1
3470,MAPK14,3693,MSH6
3470,MAPK14,3708,MTA1
3470,MAPK14,3740,MYB
3470,MAPK14,3743,MYBL2
3470,MAPK14,3745,MYC
3470,MAPK14,3748,MYCN
3470,MAPK14,3760,MYL4
3470,MAPK14,3789,MZF1
3470,MAPK14,3812,NCAM1
3470,MAPK14,3820,NCF1
3470,MAPK14,3828,NCL
3470,MAPK14,3829,NCOA1
3470,MAPK14,3830,NCOA2
3470,MAPK14,3831,NCOA3
3470,MAPK14,3834,NCOR1
3470,MAPK14,3859,NEFH
3470,MAPK14,3878,NEUROD1
3470,MAPK14,3884,NFATC1
3470,MAPK14,3887,NFATC4
3470,MAPK14,3890,NFE2L2
3470,MAPK14,3898,NFKBIA
3470,MAPK14,3902,NFRKB
3470,MAPK14,3959,NOD1
3470,MAPK14,3960,NOD2
3470,MAPK14,3963,NOL3
3470,MAPK14,3964,NOLC1
3470,MAPK14,3973,NOTCH2
3470,MAPK14,3981,NOXA1
3470,MAPK14,4029,NR2F6
3470,MAPK14,4030,NR3C1
3470,MAPK14,4035,NR5A1
3470,MAPK14,4095,NUP98
3470,MAPK14,4144,OTUD7B
3470,MAPK14,4179,PAK1
3470,MAPK14,4184,PAK6
3470,MAPK14,4187,PALM
3470,MAPK14,4194,PAPOLG
3470,MAPK14,4217,PBK
3470,MAPK14,4230,PCDH7
3470,MAPK14,4277,PCIF1
3470,MAPK14,4280,PCLO
3470,MAPK14,4341,PDLIM4
3470,MAPK14,4347,PDX1
3470,MAPK14,4366,PEPD
3470,MAPK14,4414,PHF12
3470,MAPK14,4418,PHF3
3470,MAPK14,4446,PIAS2
3470,MAPK14,4484,PIP4K2B
3470,MAPK14,4493,PITPNM1
3470,MAPK14,4508,PKN1
3470,MAPK14,4515,PKP4
3470,MAPK14,4519,PLA2G4A
3470,MAPK14,4522,PLAA
3470,MAPK14,4531,PLCB1
3470,MAPK14,4571,PLXNA2
3470,MAPK14,4596,POLA1
3470,MAPK14,4609,POLR2A
3470,MAPK14,4626,POU3F2
3470,MAPK14,4635,PPARA
3470,MAPK14,4637,PPARG
3470,MAPK14,4638,PPARGC1A
3470,MAPK14,4643,PPFIA1
3470,MAPK14,4648,PPM1A
3470,MAPK14,4650,PPM1D
3470,MAPK14,4661,PPP1CB
3470,MAPK14,4673,PPP1R15A
3470,MAPK14,4675,PPP1R1A
3470,MAPK14,4682,PPP1R9A
3470,MAPK14,4684,PPP2CA
3470,MAPK14,4685,PPP2CB
3470,MAPK14,4729,PRKACA
3470,MAPK14,4739,PRKCB
3470,MAPK14,4741,PRKCE
3470,MAPK14,4778,PRPF4B
3470,MAPK14,4795,PSEN1
3470,MAPK14,4817,PSMD1
3470,MAPK14,4831,PTBP2
3470,MAPK14,4864,PTPN1
3470,MAPK14,4876,PTPN5
3470,MAPK14,4878,PTPN7
3470,MAPK14,4893,PTPRR
3470,MAPK14,4912,PXN
3470,MAPK14,4945,RAB4A
3470,MAPK14,4996,RANBP2
3470,MAPK14,4999,RANGAP1
3470,MAPK14,5014,RARA
3470,MAPK14,5034,RB1
3470,MAPK14,5041,RBL1
3470,MAPK14,5042,RBL2
3470,MAPK14,5058,RBPJ
3470,MAPK14,5063,RCAN1
3470,MAPK14,5076,RELA
3470,MAPK14,5085,RET
3470,MAPK14,5134,RIMS1
3470,MAPK14,5144,RIPK2
3470,MAPK14,5254,RPA2
3470,MAPK14,5281,RPS6KA1
3470,MAPK14,5284,RPS6KA4
3470,MAPK14,5285,RPS6KA5
3470,MAPK14,5287,RPS6KB1
3470,MAPK14,5296,RRBP1
3470,MAPK14,5317,RUNX1
3470,MAPK14,5318,RUNX2
3470,MAPK14,5340,S100A9
3470,MAPK14,5352,SAP30
3470,MAPK14,5381,SCN10A
3470,MAPK14,5391,SCN8A
3470,MAPK14,5458,SENP6
3470,MAPK14,5485,SF1
3470,MAPK14,5498,SGK1
3470,MAPK14,5528,SHC1
3470,MAPK14,5544,SIAH2
3470,MAPK14,5564,SIN3A
3470,MAPK14,5566,SIPA1
3470,MAPK14,5572,SIRT1
3470,MAPK14,5619,SLC20A1
3470,MAPK14,5648,SLC4A10
3470,MAPK14,5656,SLC6A2
3470,MAPK14,5664,SLC9A1
3470,MAPK14,5669,SLCO4A1
3470,MAPK14,5687,SMAD3
3470,MAPK14,5697,SMARCA5
3470,MAPK14,5698,SMARCAD1
3470,MAPK14,5701,SMARCC1
3470,MAPK14,5704,SMARCD3
3470,MAPK14,5714,SMTN
3470,MAPK14,5725,SNAP91
3470,MAPK14,5726,SNAPC4
3470,MAPK14,5742,SNTA1
3470,MAPK14,5748,SNW1
3470,MAPK14,5751,SNX27
3470,MAPK14,5764,SON
3470,MAPK14,5773,SOS1
3470,MAPK14,5790,SP7
3470,MAPK14,5794,SPAG9
3470,MAPK14,5800,SPEN
3470,MAPK14,5804,SPIB
3470,MAPK14,5822,SPTBN1
3470,MAPK14,5826,SQSTM1
3470,MAPK14,5830,SREBF1
3470,MAPK14,5846,SRRM1
3470,MAPK14,5847,SRRM2
3470,MAPK14,5883,STAT1
3470,MAPK14,5885,STAT3
3470,MAPK14,5886,STAT4
3470,MAPK14,5898,STK10
3470,MAPK14,5910,STK39
3470,MAPK14,5913,STMN1
3470,MAPK14,5914,STMN2
3470,MAPK14,5925,STUB1
3470,MAPK14,5932,STX7
3470,MAPK14,5934,STXBP1
3470,MAPK14,5984,TAB1
3470,MAPK14,5992,TACC3
3470,MAPK14,6002,TAF2
3470,MAPK14,6003,TAF3
3470,MAPK14,6005,TAF6
3470,MAPK14,6016,TAOK2
3470,MAPK14,6048,TCEA1
3470,MAPK14,6053,TCF3
3470,MAPK14,6061,TCOF1
3470,MAPK14,6081,TERF2
3470,MAPK14,6082,TERF2IP
3470,MAPK14,6122,TH
3470,MAPK14,6130,THOC1
3470,MAPK14,6131,THOC2
3470,MAPK14,6136,THRAP3
3470,MAPK14,6142,TIAL1
3470,MAPK14,6159,TJP1
3470,MAPK14,6160,TJP2
3470,MAPK14,6166,TLE3
3470,MAPK14,6172,TLN2
3470,MAPK14,6177,TLR4
3470,MAPK14,6275,TP53
3470,MAPK14,6277,TP53BP1
3470,MAPK14,6284,TP63
3470,MAPK14,6302,TPX2
3470,MAPK14,6303,TRA2B
3470,MAPK14,6311,TRAF6
3470,MAPK14,6324,TRERF1
3470,MAPK14,6391,TRIM9
3470,MAPK14,6423,TSC1
3470,MAPK14,6483,TWIST1
3470,MAPK14,6496,UBA1
3470,MAPK14,6504,UBE2A
3470,MAPK14,6534,UBQLN2
3470,MAPK14,6539,UBTF
3470,MAPK14,6565,UNC13B
3470,MAPK14,6571,UNG
3470,MAPK14,6577,USF1
3470,MAPK14,6590,USP19
3470,MAPK14,6593,USP21
3470,MAPK14,6634,VDAC1
3470,MAPK14,6686,WEE1
3470,MAPK14,6731,XBP1
3470,MAPK14,6738,XPA
3470,MAPK14,6756,YLPM1
3470,MAPK14,6759,YWHAB
3470,MAPK14,6766,ZAP70
3470,MAPK14,6787,ZFP36
3470,MAPK14,6792,ZFPM1
3470,MAPK14,6813,ZMYND8
3470,MAPK14,6814,ZNF148
3470,MAPK14,6822,ZNF335
3470,MAPK14,6837,ZNHIT1
3471,MAPK15,4684,PPP2CA
3471,MAPK15,4864,PTPN1
3472,MAPK3,3481,MAPKAPK2
3472,MAPK3,3487,MAPT
3472,MAPK3,3509,MAZ
3472,MAPK3,3515,MBP
3472,MAPK3,3530,MCL1
3472,MAPK3,3545,MCTS1
3472,MAPK3,3558,MED1
3472,MAPK3,3582,METTL3
3472,MAPK3,3616,MITF
3472,MAPK3,3619,MKNK1
3472,MAPK3,3620,MKNK2
3472,MAPK3,3714,MTMR2
3472,MAPK3,3740,MYB
3472,MAPK3,3745,MYC
3472,MAPK3,3755,MYL1
3472,MAPK3,3765,MYLK
3472,MAPK3,3789,MZF1
3472,MAPK3,3820,NCF1
3472,MAPK3,3827,NCKIPSD
3472,MAPK3,3829,NCOA1
3472,MAPK3,3830,NCOA2
3472,MAPK3,3878,NEUROD1
3472,MAPK3,3884,NFATC1
3472,MAPK3,3887,NFATC4
3472,MAPK3,3890,NFE2L2
3472,MAPK3,3969,NOS2
3472,MAPK3,3981,NOXA1
3472,MAPK3,4030,NR3C1
3472,MAPK3,4090,NUP153
3472,MAPK3,4092,NUP214
3472,MAPK3,4093,NUP50
3472,MAPK3,4179,PAK1
3472,MAPK3,4186,PALLD
3472,MAPK3,4211,PAX5
3472,MAPK3,4224,PCBP2
3472,MAPK3,4292,PCYT1A
3472,MAPK3,4315,PDE4D
3472,MAPK3,4319,PDE6G
3472,MAPK3,4356,PEA15
3472,MAPK3,4404,PGR
3472,MAPK3,4519,PLA2G4A
3472,MAPK3,4531,PLCB1
3472,MAPK3,4581,PML
3472,MAPK3,4609,POLR2A
3472,MAPK3,4632,POU5F1
3472,MAPK3,4635,PPARA
3472,MAPK3,4637,PPARG
3472,MAPK3,4638,PPARGC1A
3472,MAPK3,4660,PPP1CA
3472,MAPK3,4675,PPP1R1A
3472,MAPK3,4684,PPP2CA
3472,MAPK3,4696,PPP2R5C
3472,MAPK3,4738,PRKCA
3472,MAPK3,4747,PRKCZ
3472,MAPK3,4854,PTK2
3472,MAPK3,4865,PTPN11
3472,MAPK3,4866,PTPN12
3472,MAPK3,4876,PTPN5
3472,MAPK3,4877,PTPN6
3472,MAPK3,4878,PTPN7
3472,MAPK3,4881,PTPRB
3472,MAPK3,4885,PTPRE
3472,MAPK3,4889,PTPRJ
3472,MAPK3,4893,PTPRR
3472,MAPK3,4900,PTTG1
3472,MAPK3,4912,PXN
3472,MAPK3,4946,RAB5A
3472,MAPK3,4960,RAC1
3472,MAPK3,4980,RAF1
3472,MAPK3,5016,RARG
3472,MAPK3,5063,RCAN1
3472,MAPK3,5084,REST
3472,MAPK3,5085,RET
3472,MAPK3,5109,RGS19
3472,MAPK3,5120,RHOA
3472,MAPK3,5278,RPS3
3472,MAPK3,5281,RPS6KA1
3472,MAPK3,5282,RPS6KA2
3472,MAPK3,5283,RPS6KA3
3472,MAPK3,5284,RPS6KA4
3472,MAPK3,5285,RPS6KA5
3472,MAPK3,5287,RPS6KB1
3472,MAPK3,5291,RPTOR
3472,MAPK3,5295,RRAS
3472,MAPK3,5301,RRN3
3472,MAPK3,5304,RSPH3
3472,MAPK3,5318,RUNX2
3472,MAPK3,5326,RXRA
3472,MAPK3,5394,SCNN1B
3472,MAPK3,5395,SCNN1G
3472,MAPK3,5398,SCRIB
3472,MAPK3,5415,SEC16A
3472,MAPK3,5502,SH2B1
3472,MAPK3,5525,SHARPIN
3472,MAPK3,5528,SHC1
3472,MAPK3,5685,SMAD1
3472,MAPK3,5686,SMAD2
3472,MAPK3,5687,SMAD3
3472,MAPK3,5688,SMAD4
3472,MAPK3,5748,SNW1
3472,MAPK3,5767,SORBS3
3472,MAPK3,5773,SOS1
3472,MAPK3,5786,SP1
3472,MAPK3,5788,SP3
3472,MAPK3,5801,SPHK1
3472,MAPK3,5802,SPHK2
3472,MAPK3,5804,SPIB
3472,MAPK3,5830,SREBF1
3472,MAPK3,5831,SREBF2
3472,MAPK3,5847,SRRM2
3472,MAPK3,5878,STAR
3472,MAPK3,5883,STAT1
3472,MAPK3,5885,STAT3
3472,MAPK3,5887,STAT5A
3472,MAPK3,5896,STIM1
3472,MAPK3,5899,STK11
3472,MAPK3,5913,STMN1
3472,MAPK3,5914,STMN2
3472,MAPK3,5945,SULT4A1
3472,MAPK3,5965,SYMPK
3472,MAPK3,5966,SYN1
3472,MAPK3,5968,SYN3
3472,MAPK3,6010,TAL1
3472,MAPK3,6011,TAL2
3472,MAPK3,6053,TCF3
3472,MAPK3,6097,TFCP2
3472,MAPK3,6122,TH
3472,MAPK3,6137,THRB
3472,MAPK3,6264,TOB1
3472,MAPK3,6269,TOP2A
3472,MAPK3,6275,TP53
3472,MAPK3,6315,TRAP1
3472,MAPK3,6418,TRPV3
3472,MAPK3,6424,TSC2
3472,MAPK3,6457,TTK
3472,MAPK3,6462,TUB
3472,MAPK3,6483,TWIST1
3472,MAPK3,6539,UBTF
3472,MAPK3,6670,WASF2
3472,MAPK3,6684,WDR83
3472,MAPK3,6724,WWC1
3472,MAPK3,6731,XBP1
3472,MAPK3,6741,XPO5
3472,MAPK3,6778,ZC3HC1
3472,MAPK3,6787,ZFP36
3472,MAPK3,6811,ZMYM3
3473,MAPK4,3474,MAPK6
3473,MAPK4,3483,MAPKAPK5
3473,MAPK4,4179,PAK1
3473,MAPK4,4181,PAK2
3474,MAPK6,3483,MAPKAPK5
3474,MAPK6,3831,NCOA3
3474,MAPK6,4179,PAK1
3474,MAPK6,4181,PAK2
3474,MAPK6,4182,PAK3
3474,MAPK6,6069,TDP2
3475,MAPK7,3564,MEF2A
3475,MAPK7,3566,MEF2C
3475,MAPK7,3567,MEF2D
3475,MAPK7,3745,MYC
3475,MAPK7,3879,NEUROG1
3475,MAPK7,3887,NFATC4
3475,MAPK7,4032,NR4A1
3475,MAPK7,4581,PML
3475,MAPK7,4747,PRKCZ
3475,MAPK7,4893,PTPRR
3475,MAPK7,5281,RPS6KA1
3475,MAPK7,5326,RXRA
3475,MAPK7,5498,SGK1
3476,MAPK8,3477,MAPK8IP1
3476,MAPK8,3478,MAPK8IP2
3476,MAPK8,3479,MAPK8IP3
3476,MAPK8,3480,MAPK9
3476,MAPK8,3481,MAPKAPK2
3476,MAPK8,3483,MAPKAPK5
3476,MAPK8,3487,MAPT
3476,MAPK8,3488,MARCKS
3476,MAPK8,3504,MATK
3476,MAPK8,3530,MCL1
3476,MAPK8,3564,MEF2A
3476,MAPK8,3567,MEF2D
3476,MAPK8,3620,MKNK2
3476,MAPK8,3722,MUC1
3476,MAPK8,3745,MYC
3476,MAPK8,3807,NASP
3476,MAPK8,3831,NCOA3
3476,MAPK8,3843,NDEL1
3476,MAPK8,3861,NEFM
3476,MAPK8,3863,NEIL1
3476,MAPK8,3880,NF1
3476,MAPK8,3885,NFATC2
3476,MAPK8,3886,NFATC3
3476,MAPK8,3887,NFATC4
3476,MAPK8,3888,NFE2
3476,MAPK8,3890,NFE2L2
3476,MAPK8,3891,NFIA
3476,MAPK8,3892,NFIB
3476,MAPK8,3893,NFIC
3476,MAPK8,3954,NMT1
3476,MAPK8,3959,NOD1
3476,MAPK8,3960,NOD2
3476,MAPK8,3994,NPM1
3476,MAPK8,4030,NR3C1
3476,MAPK8,4032,NR4A1
3476,MAPK8,4062,NSUN5
3476,MAPK8,4131,OSBP2
3476,MAPK8,4184,PAK6
3476,MAPK8,4209,PAX2
3476,MAPK8,4226,PCDH1
3476,MAPK8,4410,PHC3
3476,MAPK8,4507,PKMYT1
3476,MAPK8,4519,PLA2G4A
3476,MAPK8,4541,PLEC
3476,MAPK8,4595,POGZ
3476,MAPK8,4637,PPARG
3476,MAPK8,4655,PPM1J
3476,MAPK8,4676,PPP1R1B
3476,MAPK8,4684,PPP2CA
3476,MAPK8,4685,PPP2CB
3476,MAPK8,4704,PPP5C
3476,MAPK8,4711,PRDM2
3476,MAPK8,4725,PRICKLE3
3476,MAPK8,4740,PRKCD
3476,MAPK8,4751,PRKDC
3476,MAPK8,4821,PSMD4
3476,MAPK8,4900,PTTG1
3476,MAPK8,4912,PXN
3476,MAPK8,4960,RAC1
3476,MAPK8,4966,RAD18
3476,MAPK8,5002,RAP1GAP
3476,MAPK8,5014,RARA
3476,MAPK8,5045,RBM15
3476,MAPK8,5046,RBM17
3476,MAPK8,5054,RBMX
3476,MAPK8,5067,RCSD1
3476,MAPK8,5084,REST
3476,MAPK8,5085,RET
3476,MAPK8,5120,RHOA
3476,MAPK8,5144,RIPK2
3476,MAPK8,5158,RND1
3476,MAPK8,5239,RNMT
3476,MAPK8,5245,ROCK1
3476,MAPK8,5248,ROR2
3476,MAPK8,5283,RPS6KA3
3476,MAPK8,5287,RPS6KB1
3476,MAPK8,5297,RREB1
3476,MAPK8,5313,RTN4
3476,MAPK8,5326,RXRA
3476,MAPK8,5335,S100A11
3476,MAPK8,5354,SARM1
3476,MAPK8,5380,SCML2
3476,MAPK8,5486,SF3B1
3476,MAPK8,5488,SFN
3476,MAPK8,5519,SH3RF1
3476,MAPK8,5528,SHC1
3476,MAPK8,5572,SIRT1
3476,MAPK8,5577,SIRT6
3476,MAPK8,5644,SLC41A3
3476,MAPK8,5686,SMAD2
3476,MAPK8,5687,SMAD3
3476,MAPK8,5688,SMAD4
3476,MAPK8,5702,SMARCC2
3476,MAPK8,5732,SND1
3476,MAPK8,5736,SNN
3476,MAPK8,5740,SNRNP70
3476,MAPK8,5778,SOX11
3476,MAPK8,5786,SP1
3476,MAPK8,5796,SPAST
3476,MAPK8,5827,SRC
3476,MAPK8,5830,SREBF1
3476,MAPK8,5847,SRRM2
3476,MAPK8,5848,SRRT
3476,MAPK8,5854,SSBP4
3476,MAPK8,5883,STAT1
3476,MAPK8,5885,STAT3
3476,MAPK8,5887,STAT5A
3476,MAPK8,5888,STAT5B
3476,MAPK8,5889,STAT6
3476,MAPK8,5911,STK4
3476,MAPK8,5913,STMN1
3476,MAPK8,5914,STMN2
3476,MAPK8,5965,SYMPK
3476,MAPK8,5966,SYN1
3476,MAPK8,5979,SYT4
3476,MAPK8,6003,TAF3
3476,MAPK8,6170,TLK2
3476,MAPK8,6230,TNFRSF1B
3476,MAPK8,6272,TOPORS
3476,MAPK8,6275,TP53
3476,MAPK8,6277,TP53BP1
3476,MAPK8,6288,TPD52L2
3476,MAPK8,6311,TRAF6
3476,MAPK8,6483,TWIST1
3476,MAPK8,6536,UBR1
3476,MAPK8,6683,WDR62
3476,MAPK8,6750,YAP1
3476,MAPK8,6759,YWHAB
3476,MAPK8,6764,YWHAZ
3476,MAPK8,6777,ZC3HAV1
3476,MAPK8,6784,ZEB1
3476,MAPK8,6810,ZMYM2
3476,MAPK8,6828,ZNF516
3477,MAPK8IP1,3478,MAPK8IP2
3477,MAPK8IP1,3480,MAPK9
3477,MAPK8IP1,3972,NOTCH1
3477,MAPK8IP1,5025,RASGRF1
3477,MAPK8IP1,5058,RBPJ
3477,MAPK8IP1,5519,SH3RF1
3477,MAPK8IP1,5758,SOCS3
3477,MAPK8IP1,6143,TIAM1
3478,MAPK8IP2,3480,MAPK9
3479,MAPK8IP3,3480,MAPK9
3479,MAPK8IP3,5245,ROCK1
3479,MAPK8IP3,5827,SRC
3480,MAPK9,3481,MAPKAPK2
3480,MAPK9,3483,MAPKAPK5
3480,MAPK9,3487,MAPT
3480,MAPK9,3491,MARK1
3480,MAPK9,3492,MARK2
3480,MAPK9,3532,MCM2
3480,MAPK9,3594,MFN2
3480,MAPK9,3745,MYC
3480,MAPK9,3843,NDEL1
3480,MAPK9,3874,NES
3480,MAPK9,3878,NEUROD1
3480,MAPK9,3885,NFATC2
3480,MAPK9,3886,NFATC3
3480,MAPK9,3887,NFATC4
3480,MAPK9,3893,NFIC
3480,MAPK9,4030,NR3C1
3480,MAPK9,4180,PAK1IP1
3480,MAPK9,4293,PCYT1B
3480,MAPK9,4347,PDX1
3480,MAPK9,4478,PIN1
3480,MAPK9,4541,PLEC
3480,MAPK9,4655,PPM1J
3480,MAPK9,4676,PPP1R1B
3480,MAPK9,4738,PRKCA
3480,MAPK9,4739,PRKCB
3480,MAPK9,4795,PSEN1
3480,MAPK9,4805,PSMA5
3480,MAPK9,4878,PTPN7
3480,MAPK9,4906,PURB
3480,MAPK9,4910,PWP1
3480,MAPK9,4960,RAC1
3480,MAPK9,5011,RAPGEF6
3480,MAPK9,5012,RAPH1
3480,MAPK9,5044,RBM14
3480,MAPK9,5085,RET
3480,MAPK9,5099,RFX1
3480,MAPK9,5278,RPS3
3480,MAPK9,5287,RPS6KB1
3480,MAPK9,5301,RRN3
3480,MAPK9,5326,RXRA
3480,MAPK9,5421,SEC24B
3480,MAPK9,5488,SFN
3480,MAPK9,5511,SH3BP5
3480,MAPK9,5528,SHC1
3480,MAPK9,5597,SLBP
3480,MAPK9,5664,SLC9A1
3480,MAPK9,5822,SPTBN1
3480,MAPK9,5847,SRRM2
3480,MAPK9,5883,STAT1
3480,MAPK9,5885,STAT3
3480,MAPK9,5913,STMN1
3480,MAPK9,5966,SYN1
3480,MAPK9,5968,SYN3
3480,MAPK9,5974,SYNPO
3480,MAPK9,6052,TCF20
3480,MAPK9,6096,TFAP4
3480,MAPK9,6206,TMPO
3480,MAPK9,6253,TNKS1BP1
3480,MAPK9,6264,TOB1
3480,MAPK9,6275,TP53
3480,MAPK9,6595,USP24
3480,MAPK9,6605,USP6NL
3480,MAPK9,6749,XRN2
3480,MAPK9,6750,YAP1
3480,MAPK9,6764,YWHAZ
3480,MAPK9,6815,ZNF217
3480,MAPK9,6850,ZYX
3481,MAPKAPK2,3552,MDM2
3481,MAPKAPK2,3765,MYLK
3481,MAPKAPK2,3766,MYLK2
3481,MAPKAPK2,3829,NCOA1
3481,MAPKAPK2,4201,PARN
3481,MAPKAPK2,4312,PDE4A
3481,MAPKAPK2,4315,PDE4D
3481,MAPKAPK2,4445,PIAS1
3481,MAPKAPK2,4556,PLK1
3481,MAPKAPK2,4632,POU5F1
3481,MAPKAPK2,4684,PPP2CA
3481,MAPKAPK2,4685,PPP2CB
3481,MAPKAPK2,5067,RCSD1
3481,MAPKAPK2,5281,RPS6KA1
3481,MAPKAPK2,5283,RPS6KA3
3481,MAPKAPK2,5313,RTN4
3481,MAPKAPK2,5832,SRF
3481,MAPKAPK2,5885,STAT3
3481,MAPKAPK2,5986,TAB3
3481,MAPKAPK2,6053,TCF3
3481,MAPKAPK2,6122,TH
3481,MAPKAPK2,6275,TP53
3481,MAPKAPK2,6345,TRIM28
3481,MAPKAPK2,6346,TRIM29
3481,MAPKAPK2,6423,TSC1
3481,MAPKAPK2,6424,TSC2
3481,MAPKAPK2,6514,UBE2J1
3481,MAPKAPK2,6644,VIM
3481,MAPKAPK2,6764,YWHAZ
3481,MAPKAPK2,6787,ZFP36
3481,MAPKAPK2,6788,ZFP36L1
3482,MAPKAPK3,5067,RCSD1
3482,MAPKAPK3,5986,TAB3
3483,MAPKAPK5,4519,PLA2G4A
3483,MAPKAPK5,4729,PRKACA
3483,MAPKAPK5,5117,RHEB
3483,MAPKAPK5,6122,TH
3483,MAPKAPK5,6275,TP53
3484,MAPRE1,5827,SRC
3487,MAPT,3491,MARK1
3487,MAPT,3492,MARK2
3487,MAPT,4078,NUAK1
3487,MAPT,4344,PDPK1
3487,MAPT,4427,PHKG1
3487,MAPT,4428,PHKG2
3487,MAPT,4478,PIN1
3487,MAPT,4508,PKN1
3487,MAPT,4660,PPP1CA
3487,MAPT,4661,PPP1CB
3487,MAPT,4662,PPP1CC
3487,MAPT,4684,PPP2CA
3487,MAPT,4685,PPP2CB
3487,MAPT,4686,PPP2R1A
3487,MAPT,4694,PPP2R5A
3487,MAPT,4698,PPP3CA
3487,MAPT,4699,PPP3CB
3487,MAPT,4700,PPP3CC
3487,MAPT,4701,PPP3R1
3487,MAPT,4704,PPP5C
3487,MAPT,4726,PRKAA1
3487,MAPT,4729,PRKACA
3487,MAPT,4730,PRKACB
3487,MAPT,4738,PRKCA
3487,MAPT,4740,PRKCD
3487,MAPT,4742,PRKCG
3487,MAPT,4751,PRKDC
3487,MAPT,4752,PRKG1
3487,MAPT,5283,RPS6KA3
3487,MAPT,5285,RPS6KA5
3487,MAPT,5287,RPS6KB1
3487,MAPT,5498,SGK1
3487,MAPT,5557,SIK1
3487,MAPT,5844,SRPK2
3487,MAPT,5964,SYK
3487,MAPT,6450,TTBK1
3488,MARCKS,4508,PKN1
3488,MARCKS,4729,PRKACA
3488,MARCKS,4738,PRKCA
3488,MARCKS,4739,PRKCB
3488,MARCKS,5245,ROCK1
3488,MARCKS,6402,TRPC1
3490,MARCO,5378,SCGB3A1
3490,MARCO,5379,SCGB3A2
3491,MARK1,4752,PRKG1
3491,MARK1,5283,RPS6KA3
3491,MARK1,5498,SGK1
3491,MARK1,5899,STK11
3491,MARK1,6015,TAOK1
3492,MARK2,4196,PARD3
3492,MARK2,4480,PINK1
3492,MARK2,4685,PPP2CB
3492,MARK2,4738,PRKCA
3492,MARK2,4740,PRKCD
3492,MARK2,4744,PRKCI
3492,MARK2,4747,PRKCZ
3492,MARK2,4748,PRKD1
3492,MARK2,4928,RAB11FIP1
3492,MARK2,4929,RAB11FIP2
3492,MARK2,5230,RNF41
3492,MARK2,5899,STK11
3492,MARK2,6015,TAOK1
3492,MARK2,6610,UTRN
3493,MARK3,3566,MEF2C
3493,MARK3,4475,PIM1
3493,MARK3,4677,PPP1R2
3493,MARK3,4747,PRKCZ
3493,MARK3,5898,STK10
3493,MARK3,5899,STK11
3494,MARK4,5899,STK11
3496,MASP1,3514,MBL2
3497,MASP2,3514,MBL2
3498,MAST1,4837,PTEN
3499,MAST2,4837,PTEN
3500,MAST3,4837,PTEN
3504,MATK,4072,NTRK1
3504,MATK,5568,SIRPA
3504,MATK,5827,SRC
3505,MATN1,5785,SOX9
3506,MATR3,4751,PRKDC
3506,MATR3,5283,RPS6KA3
3506,MATR3,5498,SGK1
3507,MAVS,3898,NFKBIA
3507,MAVS,3946,NLRX1
3507,MAVS,4224,PCBP2
3507,MAVS,5172,RNF125
3507,MAVS,5233,RNF5
3507,MAVS,6035,TBK1
3507,MAVS,6307,TRAF3
3507,MAVS,6342,TRIM25
3508,MAX,3597,MGA
3508,MAX,3658,MNT
3508,MAX,3735,MXD3
3508,MAX,3736,MXD4
3508,MAX,3737,MXI1
3508,MAX,3745,MYC
3508,MAX,5687,SMAD3
3508,MAX,5794,SPAG9
3509,MAZ,4729,PRKACA
3509,MAZ,4751,PRKDC
3510,MBD1,3668,MPG
3510,MBD1,5483,SETDB1
3511,MBD3,4730,PRKACB
3512,MBD4,4738,PRKCA
3515,MBP,4660,PPP1CA
3515,MBP,4661,PPP1CB
3515,MBP,4662,PPP1CC
3515,MBP,4684,PPP2CA
3515,MBP,4685,PPP2CB
3515,MBP,4705,PPP6C
3515,MBP,4729,PRKACA
3515,MBP,4738,PRKCA
3515,MBP,4748,PRKD1
3515,MBP,4829,PTAFR
3515,MBP,4867,PTPN13
3515,MBP,5777,SOX10
3515,MBP,6555,UHMK1
3516,MBTPS1,5830,SREBF1
3516,MBTPS1,5831,SREBF2
3517,MBTPS2,5830,SREBF1
3517,MBTPS2,5831,SREBF2
3518,MC1R,3679,MRAP
3518,MC1R,3680,MRAP2
3518,MC1R,4615,POMC
3519,MC2R,3679,MRAP
3519,MC2R,3680,MRAP2
3519,MC2R,4615,POMC
3520,MC3R,3679,MRAP
3520,MC3R,3680,MRAP2
3520,MC3R,4615,POMC
3521,MC4R,3679,MRAP
3521,MC4R,3680,MRAP2
3521,MC4R,4010,NPY
3521,MC4R,4615,POMC
3521,MC4R,4729,PRKACA
3521,MC4R,4738,PRKCA
3522,MC5R,3679,MRAP
3522,MC5R,3680,MRAP2
3522,MC5R,4615,POMC
3523,MCAM,4067,NTN1
3523,MCAM,6193,TMEM132A
3523,MCAM,6709,WNT5A
3525,MCF2,4960,RAC1
3525,MCF2,5120,RHOA
3525,MCF2,6251,TNK2
3526,MCF2L,5120,RHOA
3528,MCHR1,4580,PMCH
3529,MCHR2,4580,PMCH
3530,MCL1,4579,PMAIP1
3530,MCL1,4811,PSMB8
3530,MCL1,6275,TP53
3530,MCL1,6336,TRIM17
3531,MCM10,4596,POLA1
3531,MCM10,5071,RECQL4
3532,MCM2,3748,MYCN
3533,MCM3,3748,MYCN
3535,MCM4,3748,MYCN
3535,MCM4,6155,TIPIN
3536,MCM5,3748,MYCN
3537,MCM6,3748,MYCN
3538,MCM7,3748,MYCN
3539,MCM8,3748,MYCN
3540,MCOLN1,3541,MCOLN2
3540,MCOLN1,3542,MCOLN3
3540,MCOLN1,4729,PRKACA
3541,MCOLN2,3542,MCOLN3
3542,MCOLN3,6420,TRPV5
3543,MCPH1,5702,SMARCC2
3546,MDC1,3810,NBN
3546,MDC1,5236,RNF8
3546,MDC1,5786,SP1
3546,MDC1,5883,STAT1
3546,MDC1,6277,TP53BP1
3547,MDFI,3750,MYF5
3547,MDFI,3782,MYOD1
3547,MDFI,3783,MYOG
3547,MDFI,6402,TRPC1
3548,MDGA1,3936,NLGN2
3548,MDGA1,3937,NLGN3
3548,MDGA1,3938,NLGN4X
3551,MDK,3828,NCL
3551,MDK,3973,NOTCH2
3551,MDK,4897,PTPRZ1
3551,MDK,5014,RARA
3551,MDK,5403,SDC1
3551,MDK,5404,SDC2
3551,MDK,5405,SDC3
3551,MDK,5406,SDC4
3551,MDK,5771,SORL1
3551,MDK,6433,TSPAN1
3552,MDM2,3553,MDM4
3552,MDM2,3972,NOTCH1
3552,MDM2,3975,NOTCH4
3552,MDM2,4087,NUMB
3552,MDM2,4184,PAK6
3552,MDM2,4475,PIM1
3552,MDM2,4476,PIM2
3552,MDM2,4556,PLK1
3552,MDM2,4650,PPM1D
3552,MDM2,4660,PPP1CA
3552,MDM2,4661,PPP1CB
3552,MDM2,4662,PPP1CC
3552,MDM2,4684,PPP2CA
3552,MDM2,4685,PPP2CB
3552,MDM2,4690,PPP2R2C
3552,MDM2,4691,PPP2R2D
3552,MDM2,4751,PRKDC
3552,MDM2,4920,PYHIN1
3552,MDM2,5098,RFWD3
3552,MDM2,5263,RPL11
3552,MDM2,5283,RPS6KA3
3552,MDM2,5287,RPS6KB1
3552,MDM2,5300,RRM2B
3552,MDM2,5498,SGK1
3552,MDM2,5827,SRC
3552,MDM2,6275,TP53
3552,MDM2,6277,TP53BP1
3552,MDM2,6284,TP63
3552,MDM2,6285,TP73
3552,MDM2,6334,TRIM13
3552,MDM2,6345,TRIM28
3552,MDM2,6483,TWIST1
3552,MDM2,6513,UBE2I
3552,MDM2,6558,UIMC1
3552,MDM2,6606,USP7
3553,MDM4,4727,PRKAA2
3553,MDM4,6275,TP53
3553,MDM4,6513,UBE2I
3553,MDM4,6606,USP7
3554,MDN1,4364,PELP1
3555,ME1,3865,NEK1
3556,MECOM,5317,RUNX1
3556,MECOM,5687,SMAD3
3556,MECOM,6513,UBE2I
3557,MECP2,3580,MET
3557,MECP2,4121,OPRK1
3557,MECP2,4367,PER1
3557,MECP2,4368,PER2
3557,MECP2,5859,SST
3558,MED1,4751,PRKDC
3562,MED14,5884,STAT2
3564,MEF2A,3782,MYOD1
3564,MEF2A,3885,NFATC2
3564,MEF2A,3940,NLK
3564,MEF2A,4408,PHB2
3564,MEF2A,5634,SLC2A4
3564,MEF2A,5635,SLC2A4RG
3564,MEF2A,5686,SMAD2
3564,MEF2A,5688,SMAD4
3566,MEF2C,3766,MYLK2
3566,MEF2C,3767,MYLK3
3566,MEF2C,3782,MYOD1
3566,MEF2C,3972,NOTCH1
3566,MEF2C,4729,PRKACA
3566,MEF2C,4738,PRKCA
3566,MEF2C,4751,PRKDC
3566,MEF2C,5282,RPS6KA2
3566,MEF2C,5283,RPS6KA3
3566,MEF2C,5687,SMAD3
3567,MEF2D,3885,NFATC2
3567,MEF2D,4729,PRKACA
3567,MEF2D,5283,RPS6KA3
3567,MEF2D,6763,YWHAQ
3568,MEFV,4509,PKN2
3569,MEGF10,5827,SRC
3571,MEIS2,4212,PAX6
3572,MELK,4344,PDPK1
3572,MELK,5686,SMAD2
3572,MELK,5687,SMAD3
3572,MELK,5688,SMAD4
3572,MELK,5691,SMAD7
3572,MELK,5899,STK11
3572,MELK,6275,TP53
3573,MEN1,5076,RELA
3573,MEN1,6083,TERT
3574,MEOX1,4208,PAX1
3574,MEOX1,4210,PAX3
3575,MEOX2,4208,PAX1
3575,MEOX2,4210,PAX3
3575,MEOX2,5160,RNF10
3576,MEP1B,4738,PRKCA
3576,MEP1B,4739,PRKCB
3576,MEP1B,4740,PRKCD
3578,MEPE,4411,PHEX
3579,MERTK,4580,PMCH
3579,MERTK,4773,PROS1
3579,MERTK,5888,STAT5B
3579,MERTK,6626,VAV1
3579,MERTK,6842,ZP3
3580,MET,3702,MST1R
3580,MET,3722,MUC1
3580,MET,3725,MUC20
3580,MET,4049,NRP1
3580,MET,4202,PARP1
3580,MET,4217,PBK
3580,MET,4574,PLXNB1
3580,MET,4576,PLXNB3
3580,MET,4685,PPP2CB
3580,MET,4738,PRKCA
3580,MET,4740,PRKCD
3580,MET,4741,PRKCE
3580,MET,4747,PRKCZ
3580,MET,4854,PTK2
3580,MET,4864,PTPN1
3580,MET,4870,PTPN2
3580,MET,4881,PTPRB
3580,MET,4886,PTPRF
3580,MET,4887,PTPRG
3580,MET,4889,PTPRJ
3580,MET,4998,RANBP9
3580,MET,5085,RET
3580,MET,5120,RHOA
3580,MET,5283,RPS6KA3
3580,MET,5444,SEMA4D
3580,MET,5447,SEMA5A
3580,MET,5528,SHC1
3580,MET,5819,SPSB1
3580,MET,5827,SRC
3580,MET,6153,TIMP3
3580,MET,6217,TNFRSF10B
3580,MET,6275,TP53
3580,MET,6607,USP8
3581,METTL1,5281,RPS6KA1
3581,METTL1,5283,RPS6KA3
3583,MEX3A,6513,UBE2I
3584,MEX3B,5747,SNUPN
3584,MEX3B,6513,UBE2I
3585,MEX3C,6513,UBE2I
3586,MEX3D,6513,UBE2I
3588,MFAP2,3972,NOTCH1
3589,MFAP3L,3677,MPZL2
3589,MFAP3L,3738,MXRA5
3589,MFAP3L,4439,PI16
3590,MFAP5,3972,NOTCH1
3591,MFF,4726,PRKAA1
3592,MFGE8,4326,PDGFRB
3595,MFNG,3972,NOTCH1
3595,MFNG,3973,NOTCH2
3595,MFNG,4594,POFUT1
3598,MGLL,5732,SND1
3601,MGRN1,6426,TSG101
3601,MGRN1,6506,UBE2D1
3601,MGRN1,6513,UBE2I
3602,MGST1,5786,SP1
3604,MIB1,5330,RYK
3604,MIB1,6513,UBE2I
3605,MIB2,6513,UBE2I
3606,MICA,4245,PCDHAC1
3606,MICA,4791,PRTG
3608,MID1,4684,PPP2CA
3608,MID1,4685,PPP2CB
3608,MID1,6513,UBE2I
3609,MID1IP1,6138,THRSP
3610,MID2,6513,UBE2I
3611,MIF,5761,SOD1
3612,MIIP,4741,PRKCE
3613,MINK1,4723,PRICKLE1
3613,MINK1,5685,SMAD1
3614,MIP,4729,PRKACA
3614,MIP,4730,PRKACB
3614,MIP,4752,PRKG1
3615,MIPOL1,5121,RHOB
3616,MITF,4447,PIAS3
3616,MITF,4730,PRKACB
3616,MITF,5281,RPS6KA1
3616,MITF,5777,SOX10
3616,MITF,5785,SOX9
3616,MITF,6513,UBE2I
3618,MKKS,5925,STUB1
3619,MKNK1,4181,PAK2
3619,MKNK1,4519,PLA2G4A
3619,MKNK1,4590,PNPLA8
3619,MKNK1,4684,PPP2CA
3619,MKNK1,4730,PRKACB
3619,MKNK1,4738,PRKCA
3619,MKNK1,5489,SFPQ
3619,MKNK1,5498,SGK1
3619,MKNK1,5817,SPRY2
3620,MKNK2,3719,MTOR
3620,MKNK2,5489,SFPQ
3621,MKRN1,6083,TERT
3621,MKRN1,6275,TP53
3621,MKRN1,6513,UBE2I
3622,MKRN2,6513,UBE2I
3623,MKRN3,6513,UBE2I
3624,MKS1,6062,TCTN1
3627,MLH1,4584,PMS2
3627,MLH1,6275,TP53
3628,MLKL,5145,RIPK3
3628,MLKL,6492,TYRO3
3630,MLLT11,6055,TCF7
3631,MLLT3,5498,SGK1
3632,MLN,3633,MLNR
3634,MLST8,3719,MTOR
3634,MLST8,5117,RHEB
3634,MLST8,5291,RPTOR
3635,MLXIPL,4726,PRKAA1
3635,MLXIPL,4729,PRKACA
3637,MMP1,5462,SERPINA3
3639,MMP11,5461,SERPINA1
3640,MMP12,4529,PLAUR
3641,MMP13,3642,MMP14
3642,MMP14,3646,MMP2
3642,MMP14,4742,PRKCG
3642,MMP14,4857,PTK7
3642,MMP14,5827,SRC
3642,MMP14,6153,TIMP3
3646,MMP2,3649,MMP25
3646,MMP2,4359,PECAM1
3646,MMP2,4738,PRKCA
3646,MMP2,4922,PZP
3646,MMP2,5404,SDC2
3646,MMP2,6111,TGFB1
3646,MMP2,6275,TP53
3650,MMP26,3654,MMP9
3651,MMP3,5813,SPP1
3652,MMP7,5403,SDC1
3652,MMP7,5813,SPP1
3654,MMP9,4922,PZP
3654,MMP9,5070,RECK
3654,MMP9,6111,TGFB1
3654,MMP9,6182,TLR9
3656,MN1,3741,MYBBP1A
3657,MNAT1,6513,UBE2I
3661,MOCOS,5283,RPS6KA3
3662,MOG,4042,NRG2
3662,MOG,5553,SIGLEC6
3662,MOG,6146,TIE1
3664,MORC2,4179,PAK1
3664,MORC2,4729,PRKACA
3665,MOS,4729,PRKACA
3666,MOV10,6574,UPF1
3668,MPG,4684,PPP2CA
3668,MPG,6506,UBE2D1
3668,MPG,6508,UBE2D3
3668,MPG,6509,UBE2E1
3669,MPHOSPH10,5279,RPS5
3669,MPHOSPH10,6609,UTP3
3671,MPL,6134,THPO
3671,MPL,6295,TPO
3671,MPL,6489,TYK2
3671,MPL,6770,ZBTB16
3672,MPO,5014,RARA
3672,MPO,5317,RUNX1
3674,MPRIP,5245,ROCK1
3675,MPZ,4582,PMP22
3675,MPZ,4739,PRKCB
3675,MPZ,5553,SIGLEC6
3675,MPZ,5777,SOX10
3676,MPZL1,4865,PTPN11
3676,MPZL1,5827,SRC
3677,MPZL2,3678,MPZL3
3679,MRAP,4615,POMC
3681,MRAS,5538,SHOC2
3682,MRC1,4882,PTPRC
3684,MRGPRX1,4365,PENK
3685,MRGPRX2,5859,SST
3685,MRGPRX2,5987,TAC1
3686,MRGPRX4,4365,PENK
3688,MS4A1,4739,PRKCB
3688,MS4A1,5803,SPI1
3689,MS4A4A,4041,NRG1
3690,MSC,6053,TCF3
3691,MSH2,6275,TP53
3694,MSI1,4087,NUMB
3695,MSL2,6275,TP53
3699,MSN,4648,PPM1A
3699,MSN,4649,PPM1B
3699,MSN,4739,PRKCB
3699,MSN,4745,PRKCQ
3699,MSN,5120,RHOA
3699,MSN,5245,ROCK1
3699,MSN,5246,ROCK2
3699,MSN,5664,SLC9A1
3699,MSN,5898,STK10
3699,MSN,6629,VCAM1
3700,MSR1,5803,SPI1
3701,MST1,3702,MST1R
3701,MST1,5030,RASSF1
3701,MST1,5908,STK38
3701,MST1,5911,STK4
3702,MST1R,4660,PPP1CA
3702,MST1R,6759,YWHAB
3702,MST1R,6763,YWHAQ
3704,MSX1,6039,TBP
3705,MSX2,4739,PRKCB
3705,MSX2,5800,SPEN
3707,MT3,3890,NFE2L2
3708,MTA1,4498,PITX3
3708,MTA1,5582,SIX3
3708,MTA1,6699,WNT1
3709,MTA2,6275,TP53
3713,MTHFR,4556,PLK1
3714,MTMR2,5363,SBF1
3715,MTMR3,3719,MTOR
3716,MTMR4,5686,SMAD2
3716,MTMR4,5687,SMAD3
3717,MTNR1A,3953,NMS
3717,MTNR1A,3955,NMU
3717,MTNR1A,3985,NPB
3717,MTNR1A,4009,NPW
3717,MTNR1A,4010,NPY
3717,MTNR1A,4350,PDYN
3717,MTNR1A,4365,PENK
3717,MTNR1A,4383,PF4
3717,MTNR1A,4580,PMCH
3717,MTNR1A,4588,PNOC
3717,MTNR1A,4615,POMC
3717,MTNR1A,4641,PPBP
3717,MTNR1A,4706,PPY
3717,MTNR1A,4921,PYY
3717,MTNR1A,5153,RLN3
3717,MTNR1A,5347,SAA1
3717,MTNR1A,5859,SST
3719,MTOR,3748,MYCN
3719,MTOR,4038,NRBF2
3719,MTOR,4485,PIP4K2C
3719,MTOR,4509,PKN2
3719,MTOR,4726,PRKAA1
3719,MTOR,4729,PRKACA
3719,MTOR,4741,PRKCE
3719,MTOR,4981,RAG1
3719,MTOR,4982,RAG2
3719,MTOR,5117,RHEB
3719,MTOR,5280,RPS6
3719,MTOR,5281,RPS6KA1
3719,MTOR,5282,RPS6KA2
3719,MTOR,5283,RPS6KA3
3719,MTOR,5287,RPS6KB1
3719,MTOR,5288,RPS6KB2
3719,MTOR,5291,RPTOR
3719,MTOR,5293,RRAGC
3719,MTOR,5298,RRM1
3719,MTOR,5457,SENP3
3719,MTOR,5498,SGK1
3719,MTOR,5761,SOD1
3719,MTOR,5885,STAT3
3719,MTOR,5927,STX17
3719,MTOR,6078,TELO2
3719,MTOR,6099,TFEB
3719,MTOR,6186,TM9SF4
3719,MTOR,6341,TRIM24
3719,MTOR,6562,ULK1
3719,MTOR,6563,ULK2
3719,MTOR,6613,UVRAG
3719,MTOR,6839,ZNRF2
3720,MTSS1,4960,RAC1
3720,MTSS1,5942,SUFU
3721,MTTP,4163,P4HB
3722,MUC1,4326,PDGFRB
3722,MUC1,4740,PRKCD
3722,MUC1,5556,SIGLEC9
3722,MUC1,5827,SRC
3722,MUC1,6766,ZAP70
3726,MUC6,6101,TFF2
3727,MUC7,5431,SELL
3728,MUL1,6513,UBE2I
3729,MUS81,4974,RAD54L
3730,MUSK,4354,PDZRN3
3730,MUSK,4892,PTPRO
3730,MUSK,5827,SRC
3730,MUSK,6702,WNT11
3730,MUSK,6716,WNT9A
3731,MUTYH,6271,TOPBP1
3732,MVD,4960,RAC1
3733,MX1,6407,TRPC6
3734,MXD1,5281,RPS6KA1
3734,MXD1,5287,RPS6KB1
3734,MXD1,5288,RPS6KB2
3734,MXD1,5706,SMC3
3735,MXD3,5706,SMC3
3736,MXD4,5706,SMC3
3737,MXI1,5706,SMC3
3738,MXRA5,4473,PILRA
3738,MXRA5,4474,PILRB
3738,MXRA5,5386,SCN2B
3738,MXRA5,5547,SIGLEC1
3738,MXRA5,5554,SIGLEC7
3738,MXRA5,5555,SIGLEC8
3740,MYB,3745,MYC
3740,MYB,3828,NCL
3740,MYB,3940,NLK
3740,MYB,4729,PRKACA
3740,MYB,5803,SPI1
3740,MYB,6311,TRAF6
3741,MYBBP1A,4738,PRKCA
3742,MYBL1,3828,NCL
3743,MYBL2,6810,ZMYM2
3744,MYBPC3,4316,PDE4DIP
3744,MYBPC3,4729,PRKACA
3744,MYBPC3,4730,PRKACB
3744,MYBPC3,4731,PRKACG
3744,MYBPC3,4740,PRKCD
3744,MYBPC3,4741,PRKCE
3744,MYBPC3,4748,PRKD1
3745,MYC,3746,MYCBP
3745,MYC,3747,MYCBP2
3745,MYC,3906,NFYA
3745,MYC,3908,NFYC
3745,MYC,3949,NME1
3745,MYC,4106,ODC1
3745,MYC,4181,PAK2
3745,MYC,4475,PIM1
3745,MYC,4476,PIM2
3745,MYC,4478,PIN1
3745,MYC,4523,PLAC8
3745,MYC,4556,PLK1
3745,MYC,4579,PMAIP1
3745,MYC,4684,PPP2CA
3745,MYC,4685,PPP2CB
3745,MYC,4904,PUF60
3745,MYC,4980,RAF1
3745,MYC,5263,RPL11
3745,MYC,5591,SKP2
3745,MYC,5686,SMAD2
3745,MYC,5687,SMAD3
3745,MYC,5700,SMARCB1
3745,MYC,5883,STAT1
3745,MYC,6083,TERT
3745,MYC,6098,TFDP1
3745,MYC,6108,TFRC
3745,MYC,6405,TRPC4AP
3745,MYC,6422,TRRAP
3745,MYC,6597,USP28
3745,MYC,6765,YY1
3745,MYC,6770,ZBTB16
3745,MYC,6803,ZHX2
3747,MYCBP2,4994,RAN
3747,MYCBP2,4999,RANGAP1
3747,MYCBP2,6513,UBE2I
3748,MYCN,6275,TP53
3749,MYD88,6157,TIRAP
3749,MYD88,6174,TLR10
3749,MYD88,6175,TLR2
3749,MYD88,6177,TLR4
3749,MYD88,6178,TLR5
3749,MYD88,6180,TLR7
3749,MYD88,6181,TLR8
3749,MYD88,6182,TLR9
3749,MYD88,6307,TRAF3
3749,MYD88,6311,TRAF6
3750,MYF5,4751,PRKDC
3751,MYF6,4729,PRKACA
3752,MYH10,4747,PRKCZ
3752,MYH10,5245,ROCK1
3754,MYH9,4738,PRKCA
3754,MYH9,5338,S100A4
3754,MYH9,5827,SRC
3754,MYH9,6414,TRPM7
3756,MYL12A,3765,MYLK
3756,MYL12A,3767,MYLK3
3756,MYL12A,4181,PAK2
3756,MYL12A,5245,ROCK1
3757,MYL12B,3765,MYLK
3757,MYL12B,3767,MYLK3
3757,MYL12B,4738,PRKCA
3757,MYL12B,5245,ROCK1
3758,MYL2,5245,ROCK1
3758,MYL2,5246,ROCK2
3762,MYL6B,3765,MYLK
3763,MYL9,3765,MYLK
3763,MYL9,3767,MYLK3
3763,MYL9,4179,PAK1
3763,MYL9,4181,PAK2
3763,MYL9,4738,PRKCA
3763,MYL9,5245,ROCK1
3763,MYL9,5246,ROCK2
3763,MYL9,5283,RPS6KA3
3764,MYLIP,6513,UBE2I
3764,MYLIP,6648,VLDLR
3765,MYLK,3770,MYO18A
3765,MYLK,4179,PAK1
3765,MYLK,4181,PAK2
3765,MYLK,4504,PKIA
3765,MYLK,4505,PKIB
3765,MYLK,4729,PRKACA
3765,MYLK,4730,PRKACB
3765,MYLK,4731,PRKACG
3765,MYLK,4738,PRKCA
3765,MYLK,5245,ROCK1
3765,MYLK,5283,RPS6KA3
3765,MYLK,5827,SRC
3770,MYO18A,4665,PPP1R12B
3773,MYO1E,4738,PRKCA
3773,MYO1E,4854,PTK2
3773,MYO1E,5971,SYNJ1
3774,MYO3A,4739,PRKCB
3775,MYO5A,6617,VAMP2
3776,MYO6,4182,PAK3
3777,MYO7A,4228,PCDH15
3778,MYO9A,5120,RHOA
3779,MYO9B,4960,RAC1
3779,MYO9B,5120,RHOA
3780,MYOC,5491,SFRP2
3780,MYOC,5492,SFRP5
3781,MYOCD,5832,SRF
3782,MYOD1,4028,NR2F2
3782,MYOD1,4219,PBX1
3782,MYOD1,4408,PHB2
3782,MYOD1,4738,PRKCA
3782,MYOD1,4848,PTGS2
3782,MYOD1,5034,RB1
3782,MYOD1,5572,SIRT1
3782,MYOD1,5573,SIRT2
3782,MYOD1,5687,SMAD3
3782,MYOD1,5696,SMARCA4
3782,MYOD1,5704,SMARCD3
3782,MYOD1,6042,TBX2
3782,MYOD1,6053,TCF3
3782,MYOD1,6728,WWTR1
3782,MYOD1,6787,ZFP36
3783,MYOG,6042,TBX2
3784,MYOM1,4104,OBSCN
3784,MYOM1,4729,PRKACA
3785,MYOM2,4729,PRKACA
3787,MYT1,4556,PLK1
3788,MYT1L,5565,SIN3B
3789,MZF1,4183,PAK4
3789,MZF1,5366,SCAND1
3798,NAE1,6397,TRIP12
3800,NALCN,6570,UNC80
3802,NANOG,4219,PBX1
3802,NANOG,4478,PIN1
3802,NANOG,4632,POU5F1
3802,NANOG,4741,PRKCE
3802,NANOG,4854,PTK2
3802,NANOG,5686,SMAD2
3802,NANOG,5687,SMAD3
3802,NANOG,5780,SOX2
3802,NANOG,6810,ZMYM2
3804,NANOS2,5820,SPSB2
3806,NAPG,5827,SRC
3807,NASP,4751,PRKDC
3808,NBEA,3972,NOTCH1
3810,NBN,4751,PRKDC
3810,NBN,5254,RPA2
3810,NBN,5283,RPS6KA3
3810,NBN,5572,SIRT1
3810,NBN,6061,TCOF1
3810,NBN,6658,VRK1
3811,NBR1,5826,SQSTM1
3812,NCAM1,4004,NPTN
3812,NCAM1,4880,PTPRA
3812,NCAM1,4894,PTPRS
3812,NCAM1,4897,PTPRZ1
3812,NCAM1,5241,ROBO1
3812,NCAM1,5243,ROBO3
3812,NCAM1,5869,ST8SIA4
3814,NCAN,5405,SDC3
3818,NCAPH2,4556,PLK1
3818,NCAPH2,6080,TERF1
3818,NCAPH2,6457,TTK
3819,NCBP1,5287,RPS6KB1
3820,NCF1,3979,NOX4
3820,NCF1,4738,PRKCA
3820,NCF1,4739,PRKCB
3820,NCF1,4740,PRKCD
3820,NCF1,4747,PRKCZ
3820,NCF1,4751,PRKDC
3820,NCF1,4752,PRKG1
3820,NCF1,5283,RPS6KA3
3820,NCF1,5803,SPI1
3822,NCF4,4738,PRKCA
3822,NCF4,4740,PRKCD
3822,NCF4,5803,SPI1
3823,NCK1,4179,PAK1
3823,NCK1,4326,PDGFRB
3823,NCK1,5773,SOS1
3823,NCK1,6672,WASL
3824,NCK2,4073,NTRK2
3824,NCK2,4179,PAK1
3824,NCK2,4326,PDGFRB
3824,NCK2,4854,PTK2
3825,NCKAP1,3917,NHS
3827,NCKIPSD,5827,SRC
3828,NCL,4726,PRKAA1
3828,NCL,4738,PRKCA
3828,NCL,4860,PTN
3828,NCL,4863,PTP4A3
3828,NCL,5253,RPA1
3829,NCOA1,4859,PTMS
3829,NCOA1,5887,STAT5A
3829,NCOA1,5888,STAT5B
3829,NCOA1,5946,SUMO1
3830,NCOA2,4030,NR3C1
3830,NCOA2,4637,PPARG
3830,NCOA2,4751,PRKDC
3830,NCOA2,5014,RARA
3830,NCOA2,5326,RXRA
3831,NCOA3,3940,NLK
3831,NCOA3,4389,PFKFB4
3831,NCOA3,4729,PRKACA
3831,NCOA3,4747,PRKCZ
3831,NCOA3,4825,PSME3
3831,NCOA3,5812,SPOP
3831,NCOA3,6555,UHMK1
3832,NCOA4,4637,PPARG
3833,NCOA6,4739,PRKCB
3834,NCOR1,4637,PPARG
3834,NCOR1,4660,PPP1CA
3834,NCOR1,4661,PPP1CB
3834,NCOR1,4662,PPP1CC
3834,NCOR1,4729,PRKACA
3834,NCOR1,5058,RBPJ
3834,NCOR1,5572,SIRT1
3835,NCOR2,4016,NR0B1
3835,NCOR2,4404,PGR
3835,NCOR2,4637,PPARG
3835,NCOR2,5058,RBPJ
3835,NCOR2,5076,RELA
3835,NCOR2,5557,SIK1
3835,NCOR2,5572,SIRT1
3835,NCOR2,5748,SNW1
3835,NCOR2,5800,SPEN
3836,NCR1,5553,SIGLEC6
3836,NCR1,5554,SIGLEC7
3836,NCR1,5555,SIGLEC8
3837,NCR2,4282,PCNA
3837,NCR2,4759,PRLR
3839,NCS1,6406,TRPC5
3840,NCSTN,4795,PSEN1
3840,NCSTN,4796,PSEN2
3840,NCSTN,5498,SGK1
3841,NDC80,3865,NEK1
3841,NDC80,3867,NEK2
3841,NDC80,4730,PRKACB
3842,NDE1,4729,PRKACA
3842,NDE1,6781,ZDHHC2
3843,NDEL1,4174,PAFAH1B1
3843,NDEL1,4702,PPP4C
3843,NDEL1,6760,YWHAE
3843,NDEL1,6781,ZDHHC2
3844,NDFIP1,3855,NEDD4
3845,NDFIP2,3855,NEDD4
3845,NDFIP2,5827,SRC
3846,NDN,4445,PIAS1
3846,NDN,4638,PPARGC1A
3848,NDRG1,4475,PIM1
3848,NDRG1,4729,PRKACA
3848,NDRG1,4945,RAB4A
3848,NDRG1,5498,SGK1
3848,NDRG1,6275,TP53
3849,NDRG2,5498,SGK1
3849,NDRG2,5499,SGK2
3849,NDRG2,5500,SGK3
3851,NDUFS4,4729,PRKACA
3851,NDUFS4,4738,PRKCA
3852,NDUFV2,5827,SRC
3853,NEB,6672,WASL
3854,NEDD1,3871,NEK9
3854,NEDD1,4556,PLK1
3854,NEDD1,4559,PLK4
3855,NEDD4,4613,POLR2L
3855,NEDD4,4837,PTEN
3855,NEDD4,5283,RPS6KA3
3855,NEDD4,5395,SCNN1G
3855,NEDD4,5817,SPRY2
3855,NEDD4,5827,SRC
3855,NEDD4,6513,UBE2I
3856,NEDD4L,3881,NF2
3856,NEDD4L,4726,PRKAA1
3856,NEDD4L,4729,PRKACA
3856,NEDD4L,5381,SCN10A
3856,NEDD4L,5382,SCN11A
3856,NEDD4L,5383,SCN1A
3856,NEDD4L,5385,SCN2A
3856,NEDD4L,5387,SCN3A
3856,NEDD4L,5389,SCN4A
3856,NEDD4L,5390,SCN5A
3856,NEDD4L,5391,SCN8A
3856,NEDD4L,5392,SCN9A
3856,NEDD4L,5393,SCNN1A
3856,NEDD4L,5498,SGK1
3856,NEDD4L,5499,SGK2
3856,NEDD4L,5500,SGK3
3856,NEDD4L,5686,SMAD2
3856,NEDD4L,5687,SMAD3
3856,NEDD4L,5691,SMAD7
3856,NEDD4L,6513,UBE2I
3856,NEDD4L,6695,WNK1
3856,NEDD4L,6698,WNK4
3857,NEDD8,6593,USP21
3858,NEDD9,4684,PPP2CA
3858,NEDD9,4866,PTPN12
3859,NEFH,4684,PPP2CA
3859,NEFH,4685,PPP2CB
3859,NEFH,4696,PPP2R5C
3859,NEFH,4698,PPP3CA
3859,NEFH,4699,PPP3CB
3859,NEFH,4700,PPP3CC
3860,NEFL,4729,PRKACA
3860,NEFL,4730,PRKACB
3860,NEFL,6337,TRIM2
3860,NEFL,6759,YWHAB
3860,NEFL,6760,YWHAE
3860,NEFL,6761,YWHAG
3860,NEFL,6763,YWHAQ
3860,NEFL,6764,YWHAZ
3862,NEGR1,4066,NTM
3862,NEGR1,4118,OPCML
3862,NEGR1,6226,TNFRSF17
3863,NEIL1,4282,PCNA
3863,NEIL1,6719,WRN
3864,NEIL2,6751,YBX1
3865,NEK1,4974,RAD54L
3865,NEK1,6169,TLK1
3865,NEK1,6634,VDAC1
3865,NEK1,6642,VHL
3866,NEK11,3867,NEK2
3867,NEK2,3994,NPM1
3867,NEK2,4281,PCM1
3867,NEK2,4660,PPP1CA
3867,NEK2,4662,PPP1CC
3867,NEK2,5906,STK3
3867,NEK2,6275,TP53
3868,NEK3,5724,SNAP29
3869,NEK6,3871,NEK9
3869,NEK6,4095,NUP98
3869,NEK6,4623,POU2F1
3869,NEK6,5042,RBL2
3869,NEK6,5287,RPS6KB1
3869,NEK6,5498,SGK1
3869,NEK6,5885,STAT3
3870,NEK7,3871,NEK9
3870,NEK7,4559,PLK4
3870,NEK7,5287,RPS6KB1
3870,NEK7,6080,TERF1
3872,NELL2,5243,ROBO3
3873,NEO1,4067,NTN1
3873,NEO1,4068,NTN3
3873,NEO1,4069,NTN4
3873,NEO1,5102,RGMA
3873,NEO1,5103,RGMB
3874,NES,5014,RARA
3874,NES,5283,RPS6KA3
3875,NET1,4179,PAK1
3875,NET1,4726,PRKAA1
3875,NET1,5120,RHOA
3877,NEU1,4730,PRKACB
3878,NEUROD1,4073,NTRK2
3878,NEUROD1,6786,ZFHX3
3880,NF1,4037,NRAS
3880,NF1,4738,PRKCA
3880,NF1,5235,RNF7
3880,NF1,5803,SPI1
3881,NF2,4179,PAK1
3881,NF2,4181,PAK2
3881,NF2,4661,PPP1CB
3881,NF2,4729,PRKACA
3881,NF2,5906,STK3
3881,NF2,5911,STK4
3882,NFASC,4039,NRCAM
3882,NFASC,4050,NRP2
3882,NFASC,4738,PRKCA
3883,NFAT5,4877,PTPN6
3883,NFAT5,5652,SLC5A3
3883,NFAT5,5655,SLC6A12
3884,NFATC1,4475,PIM1
3884,NFATC1,4698,PPP3CA
3884,NFATC1,4699,PPP3CB
3884,NFATC1,4700,PPP3CC
3884,NFATC1,4701,PPP3R1
3884,NFATC1,4729,PRKACA
3884,NFATC1,4738,PRKCA
3884,NFATC1,4752,PRKG1
3884,NFATC1,5246,ROCK2
3884,NFATC1,6762,YWHAH
3885,NFATC2,4698,PPP3CA
3885,NFATC2,4699,PPP3CB
3885,NFATC2,4700,PPP3CC
3885,NFATC2,4701,PPP3R1
3885,NFATC2,4738,PRKCA
3885,NFATC2,4747,PRKCZ
3885,NFATC2,4912,PXN
3885,NFATC2,5283,RPS6KA3
3885,NFATC2,6659,VRK2
3886,NFATC3,4698,PPP3CA
3886,NFATC3,4699,PPP3CB
3886,NFATC3,4739,PRKCB
3887,NFATC4,4698,PPP3CA
3887,NFATC4,4729,PRKACA
3887,NFATC4,5282,RPS6KA2
3887,NFATC4,5283,RPS6KA3
3890,NFE2L2,3898,NFKBIA
3890,NFE2L2,3900,NFKBIE
3890,NFE2L2,3977,NOX1
3890,NFE2L2,4014,NQO1
3890,NFE2L2,4015,NQO2
3890,NFE2L2,4134,OSGIN1
3890,NFE2L2,4175,PAG1
3890,NFE2L2,4397,PGAM5
3890,NFE2L2,4466,PIK3CG
3890,NFE2L2,4712,PRDX1
3890,NFE2L2,4726,PRKAA1
3890,NFE2L2,4738,PRKCA
3890,NFE2L2,4739,PRKCB
3890,NFE2L2,4740,PRKCD
3890,NFE2L2,4747,PRKCZ
3890,NFE2L2,4751,PRKDC
3890,NFE2L2,4848,PTGS2
3890,NFE2L2,4858,PTMA
3890,NFE2L2,5060,RBX1
3890,NFE2L2,5572,SIRT1
3890,NFE2L2,5696,SMARCA4
3890,NFE2L2,5826,SQSTM1
3890,NFE2L2,5827,SRC
3890,NFE2L2,5983,SYVN1
3890,NFE2L2,6211,TNF
3890,NFE2L2,6345,TRIM28
3890,NFE2L2,6486,TXN
3890,NFE2L2,6488,TXNRD1
3890,NFE2L2,6554,UGT2B7
3890,NFE2L2,6616,VAMP1
3890,NFE2L2,6637,VEGFA
3890,NFE2L2,6765,YY1
3891,NFIA,5341,S100B
3891,NFIA,5377,SCGB2A1
3891,NFIA,5471,SERPINE1
3891,NFIA,5627,SLC25A5
3891,NFIA,6096,TFAP4
3891,NFIA,6275,TP53
3892,NFIB,3893,NFIC
3892,NFIB,3895,NFIX
3893,NFIC,4766,PROC
3893,NFIC,5119,RHO
3893,NFIC,5634,SLC2A4
3893,NFIC,6093,TFAP2A
3894,NFIL3,5889,STAT6
3896,NFKB1,3898,NFKBIA
3896,NFKB1,3899,NFKBIB
3896,NFKB1,3900,NFKBIE
3896,NFKB1,3928,NKRF
3896,NFKB1,4370,PERP
3896,NFKB1,4729,PRKACA
3896,NFKB1,4747,PRKCZ
3896,NFKB1,5060,RBX1
3896,NFKB1,5076,RELA
3896,NFKB1,5285,RPS6KA5
3896,NFKB1,5303,RSF1
3896,NFKB1,6035,TBK1
3896,NFKB1,6486,TXN
3896,NFKB1,6508,UBE2D3
3897,NFKB2,3928,NKRF
3897,NFKB2,4739,PRKCB
3897,NFKB2,4751,PRKDC
3897,NFKB2,5060,RBX1
3897,NFKB2,5077,RELB
3897,NFKB2,6183,TLX1
3897,NFKB2,6275,TP53
3897,NFKB2,6425,TSC22D3
3898,NFKBIA,3926,NKIRAS1
3898,NFKBIA,3959,NOD1
3898,NFKBIA,3960,NOD2
3898,NFKBIA,3968,NOS1
3898,NFKBIA,4217,PBK
3898,NFKBIA,4864,PTPN1
3898,NFKBIA,4867,PTPN13
3898,NFKBIA,5060,RBX1
3898,NFKBIA,5076,RELA
3898,NFKBIA,5144,RIPK2
3898,NFKBIA,5235,RNF7
3898,NFKBIA,5281,RPS6KA1
3898,NFKBIA,5282,RPS6KA2
3898,NFKBIA,5283,RPS6KA3
3898,NFKBIA,5572,SIRT1
3898,NFKBIA,5827,SRC
3898,NFKBIA,5964,SYK
3898,NFKBIA,6035,TBK1
3898,NFKBIA,6311,TRAF6
3898,NFKBIA,6491,TYR
3898,NFKBIA,6507,UBE2D2
3898,NFKBIA,6508,UBE2D3
3898,NFKBIA,6511,UBE2E3
3898,NFKBIA,6518,UBE2N
3899,NFKBIB,3927,NKIRAS2
3899,NFKBIB,5281,RPS6KA1
3900,NFKBIE,4175,PAG1
3900,NFKBIE,4729,PRKACA
3901,NFKBIZ,5885,STAT3
3904,NFX1,4165,PABPC1
3904,NFX1,4166,PABPC4
3904,NFX1,5564,SIN3A
3904,NFX1,6513,UBE2I
3905,NFXL1,6513,UBE2I
3906,NFYA,4171,PADI3
3906,NFYA,5228,RNF4
3906,NFYA,5786,SP1
3906,NFYA,6275,TP53
3907,NFYB,5228,RNF4
3907,NFYB,6275,TP53
3908,NFYC,5228,RNF4
3909,NGEF,5120,RHOA
3910,NGF,3911,NGFR
3910,NGF,4072,NTRK1
3910,NGF,5769,SORCS2
3910,NGF,5770,SORCS3
3910,NGF,5772,SORT1
3910,NGF,6124,THBS1
3910,NGF,6417,TRPV1
3911,NGFR,4064,NTF3
3911,NGFR,4065,NTF4
3911,NGFR,4075,NTS
3911,NGFR,4115,OMG
3911,NGFR,4730,PRKACB
3911,NGFR,4742,PRKCG
3911,NGFR,4867,PTPN13
3911,NGFR,5313,RTN4
3912,NGLY1,4968,RAD23B
3912,NGLY1,6540,UBXN1
3912,NGLY1,6632,VCP
3913,NHEJ1,4751,PRKDC
3914,NHLH2,5572,SIRT1
3915,NHLRC1,4679,PPP1R3B
3915,NHLRC1,4680,PPP1R3C
3915,NHLRC1,6513,UBE2I
3916,NHP2,6083,TERT
3917,NHS,6159,TJP1
3918,NID1,4886,PTPRF
3920,NIN,4281,PCM1
3921,NINL,4556,PLK1
3923,NIPSNAP1,6421,TRPV6
3925,NKD2,4729,PRKACA
3925,NKD2,5221,RNF25
3925,NKD2,6110,TGFA
3928,NKRF,5075,REL
3928,NKRF,5076,RELA
3929,NKX2-1,4730,PRKACB
3929,NKX2-1,5687,SMAD3
3929,NKX2-1,6065,TDG
3929,NKX2-1,6728,WWTR1
3931,NKX2-5,5946,SUMO1
3932,NKX3-1,4475,PIM1
3932,NKX3-1,4738,PRKCA
3932,NKX3-1,6010,TAL1
3933,NKX3-2,5785,SOX9
3935,NLGN1,4053,NRXN1
3935,NLGN1,4054,NRXN2
3935,NLGN1,4055,NRXN3
3936,NLGN2,4053,NRXN1
3936,NLGN2,4054,NRXN2
3936,NLGN2,4055,NRXN3
3937,NLGN3,4053,NRXN1
3937,NLGN3,4054,NRXN2
3937,NLGN3,4055,NRXN3
3938,NLGN4X,4053,NRXN1
3938,NLGN4X,4054,NRXN2
3938,NLGN4X,4055,NRXN3
3938,NLGN4X,4738,PRKCA
3939,NLGN4Y,4053,NRXN1
3939,NLGN4Y,4054,NRXN2
3939,NLGN4Y,4055,NRXN3
3940,NLK,3972,NOTCH1
3940,NLK,4912,PXN
3940,NLK,5483,SETDB1
3940,NLK,5688,SMAD4
3940,NLK,5885,STAT3
3940,NLK,6054,TCF4
3940,NLK,6056,TCF7L2
3940,NLK,6709,WNT5A
3940,NLK,6750,YAP1
3941,NLRC4,3959,NOD1
3941,NLRC4,3960,NOD2
3941,NLRC4,4740,PRKCD
3941,NLRC4,5144,RIPK2
3941,NLRC4,6275,TP53
3944,NLRP3,4179,PAK1
3945,NLRP5,4741,PRKCE
3946,NLRX1,4224,PCBP2
3946,NLRX1,6311,TRAF6
3947,NMB,3948,NMBR
3949,NME1,4726,PRKAA1
3949,NME1,5478,SET
3950,NME2,4730,PRKACB
3951,NMI,5777,SOX10
3951,NMI,5883,STAT1
3952,NMNAT1,4738,PRKCA
3953,NMS,3956,NMUR1
3953,NMS,3957,NMUR2
3954,NMT1,3970,NOS3
3955,NMU,3956,NMUR1
3955,NMU,3957,NMUR2
3959,NOD1,3960,NOD2
3959,NOD1,5144,RIPK2
3960,NOD2,5144,RIPK2
3961,NODAL,5687,SMAD3
3961,NODAL,6066,TDGF1
3964,NOLC1,4729,PRKACA
3964,NOLC1,4739,PRKCB
3964,NOLC1,5283,RPS6KA3
3964,NOLC1,6275,TP53
3965,NONO,5489,SFPQ
3965,NONO,6268,TOP1
3966,NOP10,6083,TERT
3968,NOS1,4701,PPP3R1
3968,NOS1,4729,PRKACA
3968,NOS1,4738,PRKCA
3968,NOS1,4753,PRKG2
3968,NOS1,4877,PTPN6
3968,NOS1,5742,SNTA1
3969,NOS2,4637,PPARG
3969,NOS2,5827,SRC
3969,NOS2,5885,STAT3
3969,NOS2,6111,TGFB1
3970,NOS3,4475,PIM1
3970,NOS3,4660,PPP1CA
3970,NOS3,4661,PPP1CB
3970,NOS3,4662,PPP1CC
3970,NOS3,4694,PPP2R5A
3970,NOS3,4726,PRKAA1
3970,NOS3,4727,PRKAA2
3970,NOS3,4728,PRKAB1
3970,NOS3,4729,PRKACA
3970,NOS3,4731,PRKACG
3970,NOS3,4738,PRKCA
3970,NOS3,4739,PRKCB
3970,NOS3,4740,PRKCD
3970,NOS3,4741,PRKCE
3970,NOS3,4742,PRKCG
3970,NOS3,4743,PRKCH
3970,NOS3,4744,PRKCI
3970,NOS3,4745,PRKCQ
3970,NOS3,4747,PRKCZ
3970,NOS3,4753,PRKG2
3970,NOS3,4855,PTK2B
3970,NOS3,5246,ROCK2
3970,NOS3,5283,RPS6KA3
3970,NOS3,5786,SP1
3970,NOS3,5827,SRC
3970,NOS3,6275,TP53
3971,NOSIP,4684,PPP2CA
3972,NOTCH1,4087,NUMB
3972,NOTCH1,4214,PAX8
3972,NOTCH1,4478,PIN1
3972,NOTCH1,4556,PLK1
3972,NOTCH1,4570,PLXNA1
3972,NOTCH1,4594,POFUT1
3972,NOTCH1,4795,PSEN1
3972,NOTCH1,5056,RBP3
3972,NOTCH1,5058,RBPJ
3972,NOTCH1,5083,RERE
3972,NOTCH1,5093,RFNG
3972,NOTCH1,5295,RRAS
3972,NOTCH1,5318,RUNX2
3972,NOTCH1,5319,RUNX3
3972,NOTCH1,5405,SDC3
3972,NOTCH1,5543,SIAH1
3972,NOTCH1,5572,SIRT1
3972,NOTCH1,5685,SMAD1
3972,NOTCH1,5687,SMAD3
3972,NOTCH1,5748,SNW1
3972,NOTCH1,5780,SOX2
3972,NOTCH1,6053,TCF3
3972,NOTCH1,6211,TNF
3972,NOTCH1,6699,WNT1
3972,NOTCH1,6708,WNT4
3972,NOTCH1,6751,YBX1
3972,NOTCH1,6765,YY1
3972,NOTCH1,6809,ZMIZ1
3973,NOTCH2,4738,PRKCA
3973,NOTCH2,4795,PSEN1
3973,NOTCH2,5058,RBPJ
3973,NOTCH2,6053,TCF3
3973,NOTCH2,6311,TRAF6
3974,NOTCH3,4795,PSEN1
3974,NOTCH3,5058,RBPJ
3974,NOTCH3,5378,SCGB3A1
3974,NOTCH3,6125,THBS2
3975,NOTCH4,4795,PSEN1
3975,NOTCH4,5058,RBPJ
3975,NOTCH4,6125,THBS2
3975,NOTCH4,6567,UNC5B
3977,NOX1,3981,NOXA1
3977,NOX1,4739,PRKCB
3977,NOX1,5827,SRC
3977,NOX1,6486,TXN
3978,NOX3,3981,NOXA1
3980,NOX5,4738,PRKCA
3980,NOX5,4739,PRKCB
3981,NOXA1,3982,NOXO1
3981,NOXA1,4729,PRKACA
3981,NOXA1,4738,PRKCA
3981,NOXA1,5517,SH3PXD2A
3981,NOXA1,5518,SH3PXD2B
3981,NOXA1,5827,SRC
3982,NOXO1,4738,PRKCA
3983,NPAS2,4367,PER1
3983,NPAS2,4368,PER2
3985,NPB,3986,NPBWR1
3985,NPB,3987,NPBWR2
3986,NPBWR1,4009,NPW
3987,NPBWR2,4009,NPW
3988,NPFF,3989,NPFFR1
3988,NPFF,3990,NPFFR2
3989,NPFFR1,4008,NPVF
3990,NPFFR2,4008,NPVF
3990,NPFFR2,4010,NPY
3991,NPHP1,4556,PLK1
3991,NPHP1,4855,PTK2B
3991,NPHP1,5827,SRC
3992,NPHS1,4738,PRKCA
3992,NPHS1,6752,YES1
3993,NPLOC4,6632,VCP
3994,NPM1,4172,PADI4
3994,NPM1,4556,PLK1
3994,NPM1,4557,PLK2
3994,NPM1,4738,PRKCA
3994,NPM1,5184,RNF144B
3996,NPPA,3999,NPR1
3996,NPPA,4000,NPR2
3996,NPPA,4001,NPR3
3997,NPPB,3999,NPR1
3997,NPPB,4000,NPR2
3997,NPPB,4001,NPR3
3998,NPPC,3999,NPR1
3998,NPPC,4000,NPR2
3998,NPPC,4001,NPR3
3999,NPR1,4729,PRKACA
3999,NPR1,4730,PRKACB
3999,NPR1,4739,PRKCB
4000,NPR2,4739,PRKCB
4001,NPR3,4139,OSTN
4001,NPR3,6645,VIP
4002,NPS,4003,NPSR1
4002,NPS,4850,PTH1R
4002,NPS,4992,RAMP2
4002,NPS,4993,RAMP3
4002,NPS,6428,TSHR
4002,NPS,6646,VIPR1
4004,NPTN,4482,PIP
4005,NPTX1,4007,NPTXR
4006,NPTX2,4007,NPTXR
4010,NPY,4011,NPY1R
4010,NPY,4012,NPY2R
4010,NPY,4013,NPY5R
4010,NPY,4758,PRLHR
4011,NPY1R,4706,PPY
4011,NPY1R,4921,PYY
4012,NPY2R,4706,PPY
4012,NPY2R,4921,PYY
4013,NPY5R,4706,PPY
4013,NPY5R,4921,PYY
4016,NR0B1,4032,NR4A1
4016,NR0B1,4035,NR5A1
4016,NR0B1,4036,NR5A2
4016,NR0B1,4404,PGR
4016,NR0B1,5223,RNF31
4017,NR0B2,4019,NR1H2
4017,NR0B2,4020,NR1H3
4017,NR0B2,4022,NR1I2
4017,NR0B2,4023,NR1I3
4017,NR0B2,4036,NR5A2
4017,NR0B2,4116,ONECUT1
4017,NR0B2,4635,PPARA
4017,NR0B2,4747,PRKCZ
4017,NR0B2,5014,RARA
4017,NR0B2,5015,RARB
4017,NR0B2,5326,RXRA
4017,NR0B2,5327,RXRB
4017,NR0B2,5572,SIRT1
4017,NR0B2,6135,THRA
4017,NR0B2,6137,THRB
4018,NR1D1,4026,NR2E3
4018,NR1D1,4119,OPHN1
4018,NR1D1,4368,PER2
4018,NR1D1,5249,RORA
4019,NR1H2,4635,PPARA
4019,NR1H2,4636,PPARD
4019,NR1H2,4637,PPARG
4019,NR1H2,5326,RXRA
4019,NR1H2,5327,RXRB
4020,NR1H3,4635,PPARA
4020,NR1H3,4636,PPARD
4020,NR1H3,4637,PPARG
4020,NR1H3,5326,RXRA
4021,NR1H4,4738,PRKCA
4021,NR1H4,4747,PRKCZ
4021,NR1H4,5326,RXRA
4021,NR1H4,5827,SRC
4022,NR1I2,4738,PRKCA
4022,NR1I2,5326,RXRA
4023,NR1I3,4738,PRKCA
4023,NR1I3,5326,RXRA
4025,NR2C2,4726,PRKAA1
4025,NR2C2,4874,PTPN3
4025,NR2C2,5690,SMAD6
4027,NR2F1,4028,NR2F2
4027,NR2F1,4032,NR4A1
4027,NR2F1,5326,RXRA
4027,NR2F1,5327,RXRB
4028,NR2F2,4029,NR2F6
4028,NR2F2,4030,NR3C1
4028,NR2F2,4032,NR4A1
4028,NR2F2,4637,PPARG
4028,NR2F2,4774,PROX1
4028,NR2F2,5326,RXRA
4028,NR2F2,5327,RXRB
4028,NR2F2,6135,THRA
4029,NR2F6,4740,PRKCD
4029,NR2F6,5326,RXRA
4029,NR2F6,6137,THRB
4030,NR3C1,4031,NR3C2
4030,NR3C1,4032,NR4A1
4030,NR3C1,4033,NR4A2
4030,NR3C1,4034,NR4A3
4030,NR3C1,4637,PPARG
4030,NR3C1,4704,PPP5C
4030,NR3C1,4751,PRKDC
4030,NR3C1,5326,RXRA
4030,NR3C1,5498,SGK1
4030,NR3C1,5687,SMAD3
4030,NR3C1,5803,SPI1
4030,NR3C1,5887,STAT5A
4030,NR3C1,5906,STK3
4030,NR3C1,5946,SUMO1
4030,NR3C1,6065,TDG
4030,NR3C1,6486,TXN
4031,NR3C2,6562,ULK1
4032,NR4A1,4033,NR4A2
4032,NR4A1,4034,NR4A3
4032,NR4A1,4739,PRKCB
4032,NR4A1,5014,RARA
4032,NR4A1,5281,RPS6KA1
4032,NR4A1,5282,RPS6KA2
4032,NR4A1,5283,RPS6KA3
4032,NR4A1,5285,RPS6KA5
4032,NR4A1,5326,RXRA
4033,NR4A2,4034,NR4A3
4033,NR4A2,4448,PIAS4
4033,NR4A2,4751,PRKDC
4033,NR4A2,5281,RPS6KA1
4033,NR4A2,5326,RXRA
4033,NR4A2,5327,RXRB
4033,NR4A2,5328,RXRG
4034,NR4A3,5281,RPS6KA1
4034,NR4A3,6183,TLX1
4035,NR5A1,4445,PIAS1
4036,NR5A2,4729,PRKACA
4036,NR5A2,5572,SIRT1
4037,NRAS,4463,PIK3CA
4037,NRAS,4464,PIK3CB
4037,NRAS,4466,PIK3CG
4037,NRAS,4865,PTPN11
4037,NRAS,4980,RAF1
4037,NRAS,4989,RALGDS
4037,NRAS,5005,RAP2A
4037,NRAS,5006,RAPGEF1
4037,NRAS,5010,RAPGEF5
4037,NRAS,5011,RAPGEF6
4037,NRAS,5022,RASGEF1A
4037,NRAS,5023,RASGEF1B
4037,NRAS,5024,RASGEF1C
4037,NRAS,5025,RASGRF1
4037,NRAS,5029,RASGRP3
4037,NRAS,5137,RIN1
4037,NRAS,5773,SOS1
4037,NRAS,5903,STK19
4037,NRAS,5970,SYNGAP1
4037,NRAS,6783,ZDHHC9
4038,NRBF2,4462,PIK3C3
4038,NRBF2,4470,PIK3R4
4040,NRF1,6092,TFAM
4041,NRG1,4740,PRKCD
4041,NRG1,5554,SIGLEC7
4042,NRG2,4050,NRP2
4045,NRGN,4738,PRKCA
4045,NRGN,4739,PRKCB
4045,NRGN,4742,PRKCG
4046,NRIP1,4635,PPARA
4046,NRIP1,4760,PRMT1
4046,NRIP1,5014,RARA
4046,NRIP1,5327,RXRB
4046,NRIP1,5946,SUMO1
4049,NRP1,4325,PDGFRA
4049,NRP1,4326,PDGFRB
4049,NRP1,4400,PGF
4049,NRP1,5434,SEMA3A
4049,NRP1,5435,SEMA3B
4049,NRP1,5436,SEMA3C
4049,NRP1,5437,SEMA3D
4049,NRP1,5438,SEMA3E
4049,NRP1,5439,SEMA3F
4049,NRP1,5441,SEMA4A
4049,NRP1,6221,TNFRSF11B
4049,NRP1,6637,VEGFA
4049,NRP1,6638,VEGFB
4050,NRP2,4400,PGF
4050,NRP2,5017,RARRES1
4050,NRP2,5434,SEMA3A
4050,NRP2,5435,SEMA3B
4050,NRP2,5436,SEMA3C
4050,NRP2,5438,SEMA3E
4050,NRP2,5439,SEMA3F
4050,NRP2,5440,SEMA3G
4050,NRP2,5445,SEMA4F
4050,NRP2,5554,SIGLEC7
4050,NRP2,6637,VEGFA
4050,NRP2,6639,VEGFC
4051,NRSN1,5806,SPINK1
4052,NRTN,5085,RET
4053,NRXN1,4099,NXPH1
4053,NRXN1,4100,NXPH2
4053,NRXN1,4101,NXPH3
4053,NRXN1,5261,RPH3A
4053,NRXN1,5934,STXBP1
4053,NRXN1,5982,SYTL3
4054,NRXN2,4099,NXPH1
4054,NRXN2,4101,NXPH3
4054,NRXN2,5555,SIGLEC8
4054,NRXN2,6221,TNFRSF11B
4055,NRXN3,4099,NXPH1
4055,NRXN3,4101,NXPH3
4055,NRXN3,6221,TNFRSF11B
4056,NSD1,5076,RELA
4057,NSF,4741,PRKCE
4057,NSF,4864,PTPN1
4057,NSF,4879,PTPN9
4057,NSF,5723,SNAP25
4058,NSFL1C,4729,PRKACA
4059,NSMCE1,6513,UBE2I
4060,NSMCE2,5708,SMC6
4060,NSMCE2,6080,TERF1
4060,NSMCE2,6081,TERF2
4060,NSMCE2,6082,TERF2IP
4060,NSMCE2,6154,TINF2
4060,NSMCE2,6432,TSNAX
4064,NTF3,4072,NTRK1
4064,NTF3,4073,NTRK2
4064,NTF3,4074,NTRK3
4064,NTF3,4631,POU4F3
4065,NTF4,4072,NTRK1
4065,NTF4,4073,NTRK2
4066,NTM,4118,OPCML
4066,NTM,5870,STAB1
4066,NTM,6139,THSD7A
4066,NTM,6226,TNFRSF17
4066,NTM,6663,VSIG8
4067,NTN1,6566,UNC5A
4067,NTN1,6567,UNC5B
4067,NTN1,6568,UNC5C
4067,NTN1,6569,UNC5D
4069,NTN4,6566,UNC5A
4070,NTNG1,5555,SIGLEC8
4072,NTRK1,4463,PIK3CA
4072,NTRK1,4535,PLCG1
4072,NTRK1,4877,PTPN6
4072,NTRK1,4894,PTPRS
4072,NTRK1,4897,PTPRZ1
4072,NTRK1,4952,RAB7A
4072,NTRK1,5502,SH2B1
4072,NTRK1,5503,SH2B2
4072,NTRK1,5528,SHC1
4072,NTRK1,5530,SHC3
4072,NTRK1,5826,SQSTM1
4072,NTRK1,5827,SRC
4072,NTRK1,6146,TIE1
4072,NTRK1,6417,TRPV1
4073,NTRK2,4535,PLCG1
4073,NTRK2,4864,PTPN1
4073,NTRK2,4894,PTPRS
4073,NTRK2,5528,SHC1
4073,NTRK2,5530,SHC3
4073,NTRK2,5826,SQSTM1
4073,NTRK2,6143,TIAM1
4074,NTRK3,4535,PLCG1
4074,NTRK3,4884,PTPRD
4074,NTRK3,4886,PTPRF
4074,NTRK3,4892,PTPRO
4074,NTRK3,4894,PTPRS
4074,NTRK3,5528,SHC1
4074,NTRK3,5554,SIGLEC7
4074,NTRK3,5555,SIGLEC8
4075,NTS,4076,NTSR1
4075,NTS,4077,NTSR2
4075,NTS,5772,SORT1
4078,NUAK1,4556,PLK1
4078,NUAK1,4664,PPP1R12A
4078,NUAK1,5899,STK11
4078,NUAK1,6275,TP53
4079,NUAK2,5899,STK11
4079,NUAK2,6679,WDR45
4082,NUDC,4556,PLK1
4083,NUDCD2,4174,PAFAH1B1
4086,NUMA1,6463,TUBA1A
4086,NUMA1,6464,TUBA1B
4086,NUMA1,6465,TUBA1C
4086,NUMA1,6466,TUBA3C
4086,NUMA1,6467,TUBA3D
4086,NUMA1,6468,TUBA3E
4086,NUMA1,6469,TUBA4A
4086,NUMA1,6470,TUBA8
4086,NUMA1,6471,TUBB
4086,NUMA1,6472,TUBB2A
4086,NUMA1,6473,TUBB3
4086,NUMA1,6474,TUBB6
4086,NUMA1,6475,TUBD1
4086,NUMA1,6477,TUBG1
4087,NUMB,4744,PRKCI
4087,NUMB,4747,PRKCZ
4087,NUMB,5543,SIAH1
4087,NUMB,5636,SLC30A9
4087,NUMB,6275,TP53
4087,NUMB,6421,TRPV6
4090,NUP153,5686,SMAD2
4090,NUP153,5687,SMAD3
4090,NUP153,5688,SMAD4
4090,NUP153,5949,SUN1
4090,NUP153,6259,TNPO1
4092,NUP214,5686,SMAD2
4092,NUP214,5687,SMAD3
4092,NUP214,5688,SMAD4
4094,NUP62,4097,NUTF2
4094,NUP62,5358,SASS6
4094,NUP62,6477,TUBG1
4095,NUP98,4976,RAE1
4098,NXF1,5949,SUN1
4102,NYX,6409,TRPM1
4103,OBP2A,4125,OR1G1
4104,OBSCN,6459,TTN
4105,OCLN,4738,PRKCA
4105,OCLN,4739,PRKCB
4105,OCLN,4741,PRKCE
4105,OCLN,4742,PRKCG
4105,OCLN,4743,PRKCH
4105,OCLN,4889,PTPRJ
4105,OCLN,6115,TGFBR1
4105,OCLN,6116,TGFBR2
4105,OCLN,6159,TJP1
4106,ODC1,6275,TP53
4108,OFD1,4729,PRKACA
4110,OGFR,4365,PENK
4112,OGT,4390,PFKL
4112,OGT,4391,PFKM
4112,OGT,4392,PFKP
4112,OGT,4916,PYGL
4112,OGT,5786,SP1
4112,OGT,6086,TET1
4112,OGT,6087,TET2
4112,OGT,6088,TET3
4113,OLFM2,5242,ROBO2
4115,OMG,5314,RTN4R
4115,OMG,5315,RTN4RL1
4115,OMG,6230,TNFRSF1B
4117,ONECUT2,6043,TBX21
4119,OPHN1,4960,RAC1
4119,OPHN1,5120,RHOA
4120,OPRD1,4350,PDYN
4120,OPRD1,4365,PENK
4120,OPRD1,4615,POMC
4120,OPRD1,4641,PPBP
4120,OPRD1,4738,PRKCA
4120,OPRD1,4740,PRKCD
4120,OPRD1,4741,PRKCE
4121,OPRK1,4350,PDYN
4121,OPRK1,4365,PENK
4121,OPRK1,4615,POMC
4121,OPRK1,5666,SLC9A3R1
4122,OPRL1,4365,PENK
4122,OPRL1,4588,PNOC
4123,OPRM1,4350,PDYN
4123,OPRM1,4365,PENK
4123,OPRM1,4615,POMC
4123,OPRM1,4641,PPBP
4123,OPRM1,4738,PRKCA
4123,OPRM1,5270,RPN1
4123,OPRM1,5283,RPS6KA3
4123,OPRM1,6415,TRPM8
4123,OPRM1,6622,VAPA
4123,OPRM1,6694,WLS
4124,OPTN,4556,PLK1
4124,OPTN,6035,TBK1
4126,ORAI1,4729,PRKACA
4126,ORAI1,4739,PRKCB
4126,ORAI1,6403,TRPC3
4129,OS9,6419,TRPV4
4130,OSBP,4748,PRKD1
4135,OSM,4136,OSMR
4137,OSR1,4179,PAK1
4137,OSR1,4752,PRKG1
4137,OSR1,6695,WNK1
4138,OSTF1,5281,RPS6KA1
4138,OSTF1,5827,SRC
4140,OTUB1,5196,RNF168
4140,OTUB1,6307,TRAF3
4140,OTUB1,6311,TRAF6
4140,OTUB1,6518,UBE2N
4141,OTUB2,6307,TRAF3
4141,OTUB2,6311,TRAF6
4142,OTUD5,6307,TRAF3
4143,OTUD7A,5143,RIPK1
4144,OTUD7B,4739,PRKCB
4144,OTUD7B,5143,RIPK1
4145,OTX1,5581,SIX1
4146,OTX2,5581,SIX1
4146,OTX2,5785,SOX9
4148,OXSR1,4179,PAK1
4148,OXSR1,5601,SLC12A1
4148,OXSR1,5602,SLC12A2
4148,OXSR1,5603,SLC12A3
4148,OXSR1,6695,WNK1
4149,OXT,4150,OXTR
4149,OXT,4286,PCSK2
4149,OXT,4288,PCSK5
4150,OXTR,4344,PDPK1
4151,P2RX6,6275,TP53
4153,P2RY1,5666,SLC9A3R1
4158,P2RY14,4924,QRFP
4160,P2RY4,4739,PRKCB
4162,P4HA2,6275,TP53
4164,PA2G4,4179,PAK1
4164,PA2G4,4738,PRKCA
4164,PA2G4,4739,PRKCB
4164,PA2G4,4740,PRKCD
4164,PA2G4,4742,PRKCG
4167,PACS1,4684,PPP2CA
4167,PACS1,4685,PPP2CB
4168,PACSIN1,4183,PAK4
4168,PACSIN1,4184,PAK6
4169,PACSIN2,4738,PRKCA
4170,PACSIN3,6419,TRPV4
4171,PADI3,5786,SP1
4172,PADI4,6275,TP53
4173,PAF1,5954,SUV39H1
4175,PAG1,4865,PTPN11
4175,PAG1,5666,SLC9A3R1
4175,PAG1,5827,SRC
4177,PAH,4729,PRKACA
4177,PAH,5283,RPS6KA3
4178,PAIP2,4367,PER1
4178,PAIP2,4368,PER2
4179,PAK1,4180,PAK1IP1
4179,PAK1,4223,PCBP1
4179,PAK1,4335,PDK1
4179,PAK1,4344,PDPK1
4179,PAK1,4395,PGAM1
4179,PAK1,4403,PGM1
4179,PAK1,4556,PLK1
4179,PAK1,4648,PPM1A
4179,PAK1,4651,PPM1E
4179,PAK1,4652,PPM1F
4179,PAK1,4658,PPM1M
4179,PAK1,4664,PPP1R12A
4179,PAK1,4669,PPP1R14A
4179,PAK1,4684,PPP2CA
4179,PAK1,4685,PPP2CB
4179,PAK1,4752,PRKG1
4179,PAK1,4912,PXN
4179,PAK1,4960,RAC1
4179,PAK1,4961,RAC2
4179,PAK1,4962,RAC3
4179,PAK1,4980,RAF1
4179,PAK1,5124,RHOQ
4179,PAK1,5126,RHOU
4179,PAK1,5129,RILPL2
4179,PAK1,5319,RUNX3
4179,PAK1,5720,SNAI1
4179,PAK1,5800,SPEN
4179,PAK1,5887,STAT5A
4179,PAK1,5899,STK11
4179,PAK1,5913,STMN1
4179,PAK1,5966,SYN1
4179,PAK1,6034,TBCB
4179,PAK1,6644,VIM
4179,PAK1,6686,WEE1
4181,PAK2,4648,PPM1A
4181,PAK2,4652,PPM1F
4181,PAK2,4719,PREX2
4181,PAK2,4727,PRKAA2
4181,PAK2,4739,PRKCB
4181,PAK2,4752,PRKG1
4181,PAK2,4756,PRL
4181,PAK2,4864,PTPN1
4181,PAK2,4912,PXN
4181,PAK2,4960,RAC1
4181,PAK2,4980,RAF1
4181,PAK2,5280,RPS6
4181,PAK2,5283,RPS6KA3
4181,PAK2,5686,SMAD2
4181,PAK2,5772,SORT1
4181,PAK2,5827,SRC
4181,PAK2,5966,SYN1
4181,PAK2,6644,VIM
4182,PAK3,4961,RAC2
4182,PAK3,4980,RAF1
4182,PAK3,5911,STK4
4182,PAK3,5966,SYN1
4182,PAK3,6256,TNNI3
4183,PAK4,4748,PRKD1
4183,PAK4,4912,PXN
4183,PAK4,4994,RAN
4183,PAK4,5317,RUNX1
4183,PAK4,5686,SMAD2
4183,PAK4,5721,SNAI2
4183,PAK4,5971,SYNJ1
4183,PAK4,6275,TP53
4183,PAK4,6672,WASL
4184,PAK6,5971,SYNJ1
4185,PALB2,4602,POLH
4185,PALB2,4970,RAD51
4187,PALM,4738,PRKCA
4188,PAM,4615,POMC
4188,PAM,4738,PRKCA
4188,PAM,6555,UHMK1
4189,PANX1,5827,SRC
4190,PANX2,5908,STK38
4193,PAPOLB,4739,PRKCB
4193,PAPOLB,4751,PRKDC
4195,PAQR3,4726,PRKAA1
4196,PARD3,4660,PPP1CA
4196,PARD3,4744,PRKCI
4196,PARD3,4747,PRKCZ
4196,PARD3,6143,TIAM1
4196,PARD3,6752,YES1
4197,PARD6A,4738,PRKCA
4197,PARD6A,4747,PRKCZ
4197,PARD6A,5715,SMURF1
4197,PARD6A,6115,TGFBR1
4197,PARD6A,6116,TGFBR2
4198,PARG,4202,PARP1
4199,PARK7,4446,PIAS2
4199,PARK7,4729,PRKACA
4200,PARL,4480,PINK1
4201,PARN,6777,ZC3HAV1
4202,PARP1,4448,PIAS4
4202,PARP1,4596,POLA1
4202,PARP1,4726,PRKAA1
4202,PARP1,5946,SUMO1
4202,PARP1,5948,SUMO3
4202,PARP1,5951,SUPT16H
4202,PARP1,6268,TOP1
4202,PARP1,6271,TOPBP1
4202,PARP1,6275,TP53
4202,PARP1,6743,XRCC1
4203,PARP2,6268,TOP1
4204,PARVA,6084,TESK1
4205,PASK,4347,PDX1
4205,PASK,4738,PRKCA
4205,PASK,5280,RPS6
4205,PASK,6681,WDR5
4206,PATZ1,5228,RNF4
4207,PAWR,6722,WT1
4209,PAX2,4216,PAXIP1
4209,PAX2,4649,PPM1B
4209,PAX2,5581,SIX1
4209,PAX2,6167,TLE4
4209,PAX2,6699,WNT1
4210,PAX3,4968,RAD23B
4210,PAX3,6728,WWTR1
4211,PAX5,4296,PDCD1
4211,PAX5,5964,SYK
4211,PAX5,6167,TLE4
4212,PAX6,4329,PDHX
4212,PAX6,4511,PKNOX1
4212,PAX6,5490,SFRP1
4212,PAX6,5491,SFRP2
4212,PAX6,5541,SHROOM3
4212,PAX6,5582,SIX3
4212,PAX6,5687,SMAD3
4213,PAX7,5058,RBPJ
4214,PAX8,5653,SLC5A5
4214,PAX8,5687,SMAD3
4214,PAX8,6083,TERT
4214,PAX8,6109,TG
4214,PAX8,6111,TGFB1
4214,PAX8,6295,TPO
4214,PAX8,6699,WNT1
4214,PAX8,6722,WT1
4214,PAX8,6728,WWTR1
4216,PAXIP1,6277,TP53BP1
4217,PBK,4712,PRDX1
4217,PBK,4837,PTEN
4217,PBK,5827,SRC
4217,PBK,6282,TP53RK
4217,PBK,6562,ULK1
4219,PBX1,4511,PKNOX1
4219,PBX1,5476,SESN1
4219,PBX1,6632,VCP
4219,PBX1,6770,ZBTB16
4219,PBX1,6826,ZNF462
4225,PCBP4,6275,TP53
4228,PCDH15,6187,TMC1
4228,PCDH15,6188,TMC2
4233,PCDHA10,4249,PCDHGA1
4233,PCDHA10,4250,PCDHGA10
4233,PCDHA10,4251,PCDHGA11
4233,PCDHA10,4252,PCDHGA12
4233,PCDHA10,4253,PCDHGA2
4233,PCDHA10,4254,PCDHGA3
4233,PCDHA10,4255,PCDHGA4
4233,PCDHA10,4256,PCDHGA5
4233,PCDHA10,4257,PCDHGA6
4233,PCDHA10,4258,PCDHGA7
4233,PCDHA10,4259,PCDHGA8
4233,PCDHA10,4260,PCDHGA9
4233,PCDHA10,4261,PCDHGB1
4233,PCDHA10,4262,PCDHGB2
4233,PCDHA10,4263,PCDHGB3
4233,PCDHA10,4264,PCDHGB4
4233,PCDHA10,4265,PCDHGB5
4233,PCDHA10,4266,PCDHGB6
4233,PCDHA10,4267,PCDHGB7
4233,PCDHA10,4268,PCDHGC3
4233,PCDHA10,4269,PCDHGC4
4233,PCDHA10,4270,PCDHGC5
4237,PCDHA2,4249,PCDHGA1
4237,PCDHA2,4250,PCDHGA10
4237,PCDHA2,4251,PCDHGA11
4237,PCDHA2,4252,PCDHGA12
4237,PCDHA2,4253,PCDHGA2
4237,PCDHA2,4254,PCDHGA3
4237,PCDHA2,4255,PCDHGA4
4237,PCDHA2,4256,PCDHGA5
4237,PCDHA2,4257,PCDHGA6
4237,PCDHA2,4258,PCDHGA7
4237,PCDHA2,4259,PCDHGA8
4237,PCDHA2,4260,PCDHGA9
4237,PCDHA2,4261,PCDHGB1
4237,PCDHA2,4262,PCDHGB2
4237,PCDHA2,4263,PCDHGB3
4237,PCDHA2,4264,PCDHGB4
4237,PCDHA2,4265,PCDHGB5
4237,PCDHA2,4266,PCDHGB6
4237,PCDHA2,4267,PCDHGB7
4237,PCDHA2,4268,PCDHGC3
4237,PCDHA2,4269,PCDHGC4
4237,PCDHA2,4270,PCDHGC5
4245,PCDHAC1,5554,SIGLEC7
4245,PCDHAC1,6221,TNFRSF11B
4258,PCDHGA7,5555,SIGLEC8
4266,PCDHGB6,4568,PLXDC1
4271,PCF11,6695,WNK1
4272,PCGF1,6513,UBE2I
4273,PCGF2,6513,UBE2I
4274,PCGF3,6513,UBE2I
4275,PCGF5,6513,UBE2I
4276,PCGF6,6513,UBE2I
4278,PCK1,5014,RARA
4278,PCK1,5573,SIRT2
4278,PCK1,6538,UBR5
4280,PCLO,4730,PRKACB
4280,PCLO,5283,RPS6KA3
4280,PCLO,5498,SGK1
4281,PCM1,4284,PCNT
4281,PCM1,4559,PLK4
4282,PCNA,4600,POLD4
4282,PCNA,4602,POLH
4282,PCNA,4603,POLI
4282,PCNA,4966,RAD18
4282,PCNA,5089,REV3L
4282,PCNA,5091,RFC1
4282,PCNA,5540,SHPRH
4282,PCNA,6275,TP53
4282,PCNA,6504,UBE2A
4282,PCNA,6518,UBE2N
4282,PCNA,6583,USP1
4283,PCNP,6557,UHRF2
4284,PCNT,4556,PLK1
4285,PCSK1,4580,PMCH
4285,PCSK1,5081,REN
4286,PCSK2,4580,PMCH
4288,PCSK5,4580,PMCH
4289,PCSK6,6666,VWF
4290,PCSK7,4580,PMCH
4290,PCSK7,4684,PPP2CA
4291,PCSK9,5772,SORT1
4291,PCSK9,6648,VLDLR
4292,PCYT1A,4739,PRKCB
4293,PCYT1B,4739,PRKCB
4294,PDAP1,4326,PDGFRB
4295,PDC,4729,PRKACA
4295,PDC,5283,RPS6KA3
4296,PDCD1,4298,PDCD1LG2
4296,PDCD1,4865,PTPN11
4296,PDCD1,4877,PTPN6
4297,PDCD10,4867,PTPN13
4297,PDCD10,5905,STK25
4298,PDCD1LG2,4299,PDCD2
4298,PDCD1LG2,5103,RGMB
4298,PDCD1LG2,6220,TNFRSF11A
4300,PDCD4,5282,RPS6KA2
4300,PDCD4,5287,RPS6KB1
4300,PDCD4,5288,RPS6KB2
4302,PDCD6IP,5827,SRC
4305,PDE10A,4729,PRKACA
4306,PDE11A,4729,PRKACA
4308,PDE1B,5283,RPS6KA3
4310,PDE3A,4729,PRKACA
4310,PDE3A,4738,PRKCA
4311,PDE3B,4729,PRKACA
4311,PDE3B,4739,PRKCB
4311,PDE3B,5283,RPS6KA3
4313,PDE4B,4729,PRKACA
4313,PDE4B,4739,PRKCB
4313,PDE4B,5283,RPS6KA3
4315,PDE4D,4729,PRKACA
4316,PDE4DIP,4734,PRKAR1A
4316,PDE4DIP,4736,PRKAR2A
4317,PDE5A,4729,PRKACA
4317,PDE5A,4752,PRKG1
4317,PDE5A,4753,PRKG2
4318,PDE6A,4319,PDE6G
4320,PDE8A,4729,PRKACA
4321,PDGFA,4325,PDGFRA
4321,PDGFA,4326,PDGFRB
4322,PDGFB,4325,PDGFRA
4322,PDGFB,4326,PDGFRB
4322,PDGFB,5342,S1PR1
4323,PDGFC,4325,PDGFRA
4323,PDGFC,4326,PDGFRB
4324,PDGFD,4325,PDGFRA
4324,PDGFD,4326,PDGFRB
4325,PDGFRA,4326,PDGFRB
4325,PDGFRA,4535,PLCG1
4325,PDGFRA,4799,PSG5
4325,PDGFRA,4854,PTK2
4325,PDGFRA,4865,PTPN11
4325,PDGFRA,4887,PTPRG
4325,PDGFRA,5019,RASA1
4325,PDGFRA,5528,SHC1
4325,PDGFRA,5542,SI
4325,PDGFRA,5777,SOX10
4325,PDGFRA,5827,SRC
4326,PDGFRB,4467,PIK3R1
4326,PDGFRB,4535,PLCG1
4326,PDGFRB,4740,PRKCD
4326,PDGFRB,4753,PRKG2
4326,PDGFRB,4837,PTEN
4326,PDGFRB,4854,PTK2
4326,PDGFRB,4864,PTPN1
4326,PDGFRB,4865,PTPN11
4326,PDGFRB,4870,PTPN2
4326,PDGFRB,4887,PTPRG
4326,PDGFRB,4889,PTPRJ
4326,PDGFRB,5019,RASA1
4326,PDGFRB,5503,SH2B2
4326,PDGFRB,5504,SH2B3
4326,PDGFRB,5528,SHC1
4326,PDGFRB,5542,SI
4326,PDGFRB,5548,SIGLEC10
4326,PDGFRB,5556,SIGLEC9
4326,PDGFRB,5679,SLK
4326,PDGFRB,5827,SRC
4326,PDGFRB,6132,THOC5
4327,PDHA1,4335,PDK1
4327,PDHA1,4336,PDK2
4327,PDHA1,4337,PDK3
4327,PDHA1,4338,PDK4
4327,PDHA1,4342,PDP1
4327,PDHA1,4343,PDP2
4327,PDHA1,4344,PDPK1
4327,PDHA1,4726,PRKAA1
4327,PDHA1,4738,PRKCA
4327,PDHA1,5574,SIRT3
4327,PDHA1,5827,SRC
4328,PDHA2,4335,PDK1
4328,PDHA2,4336,PDK2
4328,PDHA2,4337,PDK3
4328,PDHA2,4338,PDK4
4328,PDHA2,4342,PDP1
4328,PDHA2,4343,PDP2
4330,PDIA3,4331,PDIA4
4330,PDIA3,6018,TAP1
4330,PDIA3,6019,TAP2
4330,PDIA3,6020,TAPBP
4332,PDIA5,6018,TAP1
4332,PDIA5,6019,TAP2
4334,PDIK1L,6211,TNF
4335,PDK1,4344,PDPK1
4335,PDK1,4401,PGK1
4335,PDK1,4508,PKN1
4335,PDK1,4509,PKN2
4335,PDK1,4684,PPP2CA
4335,PDK1,4729,PRKACA
4335,PDK1,4738,PRKCA
4335,PDK1,4740,PRKCD
4335,PDK1,4741,PRKCE
4335,PDK1,4742,PRKCG
4335,PDK1,4743,PRKCH
4335,PDK1,4747,PRKCZ
4335,PDK1,5085,RET
4335,PDK1,5281,RPS6KA1
4335,PDK1,5283,RPS6KA3
4335,PDK1,5287,RPS6KB1
4335,PDK1,5498,SGK1
4335,PDK1,5499,SGK2
4335,PDK1,5500,SGK3
4335,PDK1,5827,SRC
4335,PDK1,6448,TSSK3
4336,PDK2,5498,SGK1
4340,PDLIM2,5076,RELA
4342,PDP1,5685,SMAD1
4343,PDP2,5685,SMAD1
4344,PDPK1,4401,PGK1
4344,PDPK1,4463,PIK3CA
4344,PDPK1,4466,PIK3CG
4344,PDPK1,4488,PIP5K1C
4344,PDPK1,4508,PKN1
4344,PDPK1,4509,PKN2
4344,PDPK1,4556,PLK1
4344,PDPK1,4684,PPP2CA
4344,PDPK1,4689,PPP2R2B
4344,PDPK1,4729,PRKACA
4344,PDPK1,4738,PRKCA
4344,PDPK1,4739,PRKCB
4344,PDPK1,4740,PRKCD
4344,PDPK1,4741,PRKCE
4344,PDPK1,4742,PRKCG
4344,PDPK1,4745,PRKCQ
4344,PDPK1,4747,PRKCZ
4344,PDPK1,4752,PRKG1
4344,PDPK1,4837,PTEN
4344,PDPK1,5085,RET
4344,PDPK1,5137,RIN1
4344,PDPK1,5281,RPS6KA1
4344,PDPK1,5282,RPS6KA2
4344,PDPK1,5283,RPS6KA3
4344,PDPK1,5287,RPS6KB1
4344,PDPK1,5288,RPS6KB2
4344,PDPK1,5498,SGK1
4344,PDPK1,5499,SGK2
4344,PDPK1,5500,SGK3
4344,PDPK1,5827,SRC
4344,PDPK1,5966,SYN1
4344,PDPK1,6448,TSSK3
4346,PDS5B,5283,RPS6KA3
4347,PDX1,4751,PRKDC
4347,PDX1,5633,SLC2A2
4347,PDX1,5812,SPOP
4347,PDX1,6747,XRCC5
4351,PDZD11,4543,PLEKHA7
4351,PDZD11,6441,TSPAN33
4352,PDZD3,6421,TRPV6
4353,PDZK1,4729,PRKACA
4354,PDZRN3,6507,UBE2D2
4354,PDZRN3,6513,UBE2I
4355,PDZRN4,6513,UBE2I
4356,PEA15,4727,PRKAA2
4356,PEA15,4738,PRKCA
4356,PEA15,4739,PRKCB
4356,PEA15,5283,RPS6KA3
4358,PEBP1,4738,PRKCA
4358,PEBP1,4739,PRKCB
4358,PEBP1,4740,PRKCD
4358,PEBP1,4742,PRKCG
4358,PEBP1,4747,PRKCZ
4358,PEBP1,4980,RAF1
4359,PECAM1,4877,PTPN6
4361,PELI1,5690,SMAD6
4361,PELI1,6035,TBK1
4364,PELP1,5827,SRC
4367,PER1,6259,TNPO1
4368,PER2,4623,POU2F1
4368,PER2,4730,PRKACB
4368,PER2,5572,SIRT1
4370,PERP,6275,TP53
4371,PEX1,4380,PEX5
4371,PEX1,4381,PEX6
4372,PEX10,6513,UBE2I
4373,PEX12,4380,PEX5
4373,PEX12,6506,UBE2D1
4373,PEX12,6513,UBE2I
4374,PEX13,4375,PEX14
4375,PEX14,4380,PEX5
4375,PEX14,4382,PEX7
4376,PEX19,4379,PEX3
4377,PEX2,4380,PEX5
4377,PEX2,6507,UBE2D2
4377,PEX2,6513,UBE2I
4378,PEX26,4381,PEX6
4380,PEX5,4381,PEX6
4380,PEX5,5826,SQSTM1
4380,PEX5,6506,UBE2D1
4380,PEX5,6507,UBE2D2
4383,PF4,4767,PROCR
4383,PF4,5404,SDC2
4383,PF4,6123,THBD
4386,PFKFB1,4752,PRKG1
4387,PFKFB2,4726,PRKAA1
4387,PFKFB2,4727,PRKAA2
4387,PFKFB2,4728,PRKAB1
4387,PFKFB2,4729,PRKACA
4387,PFKFB2,4738,PRKCA
4387,PFKFB2,4739,PRKCB
4387,PFKFB2,5283,RPS6KA3
4387,PFKFB2,5287,RPS6KB1
4388,PFKFB3,4476,PIM2
4388,PFKFB3,4726,PRKAA1
4388,PFKFB3,4727,PRKAA2
4388,PFKFB3,4728,PRKAB1
4388,PFKFB3,5281,RPS6KA1
4390,PFKL,4738,PRKCA
4391,PFKM,5283,RPS6KA3
4393,PFN1,4660,PPP1CA
4393,PFN1,5120,RHOA
4393,PFN1,5245,ROCK1
4394,PFN2,5245,ROCK1
4395,PGAM1,4508,PKN1
4395,PGAM1,5573,SIRT2
4396,PGAM2,5573,SIRT2
4402,PGLYRP1,6319,TREM1
4403,PGM1,4508,PKN1
4404,PGR,4738,PRKCA
4404,PGR,4762,PRMT6
4404,PGR,6065,TDG
4404,PGR,6538,UBR5
4406,PHACTR1,4660,PPP1CA
4408,PHB2,4738,PRKCA
4408,PHB2,6413,TRPM6
4409,PHC2,4751,PRKDC
4412,PHF1,5955,SUZ12
4414,PHF12,5564,SIN3A
4414,PHF12,6164,TLE1
4414,PHF12,6165,TLE2
4414,PHF12,6166,TLE3
4414,PHF12,6167,TLE4
4414,PHF12,6168,TLE6
4418,PHF3,4609,POLR2A
4418,PHF3,4738,PRKCA
4419,PHF6,6539,UBTF
4420,PHF7,6513,UBE2I
4422,PHGDH,4747,PRKCZ
4424,PHKA1,4427,PHKG1
4424,PHKA1,4428,PHKG2
4424,PHKA1,4726,PRKAA1
4424,PHKA1,4727,PRKAA2
4424,PHKA1,4729,PRKACA
4424,PHKA1,4730,PRKACB
4424,PHKA1,4731,PRKACG
4424,PHKA1,4739,PRKCB
4424,PHKA1,4751,PRKDC
4424,PHKA1,4915,PYGB
4424,PHKA1,5283,RPS6KA3
4425,PHKA2,4427,PHKG1
4425,PHKA2,4428,PHKG2
4425,PHKA2,4729,PRKACA
4425,PHKA2,4730,PRKACB
4425,PHKA2,4731,PRKACG
4426,PHKB,5283,RPS6KA3
4427,PHKG1,4428,PHKG2
4427,PHKG1,4729,PRKACA
4427,PHKG1,4730,PRKACB
4427,PHKG1,4752,PRKG1
4427,PHKG1,4915,PYGB
4427,PHKG1,4916,PYGL
4427,PHKG1,4917,PYGM
4428,PHKG2,4915,PYGB
4428,PHKG2,4916,PYGL
4428,PHKG2,4917,PYGM
4432,PHLPP1,4738,PRKCA
4432,PHLPP1,4739,PRKCB
4432,PHLPP1,4980,RAF1
4432,PHLPP1,5287,RPS6KB1
4432,PHLPP1,5911,STK4
4433,PHLPP2,4738,PRKCA
4433,PHLPP2,4739,PRKCB
4433,PHLPP2,5287,RPS6KB1
4433,PHLPP2,5911,STK4
4434,PHOX2A,4729,PRKACA
4435,PHOX2B,6333,TRIM11
4437,PHRF1,6513,UBE2I
4438,PHYHIP,5885,STAT3
4439,PI16,6231,TNFRSF21
4440,PI3,4539,PLD2
4444,PI4KB,4501,PKD1
4444,PI4KB,4502,PKD2
4444,PI4KB,4748,PRKD1
4444,PI4KB,4749,PRKD2
4444,PI4KB,5908,STK38
4445,PIAS1,4709,PRDM1
4445,PIAS1,4726,PRKAA1
4445,PIAS1,4760,PRMT1
4445,PIAS1,5254,RPA2
4445,PIAS1,5361,SATB2
4445,PIAS1,5688,SMAD4
4445,PIAS1,5785,SOX9
4445,PIAS1,5883,STAT1
4445,PIAS1,6277,TP53BP1
4446,PIAS2,5688,SMAD4
4446,PIAS2,5886,STAT4
4447,PIAS3,5687,SMAD3
4447,PIAS3,5885,STAT3
4447,PIAS3,6390,TRIM8
4448,PIAS4,4747,PRKCZ
4448,PIAS4,5254,RPA2
4448,PIAS4,5687,SMAD3
4448,PIAS4,5688,SMAD4
4448,PIAS4,5883,STAT1
4448,PIAS4,6054,TCF4
4448,PIAS4,6056,TCF7L2
4448,PIAS4,6277,TP53BP1
4450,PICK1,4738,PRKCA
4450,PICK1,4940,RAB39B
4450,PICK1,5656,SLC6A2
4450,PICK1,5657,SLC6A3
4450,PICK1,6566,UNC5A
4451,PIGA,4456,PIGR
4452,PIGF,4453,PIGG
4453,PIGG,4455,PIGO
4454,PIGK,4457,PIGS
4456,PIGR,4739,PRKCB
4456,PIGR,5548,SIGLEC10
4456,PIGR,6217,TNFRSF10B
4458,PIK3AP1,4463,PIK3CA
4458,PIK3AP1,4464,PIK3CB
4458,PIK3AP1,4466,PIK3CG
4458,PIK3AP1,4467,PIK3R1
4458,PIK3AP1,5964,SYK
4459,PIK3C2A,4744,PRKCI
4460,PIK3C2B,4464,PIK3CB
4460,PIK3C2B,6344,TRIM27
4461,PIK3C2G,4466,PIK3CG
4462,PIK3C3,4470,PIK3R4
4462,PIK3C3,4837,PTEN
4462,PIK3C3,4952,RAB7A
4462,PIK3C3,5291,RPTOR
4462,PIK3C3,5515,SH3GLB1
4462,PIK3C3,6613,UVRAG
4463,PIK3CA,4467,PIK3R1
4463,PIK3CA,4469,PIK3R3
4463,PIK3CA,4854,PTK2
4463,PIK3CA,4855,PTK2B
4463,PIK3CA,4865,PTPN11
4463,PIK3CA,4960,RAC1
4463,PIK3CA,5287,RPS6KB1
4463,PIK3CA,5528,SHC1
4463,PIK3CA,5827,SRC
4463,PIK3CA,5964,SYK
4463,PIK3CA,6292,TPM1
4463,PIK3CA,6626,VAV1
4464,PIK3CB,4467,PIK3R1
4465,PIK3CD,4467,PIK3R1
4466,PIK3CG,4467,PIK3R1
4466,PIK3CG,4729,PRKACA
4466,PIK3CG,4739,PRKCB
4466,PIK3CG,4752,PRKG1
4466,PIK3CG,4960,RAC1
4466,PIK3CG,5478,SET
4466,PIK3CG,6211,TNF
4466,PIK3CG,6293,TPM2
4467,PIK3R1,4648,PPM1A
4467,PIK3R1,4729,PRKACA
4467,PIK3R1,4748,PRKD1
4467,PIK3R1,4854,PTK2
4467,PIK3R1,4865,PTPN11
4467,PIK3R1,4877,PTPN6
4467,PIK3R1,4889,PTPRJ
4467,PIK3R1,4960,RAC1
4467,PIK3R1,5085,RET
4467,PIK3R1,5558,SIK2
4467,PIK3R1,5827,SRC
4467,PIK3R1,6077,TEK
4467,PIK3R1,6111,TGFB1
4467,PIK3R1,6115,TGFBR1
4467,PIK3R1,6116,TGFBR2
4467,PIK3R1,6492,TYRO3
4468,PIK3R2,4865,PTPN11
4468,PIK3R2,4877,PTPN6
4468,PIK3R2,4960,RAC1
4468,PIK3R2,5827,SRC
4468,PIK3R2,6115,TGFBR1
4468,PIK3R2,6116,TGFBR2
4469,PIK3R3,6275,TP53
4470,PIK3R4,4946,RAB5A
4470,PIK3R4,6613,UVRAG
4472,PIKFYVE,4727,PRKAA2
4472,PIKFYVE,5498,SGK1
4473,PILRA,5553,SIGLEC6
4475,PIM1,4729,PRKACA
4475,PIM1,4738,PRKCA
4475,PIM1,5076,RELA
4475,PIM1,5252,RP9
4475,PIM1,5274,RPS19
4475,PIM1,5319,RUNX3
4475,PIM1,5591,SKP2
4475,PIM1,5885,STAT3
4475,PIM1,5898,STK10
4475,PIM1,6556,UHRF1
4476,PIM2,4726,PRKAA1
4476,PIM2,6424,TSC2
4477,PIM3,5888,STAT5B
4478,PIN1,4556,PLK1
4478,PIN1,4729,PRKACA
4478,PIN1,4866,PTPN12
4478,PIN1,5895,STIL
4478,PIN1,6275,TP53
4478,PIN1,6741,XPO5
4480,PINK1,4583,PMPCB
4480,PINK1,4727,PRKAA2
4480,PINK1,4953,RAB8A
4480,PINK1,5125,RHOT1
4480,PINK1,6315,TRAP1
4480,PINK1,6479,TUFM
4480,PINK1,6497,UBA52
4480,PINK1,6502,UBC
4480,PINK1,6834,ZNF746
4481,PINX1,4556,PLK1
4483,PIP4K2A,4748,PRKD1
4487,PIP5K1B,4660,PPP1CA
4487,PIP5K1B,4729,PRKACA
4487,PIP5K1B,4738,PRKCA
4487,PIP5K1B,5964,SYK
4488,PIP5K1C,4960,RAC1
4488,PIP5K1C,5120,RHOA
4488,PIP5K1C,5287,RPS6KB1
4488,PIP5K1C,5827,SRC
4489,PIRT,6417,TRPV1
4490,PITPNA,4738,PRKCA
4491,PITPNB,4738,PRKCA
4492,PITPNC1,4738,PRKCA
4496,PITX1,4621,POU1F1
4499,PJA1,5822,SPTBN1
4499,PJA1,6513,UBE2I
4500,PJA2,4729,PRKACA
4500,PJA2,4734,PRKAR1A
4500,PJA2,4735,PRKAR1B
4500,PJA2,4736,PRKAR2A
4500,PJA2,4737,PRKAR2B
4500,PJA2,6513,UBE2I
4501,PKD1,4669,PPP1R14A
4501,PKD1,4738,PRKCA
4501,PKD1,4740,PRKCD
4501,PKD1,4743,PRKCH
4501,PKD1,4748,PRKD1
4501,PKD1,4755,PRKX
4501,PKD1,5137,RIN1
4501,PKD1,5786,SP1
4501,PKD1,5827,SRC
4502,PKD2,4738,PRKCA
4502,PKD2,4741,PRKCE
4502,PKD2,4743,PRKCH
4502,PKD2,4746,PRKCSH
4502,PKD2,4748,PRKD1
4502,PKD2,4749,PRKD2
4502,PKD2,5931,STX5
4502,PKD2,6402,TRPC1
4502,PKD2,6403,TRPC3
4502,PKD2,6408,TRPC7
4502,PKD2,6419,TRPV4
4503,PKD2L1,4729,PRKACA
4504,PKIA,4729,PRKACA
4506,PKLR,5283,RPS6KA3
4507,PKMYT1,4556,PLK1
4508,PKN1,4669,PPP1R14A
4508,PKN1,4980,RAF1
4508,PKN1,5720,SNAI1
4508,PKN1,6305,TRAF1
4508,PKN1,6773,ZBTB49
4509,PKN2,4867,PTPN13
4509,PKN2,5120,RHOA
4514,PKP3,5827,SRC
4515,PKP4,4739,PRKCB
4515,PKP4,5283,RPS6KA3
4516,PLA2G10,4521,PLA2R1
4519,PLA2G4A,4730,PRKACB
4519,PLA2G4A,4738,PRKCA
4519,PLA2G4A,5285,RPS6KA5
4520,PLA2G6,4847,PTGS1
4520,PLA2G6,4848,PTGS2
4522,PLAA,4738,PRKCA
4524,PLAG1,6513,UBE2I
4525,PLAGL1,6275,TP53
4525,PLAGL1,6513,UBE2I
4527,PLAT,4552,PLG
4527,PLAT,5014,RARA
4528,PLAU,4529,PLAUR
4528,PLAU,4738,PRKCA
4528,PLAU,5867,ST14
4528,PLAU,6648,VLDLR
4529,PLAUR,4552,PLG
4529,PLAUR,5471,SERPINE1
4529,PLAUR,6665,VTN
4531,PLCB1,4729,PRKACA
4531,PLCB1,4738,PRKCA
4531,PLCB1,4740,PRKCD
4533,PLCB3,4729,PRKACA
4533,PLCB3,4738,PRKCA
4533,PLCB3,4752,PRKG1
4533,PLCB3,4753,PRKG2
4533,PLCB3,5283,RPS6KA3
4533,PLCB3,5667,SLC9A3R2
4535,PLCG1,4729,PRKACA
4535,PLCG1,4738,PRKCA
4535,PLCG1,4748,PRKD1
4535,PLCG1,4864,PTPN1
4535,PLCG1,4886,PTPRF
4535,PLCG1,4889,PTPRJ
4535,PLCG1,5085,RET
4535,PLCG1,5120,RHOA
4535,PLCG1,5773,SOS1
4535,PLCG1,5827,SRC
4535,PLCG1,5917,STOML2
4535,PLCG1,5964,SYK
4535,PLCG1,6492,TYRO3
4535,PLCG1,6626,VAV1
4535,PLCG1,6627,VAV2
4535,PLCG1,6628,VAV3
4535,PLCG1,6766,ZAP70
4536,PLCG2,5827,SRC
4536,PLCG2,5964,SYK
4536,PLCG2,6074,TEC
4536,PLCG2,6414,TRPM7
4537,PLCL1,4729,PRKACA
4538,PLD1,4727,PRKAA2
4538,PLD1,4738,PRKCA
4538,PLD1,4960,RAC1
4538,PLD1,5117,RHEB
4538,PLD1,5120,RHOA
4538,PLD1,6636,VDR
4539,PLD2,4738,PRKCA
4539,PLD2,4740,PRKCD
4539,PLD2,5827,SRC
4541,PLEC,4729,PRKACA
4541,PLEC,4739,PRKCB
4541,PLEC,4752,PRKG1
4541,PLEC,5283,RPS6KA3
4541,PLEC,5498,SGK1
4542,PLEK,4738,PRKCA
4543,PLEKHA7,6441,TSPAN33
4546,PLEKHG2,5827,SRC
4550,PLEKHG5,5120,RHOA
4551,PLEKHG6,4556,PLK1
4551,PLEKHG6,4960,RAC1
4551,PLEKHG6,5120,RHOA
4553,PLIN1,4729,PRKACA
4553,PLIN1,5283,RPS6KA3
4555,PLIN3,4954,RAB9A
4556,PLK1,4557,PLK2
4556,PLK1,4684,PPP2CA
4556,PLK1,4685,PPP2CB
4556,PLK1,4751,PRKDC
4556,PLK1,4752,PRKG1
4556,PLK1,4753,PRKG2
4556,PLK1,4864,PTPN1
4556,PLK1,4963,RACGAP1
4556,PLK1,4967,RAD21
4556,PLK1,4970,RAD51
4556,PLK1,4980,RAF1
4556,PLK1,4994,RAN
4556,PLK1,5002,RAP1GAP
4556,PLK1,5039,RBBP8
4556,PLK1,5084,REST
4556,PLK1,5141,RIOK2
4556,PLK1,5246,ROCK2
4556,PLK1,5320,RUVBL1
4556,PLK1,5705,SMC1A
4556,PLK1,5728,SNCA
4556,PLK1,5730,SNCB
4556,PLK1,5830,SREBF1
4556,PLK1,5837,SRI
4556,PLK1,5872,STAG2
4556,PLK1,5895,STIL
4556,PLK1,5898,STK10
4556,PLK1,5906,STK3
4556,PLK1,5943,SUGT1
4556,PLK1,5949,SUN1
4556,PLK1,5955,SUZ12
4556,PLK1,5959,SVIL
4556,PLK1,6080,TERF1
4556,PLK1,6252,TNKS
4556,PLK1,6269,TOP2A
4556,PLK1,6272,TOPORS
4556,PLK1,6277,TP53BP1
4556,PLK1,6285,TP73
4556,PLK1,6301,TPT1
4556,PLK1,6394,TRIOBP
4556,PLK1,6423,TSC1
4556,PLK1,6457,TTK
4556,PLK1,6588,USP16
4556,PLK1,6644,VIM
4556,PLK1,6667,WAC
4556,PLK1,6683,WDR62
4556,PLK1,6686,WEE1
4556,PLK1,6765,YY1
4557,PLK2,5567,SIPA1L1
4557,PLK2,5728,SNCA
4557,PLK2,5730,SNCB
4557,PLK2,6275,TP53
4557,PLK2,6285,TP73
4557,PLK2,6651,VPS18
4557,PLK2,6686,WEE1
4557,PLK2,6760,YWHAE
4558,PLK3,4837,PTEN
4558,PLK3,5728,SNCA
4558,PLK3,5730,SNCB
4558,PLK3,6269,TOP2A
4558,PLK3,6275,TP53
4558,PLK3,6658,VRK1
4559,PLK4,6478,TUBGCP6
4560,PLN,4729,PRKACA
4561,PLP1,5777,SOX10
4563,PLSCR1,4740,PRKCD
4563,PLSCR1,5681,SLPI
4563,PLSCR1,5827,SRC
4564,PLSCR3,4740,PRKCD
4565,PLSCR4,5681,SLPI
4568,PLXDC1,5473,SERPINF1
4569,PLXDC2,5473,SERPINF1
4570,PLXNA1,5434,SEMA3A
4570,PLXNA1,5439,SEMA3F
4570,PLXNA1,5447,SEMA5A
4570,PLXNA1,5448,SEMA5B
4570,PLXNA1,5451,SEMA6C
4570,PLXNA1,5452,SEMA6D
4570,PLXNA1,5671,SLIT2
4570,PLXNA1,6320,TREM2
4570,PLXNA1,6493,TYROBP
4571,PLXNA2,4738,PRKCA
4571,PLXNA2,5434,SEMA3A
4571,PLXNA2,5435,SEMA3B
4571,PLXNA2,5436,SEMA3C
4571,PLXNA2,5447,SEMA5A
4571,PLXNA2,5449,SEMA6A
4571,PLXNA2,5450,SEMA6B
4572,PLXNA3,5434,SEMA3A
4572,PLXNA3,5439,SEMA3F
4572,PLXNA3,5447,SEMA5A
4572,PLXNA3,5448,SEMA5B
4573,PLXNA4,5434,SEMA3A
4573,PLXNA4,5435,SEMA3B
4573,PLXNA4,5449,SEMA6A
4573,PLXNA4,5450,SEMA6B
4573,PLXNA4,5452,SEMA6D
4574,PLXNB1,4575,PLXNB2
4574,PLXNB1,5441,SEMA4A
4574,PLXNB1,5442,SEMA4B
4574,PLXNB1,5443,SEMA4C
4574,PLXNB1,5444,SEMA4D
4574,PLXNB1,5446,SEMA4G
4575,PLXNB2,4860,PTN
4575,PLXNB2,5441,SEMA4A
4575,PLXNB2,5442,SEMA4B
4575,PLXNB2,5443,SEMA4C
4575,PLXNB2,5444,SEMA4D
4575,PLXNB2,5446,SEMA4G
4576,PLXNB3,5441,SEMA4A
4576,PLXNB3,5444,SEMA4D
4576,PLXNB3,5446,SEMA4G
4576,PLXNB3,5447,SEMA5A
4577,PLXNC1,5452,SEMA6D
4577,PLXNC1,5453,SEMA7A
4578,PLXND1,5436,SEMA3C
4578,PLXND1,5437,SEMA3D
4578,PLXND1,5438,SEMA3E
4578,PLXND1,5441,SEMA4A
4579,PMAIP1,5235,RNF7
4579,PMAIP1,6275,TP53
4579,PMAIP1,6345,TRIM28
4581,PML,5686,SMAD2
4581,PML,5687,SMAD3
4581,PML,5946,SUMO1
4581,PML,5947,SUMO2
4581,PML,6271,TOPBP1
4581,PML,6275,TP53
4581,PML,6513,UBE2I
4581,PML,6750,YAP1
4581,PML,6800,ZFYVE9
4584,PMS2,6275,TP53
4584,PMS2,6285,TP73
4585,PNCK,4684,PPP2CA
4585,PNCK,4685,PPP2CB
4586,PNKP,4751,PRKDC
4586,PNKP,6743,XRCC1
4586,PNKP,6746,XRCC4
4587,PNN,5283,RPS6KA3
4590,PNPLA8,4848,PTGS2
4591,PNPT1,4751,PRKDC
4592,PODXL,5431,SELL
4593,PODXL2,5431,SELL
4596,POLA1,5253,RPA1
4596,POLA1,6271,TOPBP1
4597,POLB,4738,PRKCA
4597,POLB,4762,PRMT6
4597,POLB,5071,RECQL4
4597,POLB,5925,STUB1
4597,POLB,6743,XRCC1
4599,POLD3,4660,PPP1CA
4599,POLD3,4661,PPP1CB
4599,POLD3,4662,PPP1CC
4599,POLD3,4729,PRKACA
4600,POLD4,6719,WRN
4601,POLDIP3,5287,RPS6KB1
4602,POLH,5088,REV1
4604,POLK,5786,SP1
4604,POLK,6275,TP53
4605,POLL,4751,PRKDC
4608,POLR1B,5578,SIRT7
4609,POLR2A,5257,RPAP2
4609,POLR2A,5865,SSU72
4609,POLR2A,6531,UBLCP1
4609,POLR2A,6727,WWP2
4615,POMC,4850,PTH1R
4615,POMC,4992,RAMP2
4615,POMC,4993,RAMP3
4615,POMC,6428,TSHR
4615,POMC,6646,VIPR1
4617,POP1,4751,PRKDC
4618,PORCN,6707,WNT3A
4619,POSTN,4857,PTK7
4620,POT1,5253,RPA1
4620,POT1,5254,RPA2
4620,POT1,5255,RPA3
4620,POT1,6083,TERT
4622,POU2AF1,4623,POU2F1
4622,POU2AF1,4624,POU2F2
4622,POU2AF1,4738,PRKCA
4623,POU2F1,4726,PRKAA1
4623,POU2F1,4729,PRKACA
4623,POU2F1,4730,PRKACB
4623,POU2F1,4751,PRKDC
4626,POU3F2,4628,POU3F4
4626,POU3F2,4729,PRKACA
4627,POU3F3,4628,POU3F4
4629,POU4F1,5148,RIT2
4632,POU5F1,4751,PRKDC
4632,POU5F1,6727,WWP2
4635,PPARA,4739,PRKCB
4635,PPARA,5326,RXRA
4635,PPARA,5327,RXRB
4635,PPARA,5328,RXRG
4636,PPARD,5326,RXRA
4636,PPARD,5327,RXRB
4637,PPARG,4710,PRDM16
4637,PPARG,4837,PTEN
4637,PPARG,4848,PTGS2
4637,PPARG,5326,RXRA
4637,PPARG,5327,RXRB
4637,PPARG,5328,RXRG
4637,PPARG,5634,SLC2A4
4637,PPARG,5765,SORBS1
4637,PPARG,5827,SRC
4637,PPARG,6046,TBXAS1
4637,PPARG,6137,THRB
4637,PPARG,6513,UBE2I
4637,PPARG,6606,USP7
4637,PPARG,6728,WWTR1
4638,PPARGC1A,4726,PRKAA1
4638,PPARGC1A,5225,RNF34
4638,PPARGC1A,5572,SIRT1
4641,PPBP,5803,SPI1
4642,PPCDC,6513,UBE2I
4643,PPFIA1,4886,PTPRF
4646,PPIG,4730,PRKACB
4646,PPIG,5283,RPS6KA3
4647,PPL,4751,PRKDC
4648,PPM1A,4732,PRKAG1
4648,PPM1A,4740,PRKCD
4648,PPM1A,4837,PTEN
4648,PPM1A,5685,SMAD1
4648,PPM1A,5686,SMAD2
4648,PPM1A,5687,SMAD3
4649,PPM1B,4729,PRKACA
4650,PPM1D,5281,RPS6KA1
4650,PPM1D,5283,RPS6KA3
4650,PPM1D,6275,TP53
4650,PPM1D,6571,UNG
4655,PPM1J,6275,TP53
4659,PPME1,4684,PPP2CA
4659,PPME1,4685,PPP2CB
4660,PPP1CA,4669,PPP1R14A
4660,PPP1CA,4674,PPP1R16B
4660,PPP1CA,4675,PPP1R1A
4660,PPP1CA,4676,PPP1R1B
4660,PPP1CA,4677,PPP1R2
4660,PPP1CA,4681,PPP1R8
4660,PPP1CA,4738,PRKCA
4660,PPP1CA,4739,PRKCB
4660,PPP1CA,4740,PRKCD
4660,PPP1CA,4748,PRKD1
4660,PPP1CA,4854,PTK2
4660,PPP1CA,4878,PTPN7
4660,PPP1CA,4980,RAF1
4660,PPP1CA,5034,RB1
4660,PPP1CA,5245,ROCK1
4660,PPP1CA,5331,RYR1
4660,PPP1CA,5538,SHOC2
4660,PPP1CA,5691,SMAD7
4660,PPP1CA,5711,SMO
4660,PPP1CA,5786,SP1
4660,PPP1CA,5788,SP3
4660,PPP1CA,5885,STAT3
4660,PPP1CA,5906,STK3
4660,PPP1CA,5911,STK4
4660,PPP1CA,6256,TNNI3
4660,PPP1CA,6257,TNNT2
4660,PPP1CA,6275,TP53
4660,PPP1CA,6345,TRIM28
4661,PPP1CB,4669,PPP1R14A
4661,PPP1CB,4670,PPP1R14B
4661,PPP1CB,4676,PPP1R1B
4661,PPP1CB,4738,PRKCA
4661,PPP1CB,4740,PRKCD
4661,PPP1CB,4748,PRKD1
4661,PPP1CB,4751,PRKDC
4661,PPP1CB,4854,PTK2
4661,PPP1CB,4878,PTPN7
4661,PPP1CB,4980,RAF1
4661,PPP1CB,5034,RB1
4661,PPP1CB,5331,RYR1
4661,PPP1CB,5711,SMO
4661,PPP1CB,5906,STK3
4661,PPP1CB,5911,STK4
4661,PPP1CB,6256,TNNI3
4661,PPP1CB,6257,TNNT2
4661,PPP1CB,6275,TP53
4661,PPP1CB,6345,TRIM28
4662,PPP1CC,4673,PPP1R15A
4662,PPP1CC,4675,PPP1R1A
4662,PPP1CC,4676,PPP1R1B
4662,PPP1CC,4738,PRKCA
4662,PPP1CC,4739,PRKCB
4662,PPP1CC,4740,PRKCD
4662,PPP1CC,4748,PRKD1
4662,PPP1CC,4854,PTK2
4662,PPP1CC,4878,PTPN7
4662,PPP1CC,4980,RAF1
4662,PPP1CC,5034,RB1
4662,PPP1CC,5331,RYR1
4662,PPP1CC,5466,SERPINB2
4662,PPP1CC,5711,SMO
4662,PPP1CC,5906,STK3
4662,PPP1CC,5911,STK4
4662,PPP1CC,6115,TGFBR1
4662,PPP1CC,6256,TNNI3
4662,PPP1CC,6257,TNNT2
4662,PPP1CC,6275,TP53
4664,PPP1R12A,4729,PRKACA
4664,PPP1R12A,4738,PRKCA
4664,PPP1R12A,4745,PRKCQ
4664,PPP1R12A,4751,PRKDC
4664,PPP1R12A,4752,PRKG1
4664,PPP1R12A,4980,RAF1
4664,PPP1R12A,5245,ROCK1
4664,PPP1R12A,5246,ROCK2
4665,PPP1R12B,4669,PPP1R14A
4665,PPP1R12B,5245,ROCK1
4666,PPP1R12C,4727,PRKAA2
4666,PPP1R12C,5246,ROCK2
4667,PPP1R13B,6275,TP53
4668,PPP1R13L,6275,TP53
4669,PPP1R14A,4684,PPP2CA
4669,PPP1R14A,4729,PRKACA
4669,PPP1R14A,4738,PRKCA
4669,PPP1R14A,4739,PRKCB
4669,PPP1R14A,4740,PRKCD
4669,PPP1R14A,4741,PRKCE
4669,PPP1R14A,4747,PRKCZ
4669,PPP1R14A,4748,PRKD1
4669,PPP1R14A,5246,ROCK2
4669,PPP1R14A,5283,RPS6KA3
4669,PPP1R14A,6278,TP53BP2
4670,PPP1R14B,4739,PRKCB
4670,PPP1R14B,4740,PRKCD
4671,PPP1R14C,4745,PRKCQ
4672,PPP1R14D,4738,PRKCA
4673,PPP1R15A,5691,SMAD7
4674,PPP1R16B,4738,PRKCA
4675,PPP1R1A,4684,PPP2CA
4675,PPP1R1A,4685,PPP2CB
4675,PPP1R1A,4698,PPP3CA
4675,PPP1R1A,4699,PPP3CB
4675,PPP1R1A,4700,PPP3CC
4675,PPP1R1A,4701,PPP3R1
4675,PPP1R1A,4729,PRKACA
4675,PPP1R1A,4738,PRKCA
4675,PPP1R1A,5283,RPS6KA3
4676,PPP1R1B,4684,PPP2CA
4676,PPP1R1B,4685,PPP2CB
4676,PPP1R1B,4698,PPP3CA
4676,PPP1R1B,4699,PPP3CB
4676,PPP1R1B,4700,PPP3CC
4676,PPP1R1B,4701,PPP3R1
4676,PPP1R1B,4729,PRKACA
4676,PPP1R1B,4739,PRKCB
4676,PPP1R1B,5498,SGK1
4678,PPP1R3A,4729,PRKACA
4678,PPP1R3A,5281,RPS6KA1
4678,PPP1R3A,5283,RPS6KA3
4680,PPP1R3C,4726,PRKAA1
4681,PPP1R8,4729,PRKACA
4681,PPP1R8,4730,PRKACB
4681,PPP1R8,5283,RPS6KA3
4681,PPP1R8,5498,SGK1
4682,PPP1R9A,4729,PRKACA
4683,PPP1R9B,4729,PRKACA
4683,PPP1R9B,4739,PRKCB
4683,PPP1R9B,5283,RPS6KA3
4683,PPP1R9B,5797,SPATA13
4683,PPP1R9B,6143,TIAM1
4684,PPP2CA,4686,PPP2R1A
4684,PPP2CA,4687,PPP2R1B
4684,PPP2CA,4688,PPP2R2A
4684,PPP2CA,4694,PPP2R5A
4684,PPP2CA,4696,PPP2R5C
4684,PPP2CA,4726,PRKAA1
4684,PPP2CA,4727,PRKAA2
4684,PPP2CA,4729,PRKACA
4684,PPP2CA,4738,PRKCA
4684,PPP2CA,4739,PRKCB
4684,PPP2CA,4740,PRKCD
4684,PPP2CA,4744,PRKCI
4684,PPP2CA,4748,PRKD1
4684,PPP2CA,4752,PRKG1
4684,PPP2CA,4882,PTPRC
4684,PPP2CA,4912,PXN
4684,PPP2CA,4963,RACGAP1
4684,PPP2CA,4980,RAF1
4684,PPP2CA,5034,RB1
4684,PPP2CA,5041,RBL1
4684,PPP2CA,5042,RBL2
4684,PPP2CA,5076,RELA
4684,PPP2CA,5119,RHO
4684,PPP2CA,5278,RPS3
4684,PPP2CA,5281,RPS6KA1
4684,PPP2CA,5283,RPS6KA3
4684,PPP2CA,5287,RPS6KB1
4684,PPP2CA,5478,SET
4684,PPP2CA,5685,SMAD1
4684,PPP2CA,5686,SMAD2
4684,PPP2CA,5687,SMAD3
4684,PPP2CA,5711,SMO
4684,PPP2CA,5728,SNCA
4684,PPP2CA,5786,SP1
4684,PPP2CA,5801,SPHK1
4684,PPP2CA,5827,SRC
4684,PPP2CA,5906,STK3
4684,PPP2CA,5911,STK4
4684,PPP2CA,5923,STRN
4684,PPP2CA,5924,STRN4
4684,PPP2CA,6097,TFCP2
4684,PPP2CA,6156,TIPRL
4684,PPP2CA,6183,TLX1
4684,PPP2CA,6256,TNNI3
4684,PPP2CA,6275,TP53
4684,PPP2CA,6306,TRAF2
4684,PPP2CA,6625,VASP
4684,PPP2CA,6644,VIM
4685,PPP2CB,4686,PPP2R1A
4685,PPP2CB,4694,PPP2R5A
4685,PPP2CB,4726,PRKAA1
4685,PPP2CB,4729,PRKACA
4685,PPP2CB,4738,PRKCA
4685,PPP2CB,4739,PRKCB
4685,PPP2CB,4740,PRKCD
4685,PPP2CB,4744,PRKCI
4685,PPP2CB,4748,PRKD1
4685,PPP2CB,4752,PRKG1
4685,PPP2CB,4912,PXN
4685,PPP2CB,4963,RACGAP1
4685,PPP2CB,4980,RAF1
4685,PPP2CB,4985,RALA
4685,PPP2CB,5041,RBL1
4685,PPP2CB,5119,RHO
4685,PPP2CB,5281,RPS6KA1
4685,PPP2CB,5283,RPS6KA3
4685,PPP2CB,5287,RPS6KB1
4685,PPP2CB,5478,SET
4685,PPP2CB,5685,SMAD1
4685,PPP2CB,5687,SMAD3
4685,PPP2CB,5711,SMO
4685,PPP2CB,5728,SNCA
4685,PPP2CB,5801,SPHK1
4685,PPP2CB,5827,SRC
4685,PPP2CB,5906,STK3
4685,PPP2CB,5911,STK4
4685,PPP2CB,5923,STRN
4685,PPP2CB,5924,STRN4
4685,PPP2CB,6183,TLX1
4685,PPP2CB,6275,TP53
4685,PPP2CB,6306,TRAF2
4685,PPP2CB,6625,VASP
4685,PPP2CB,6644,VIM
4687,PPP2R1B,4985,RALA
4688,PPP2R2A,4864,PTPN1
4688,PPP2R2A,4980,RAF1
4688,PPP2R2A,6111,TGFB1
4688,PPP2R2A,6115,TGFBR1
4688,PPP2R2A,6686,WEE1
4689,PPP2R2B,6116,TGFBR2
4690,PPP2R2C,5827,SRC
4693,PPP2R3B,6567,UNC5B
4694,PPP2R5A,4738,PRKCA
4694,PPP2R5A,6115,TGFBR1
4696,PPP2R5C,5287,RPS6KB1
4696,PPP2R5C,6275,TP53
4697,PPP2R5D,4729,PRKACA
4697,PPP2R5D,4980,RAF1
4698,PPP3CA,4736,PRKAR2A
4698,PPP3CA,5063,RCAN1
4698,PPP3CA,5283,RPS6KA3
4698,PPP3CA,5598,SLC10A1
4698,PPP3CA,5855,SSH1
4698,PPP3CA,6625,VASP
4699,PPP3CB,4736,PRKAR2A
4699,PPP3CB,5063,RCAN1
4699,PPP3CB,5598,SLC10A1
4699,PPP3CB,5855,SSH1
4699,PPP3CB,6099,TFEB
4699,PPP3CB,6625,VASP
4700,PPP3CC,4736,PRKAR2A
4700,PPP3CC,5063,RCAN1
4700,PPP3CC,5598,SLC10A1
4700,PPP3CC,5855,SSH1
4700,PPP3CC,6625,VASP
4701,PPP3R1,4876,PTPN5
4701,PPP3R1,5966,SYN1
4701,PPP3R1,6463,TUBA1A
4701,PPP3R1,6464,TUBA1B
4702,PPP4C,5076,RELA
4702,PPP4C,5254,RPA2
4702,PPP4C,6277,TP53BP1
4704,PPP5C,4751,PRKDC
4704,PPP5C,4980,RAF1
4704,PPP5C,6277,TP53BP1
4705,PPP6C,4751,PRKDC
4707,PRC1,6275,TP53
4707,PRC1,6457,TTK
4709,PRDM1,5021,RASD2
4709,PRDM1,5804,SPIB
4709,PRDM1,5885,STAT3
4709,PRDM1,6275,TP53
4710,PRDM16,5588,SKI
4711,PRDM2,5283,RPS6KA3
4712,PRDX1,5911,STK4
4713,PRDX2,5964,SYK
4716,PRDX6,4803,PSIP1
4717,PREB,5353,SAR1A
4718,PREX1,4729,PRKACA
4718,PREX1,4730,PRKACB
4718,PREX1,4731,PRKACG
4718,PREX1,4740,PRKCD
4718,PREX1,4755,PRKX
4718,PREX1,4960,RAC1
4719,PREX2,4837,PTEN
4719,PREX2,4960,RAC1
4719,PREX2,5120,RHOA
4721,PRG4,6175,TLR2
4721,PRG4,6177,TLR4
4723,PRICKLE1,5715,SMURF1
4723,PRICKLE1,5716,SMURF2
4726,PRKAA1,4727,PRKAA2
4726,PRKAA1,4728,PRKAB1
4726,PRKAA1,4729,PRKACA
4726,PRKAA1,4745,PRKCQ
4726,PRKAA1,4780,PRPS1
4726,PRKAA1,4781,PRPS2
4726,PRKAA1,4899,PTS
4726,PRKAA1,4980,RAF1
4726,PRKAA1,5020,RASAL2
4726,PRKAA1,5034,RB1
4726,PRKAA1,5038,RBBP7
4726,PRKAA1,5283,RPS6KA3
4726,PRKAA1,5291,RPTOR
4726,PRKAA1,5301,RRN3
4726,PRKAA1,5318,RUNX2
4726,PRKAA1,5390,SCN5A
4726,PRKAA1,5578,SIRT7
4726,PRKAA1,5601,SLC12A1
4726,PRKAA1,5602,SLC12A2
4726,PRKAA1,5720,SNAI1
4726,PRKAA1,5830,SREBF1
4726,PRKAA1,5891,STBD1
4726,PRKAA1,5896,STIM1
4726,PRKAA1,5899,STK11
4726,PRKAA1,5964,SYK
4726,PRKAA1,5966,SYN1
4726,PRKAA1,6026,TBC1D1
4726,PRKAA1,6087,TET2
4726,PRKAA1,6256,TNNI3
4726,PRKAA1,6275,TP53
4726,PRKAA1,6285,TP73
4726,PRKAA1,6424,TSC2
4726,PRKAA1,6487,TXNIP
4726,PRKAA1,6562,ULK1
4726,PRKAA1,6584,USP10
4726,PRKAA1,6833,ZNF692
4727,PRKAA2,4729,PRKACA
4727,PRKAA2,4732,PRKAG1
4727,PRKAA2,4738,PRKCA
4727,PRKAA2,4980,RAF1
4727,PRKAA2,5073,REEP2
4727,PRKAA2,5291,RPTOR
4727,PRKAA2,5572,SIRT1
4727,PRKAA2,5602,SLC12A2
4727,PRKAA2,5830,SREBF1
4727,PRKAA2,5899,STK11
4727,PRKAA2,6026,TBC1D1
4727,PRKAA2,6093,TFAP2A
4727,PRKAA2,6277,TP53BP1
4727,PRKAA2,6423,TSC1
4727,PRKAA2,6424,TSC2
4727,PRKAA2,6562,ULK1
4727,PRKAA2,6563,ULK2
4727,PRKAA2,6625,VASP
4728,PRKAB1,4730,PRKACB
4728,PRKAB1,4751,PRKDC
4728,PRKAB1,5283,RPS6KA3
4728,PRKAB1,5291,RPTOR
4728,PRKAB1,6275,TP53
4728,PRKAB1,6424,TSC2
4728,PRKAB1,6562,ULK1
4728,PRKAB1,6563,ULK2
4729,PRKACA,4734,PRKAR1A
4729,PRKACA,4735,PRKAR1B
4729,PRKACA,4736,PRKAR2A
4729,PRKACA,4737,PRKAR2B
4729,PRKACA,4748,PRKD1
4729,PRKACA,4795,PSEN1
4729,PRKACA,4816,PSMC5
4729,PRKACA,4818,PSMD11
4729,PRKACA,4830,PTBP1
4729,PRKACA,4855,PTK2B
4729,PRKACA,4865,PTPN11
4729,PRKACA,4866,PTPN12
4729,PRKACA,4876,PTPN5
4729,PRKACA,4878,PTPN7
4729,PRKACA,4893,PTPRR
4729,PRKACA,4980,RAF1
4729,PRKACA,5000,RAP1A
4729,PRKACA,5001,RAP1B
4729,PRKACA,5002,RAP1GAP
4729,PRKACA,5014,RARA
4729,PRKACA,5021,RASD2
4729,PRKACA,5025,RASGRF1
4729,PRKACA,5063,RCAN1
4729,PRKACA,5076,RELA
4729,PRKACA,5085,RET
4729,PRKACA,5104,RGS10
4729,PRKACA,5105,RGS13
4729,PRKACA,5106,RGS14
4729,PRKACA,5108,RGS18
4729,PRKACA,5120,RHOA
4729,PRKACA,5134,RIMS1
4729,PRKACA,5261,RPH3A
4729,PRKACA,5291,RPTOR
4729,PRKACA,5292,RRAD
4729,PRKACA,5326,RXRA
4729,PRKACA,5331,RYR1
4729,PRKACA,5332,RYR2
4729,PRKACA,5390,SCN5A
4729,PRKACA,5398,SCRIB
4729,PRKACA,5414,SEC14L2
4729,PRKACA,5498,SGK1
4729,PRKACA,5542,SI
4729,PRKACA,5558,SIK2
4729,PRKACA,5629,SLC26A4
4729,PRKACA,5633,SLC2A2
4729,PRKACA,5651,SLC4A4
4729,PRKACA,5657,SLC6A3
4729,PRKACA,5711,SMO
4729,PRKACA,5723,SNAP25
4729,PRKACA,5727,SNAPIN
4729,PRKACA,5766,SORBS2
4729,PRKACA,5785,SOX9
4729,PRKACA,5822,SPTBN1
4729,PRKACA,5827,SRC
4729,PRKACA,5830,SREBF1
4729,PRKACA,5832,SRF
4729,PRKACA,5849,SRY
4729,PRKACA,5878,STAR
4729,PRKACA,5896,STIM1
4729,PRKACA,5899,STK11
4729,PRKACA,5904,STK24
4729,PRKACA,5906,STK3
4729,PRKACA,5913,STMN1
4729,PRKACA,5914,STMN2
4729,PRKACA,5942,SUFU
4729,PRKACA,5966,SYN1
4729,PRKACA,5967,SYN2
4729,PRKACA,6009,TAGLN2
4729,PRKACA,6010,TAL1
4729,PRKACA,6045,TBXA2R
4729,PRKACA,6070,TEAD1
4729,PRKACA,6092,TFAM
4729,PRKACA,6093,TFAP2A
4729,PRKACA,6119,TGM2
4729,PRKACA,6122,TH
4729,PRKACA,6133,THOP1
4729,PRKACA,6229,TNFRSF1A
4729,PRKACA,6256,TNNI3
4729,PRKACA,6289,TPH1
4729,PRKACA,6290,TPH2
4729,PRKACA,6395,TRIP10
4729,PRKACA,6401,TRPA1
4729,PRKACA,6406,TRPC5
4729,PRKACA,6407,TRPC6
4729,PRKACA,6415,TRPM8
4729,PRKACA,6417,TRPV1
4729,PRKACA,6420,TRPV5
4729,PRKACA,6459,TTN
4729,PRKACA,6525,UBE3A
4729,PRKACA,6556,UHRF1
4729,PRKACA,6563,ULK2
4729,PRKACA,6592,USP20
4729,PRKACA,6625,VASP
4729,PRKACA,6636,VDR
4729,PRKACA,6644,VIM
4729,PRKACA,6665,VTN
4729,PRKACA,6722,WT1
4729,PRKACA,6762,YWHAH
4729,PRKACA,6764,YWHAZ
4729,PRKACA,6788,ZFP36L1
4730,PRKACB,4734,PRKAR1A
4730,PRKACB,4735,PRKAR1B
4730,PRKACB,4736,PRKAR2A
4730,PRKACB,4737,PRKAR2B
4730,PRKACB,4741,PRKCE
4730,PRKACB,4778,PRPF4B
4730,PRKACB,4852,PTH2R
4730,PRKACB,4915,PYGB
4730,PRKACB,4916,PYGL
4730,PRKACB,4917,PYGM
4730,PRKACB,4923,QDPR
4730,PRKACB,4980,RAF1
4730,PRKACB,5000,RAP1A
4730,PRKACB,5042,RBL2
4730,PRKACB,5106,RGS14
4730,PRKACB,5281,RPS6KA1
4730,PRKACB,5389,SCN4A
4730,PRKACB,5686,SMAD2
4730,PRKACB,5687,SMAD3
4730,PRKACB,5739,SNRNP200
4730,PRKACB,5794,SPAG9
4730,PRKACB,5822,SPTBN1
4730,PRKACB,5827,SRC
4730,PRKACB,5846,SRRM1
4730,PRKACB,5875,STAMBP
4730,PRKACB,5913,STMN1
4730,PRKACB,6032,TBC1D5
4730,PRKACB,6122,TH
4730,PRKACB,6136,THRAP3
4730,PRKACB,6143,TIAM1
4730,PRKACB,6256,TNNI3
4730,PRKACB,6275,TP53
4730,PRKACB,6347,TRIM3
4730,PRKACB,6598,USP32
4730,PRKACB,6644,VIM
4730,PRKACB,6678,WDR33
4730,PRKACB,6737,XK
4730,PRKACB,6746,XRCC4
4730,PRKACB,6748,XRCC6
4730,PRKACB,6787,ZFP36
4730,PRKACB,6816,ZNF224
4732,PRKAG1,5899,STK11
4732,PRKAG1,6562,ULK1
4733,PRKAG3,6562,ULK1
4733,PRKAG3,6563,ULK2
4734,PRKAR1A,4752,PRKG1
4735,PRKAR1B,5283,RPS6KA3
4736,PRKAR2A,4737,PRKAR2B
4736,PRKAR2A,4747,PRKCZ
4736,PRKAR2A,5283,RPS6KA3
4737,PRKAR2B,5283,RPS6KA3
4738,PRKCA,4739,PRKCB
4738,PRKCA,4740,PRKCD
4738,PRKCA,4741,PRKCE
4738,PRKCA,4747,PRKCZ
4738,PRKCA,4748,PRKD1
4738,PRKCA,4749,PRKD2
4738,PRKCA,4750,PRKD3
4738,PRKCA,4752,PRKG1
4738,PRKCA,4778,PRPF4B
4738,PRKCA,4795,PSEN1
4738,PRKCA,4846,PTGIR
4738,PRKCA,4854,PTK2
4738,PRKCA,4864,PTPN1
4738,PRKCA,4865,PTPN11
4738,PRKCA,4866,PTPN12
4738,PRKCA,4877,PTPN6
4738,PRKCA,4880,PTPRA
4738,PRKCA,4881,PTPRB
4738,PRKCA,4939,RAB37
4738,PRKCA,4945,RAB4A
4738,PRKCA,4960,RAC1
4738,PRKCA,4980,RAF1
4738,PRKCA,4986,RALB
4738,PRKCA,4987,RALBP1
4738,PRKCA,4996,RANBP2
4738,PRKCA,5029,RASGRP3
4738,PRKCA,5030,RASSF1
4738,PRKCA,5041,RBL1
4738,PRKCA,5042,RBL2
4738,PRKCA,5045,RBM15
4738,PRKCA,5068,RDX
4738,PRKCA,5085,RET
4738,PRKCA,5089,REV3L
4738,PRKCA,5109,RGS19
4738,PRKCA,5110,RGS2
4738,PRKCA,5113,RGS7
4738,PRKCA,5119,RHO
4738,PRKCA,5120,RHOA
4738,PRKCA,5243,ROBO3
4738,PRKCA,5249,RORA
4738,PRKCA,5254,RPA2
4738,PRKCA,5262,RPL10
4738,PRKCA,5280,RPS6
4738,PRKCA,5281,RPS6KA1
4738,PRKCA,5288,RPS6KB2
4738,PRKCA,5292,RRAD
4738,PRKCA,5316,RUFY1
4738,PRKCA,5342,S1PR1
4738,PRKCA,5385,SCN2A
4738,PRKCA,5404,SDC2
4738,PRKCA,5406,SDC4
4738,PRKCA,5447,SEMA5A
4738,PRKCA,5498,SGK1
4738,PRKCA,5502,SH2B1
4738,PRKCA,5509,SH3BP2
4738,PRKCA,5528,SHC1
4738,PRKCA,5612,SLC18A2
4738,PRKCA,5633,SLC2A2
4738,PRKCA,5641,SLC39A8
4738,PRKCA,5651,SLC4A4
4738,PRKCA,5656,SLC6A2
4738,PRKCA,5660,SLC6A9
4738,PRKCA,5666,SLC9A3R1
4738,PRKCA,5687,SMAD3
4738,PRKCA,5697,SMARCA5
4738,PRKCA,5705,SMC1A
4738,PRKCA,5722,SNAP23
4738,PRKCA,5723,SNAP25
4738,PRKCA,5791,SPAG1
4738,PRKCA,5808,SPN
4738,PRKCA,5813,SPP1
4738,PRKCA,5827,SRC
4738,PRKCA,5832,SRF
4738,PRKCA,5862,SSTR3
4738,PRKCA,5878,STAR
4738,PRKCA,5881,STARD3NL
4738,PRKCA,5885,STAT3
4738,PRKCA,5899,STK11
4738,PRKCA,5906,STK3
4738,PRKCA,5916,STOM
4738,PRKCA,5934,STXBP1
4738,PRKCA,5949,SUN1
4738,PRKCA,5964,SYK
4738,PRKCA,5976,SYP
4738,PRKCA,5996,TACSTD2
4738,PRKCA,6008,TAGLN
4738,PRKCA,6032,TBC1D5
4738,PRKCA,6045,TBXA2R
4738,PRKCA,6050,TCEAL1
4738,PRKCA,6108,TFRC
4738,PRKCA,6115,TGFBR1
4738,PRKCA,6132,THOC5
4738,PRKCA,6143,TIAM1
4738,PRKCA,6171,TLN1
4738,PRKCA,6255,TNNI2
4738,PRKCA,6256,TNNI3
4738,PRKCA,6257,TNNT2
4738,PRKCA,6258,TNNT3
4738,PRKCA,6269,TOP2A
4738,PRKCA,6275,TP53
4738,PRKCA,6277,TP53BP1
4738,PRKCA,6285,TP73
4738,PRKCA,6302,TPX2
4738,PRKCA,6403,TRPC3
4738,PRKCA,6410,TRPM2
4738,PRKCA,6412,TRPM4
4738,PRKCA,6417,TRPV1
4738,PRKCA,6419,TRPV4
4738,PRKCA,6420,TRPV5
4738,PRKCA,6421,TRPV6
4738,PRKCA,6424,TSC2
4738,PRKCA,6463,TUBA1A
4738,PRKCA,6465,TUBA1C
4738,PRKCA,6483,TWIST1
4738,PRKCA,6486,TXN
4738,PRKCA,6496,UBA1
4738,PRKCA,6550,UGT1A3
4738,PRKCA,6566,UNC5A
4738,PRKCA,6625,VASP
4738,PRKCA,6631,VCL
4738,PRKCA,6644,VIM
4738,PRKCA,6665,VTN
4738,PRKCA,6747,XRCC5
4738,PRKCA,6759,YWHAB
4738,PRKCA,6762,YWHAH
4738,PRKCA,6813,ZMYND8
4739,PRKCB,4751,PRKDC
4739,PRKCB,4795,PSEN1
4739,PRKCB,4804,PSMA3
4739,PRKCB,4842,PTGER4
4739,PRKCB,4852,PTH2R
4739,PRKCB,4853,PTHLH
4739,PRKCB,4865,PTPN11
4739,PRKCB,4866,PTPN12
4739,PRKCB,4927,RAB11A
4739,PRKCB,4980,RAF1
4739,PRKCB,4999,RANGAP1
4739,PRKCB,5029,RASGRP3
4739,PRKCB,5034,RB1
4739,PRKCB,5042,RBL2
4739,PRKCB,5104,RGS10
4739,PRKCB,5119,RHO
4739,PRKCB,5143,RIPK1
4739,PRKCB,5262,RPL10
4739,PRKCB,5288,RPS6KB2
4739,PRKCB,5292,RRAD
4739,PRKCB,5348,SAFB
4739,PRKCB,5357,SASH3
4739,PRKCB,5385,SCN2A
4739,PRKCB,5389,SCN4A
4739,PRKCB,5404,SDC2
4739,PRKCB,5487,SF3B2
4739,PRKCB,5528,SHC1
4739,PRKCB,5660,SLC6A9
4739,PRKCB,5740,SNRNP70
4739,PRKCB,5789,SP4
4739,PRKCB,5794,SPAG9
4739,PRKCB,5821,SPTAN1
4739,PRKCB,5822,SPTBN1
4739,PRKCB,5846,SRRM1
4739,PRKCB,5847,SRRM2
4739,PRKCB,5911,STK4
4739,PRKCB,5913,STMN1
4739,PRKCB,5914,STMN2
4739,PRKCB,5934,STXBP1
4739,PRKCB,5964,SYK
4739,PRKCB,5976,SYP
4739,PRKCB,5980,SYT6
4739,PRKCB,6031,TBC1D4
4739,PRKCB,6083,TERT
4739,PRKCB,6099,TFEB
4739,PRKCB,6206,TMPO
4739,PRKCB,6256,TNNI3
4739,PRKCB,6257,TNNT2
4739,PRKCB,6260,TNPO3
4739,PRKCB,6269,TOP2A
4739,PRKCB,6275,TP53
4739,PRKCB,6359,TRIM41
4739,PRKCB,6415,TRPM8
4739,PRKCB,6421,TRPV6
4739,PRKCB,6422,TRRAP
4739,PRKCB,6491,TYR
4739,PRKCB,6529,UBE4B
4739,PRKCB,6625,VASP
4739,PRKCB,6636,VDR
4739,PRKCB,6644,VIM
4739,PRKCB,6656,VPS72
4739,PRKCB,6658,VRK1
4739,PRKCB,6665,VTN
4739,PRKCB,6690,WIPF1
4739,PRKCB,6695,WNK1
4739,PRKCB,6746,XRCC4
4739,PRKCB,6764,YWHAZ
4739,PRKCB,6810,ZMYM2
4740,PRKCD,4747,PRKCZ
4740,PRKCD,4748,PRKD1
4740,PRKCD,4751,PRKDC
4740,PRKCD,4864,PTPN1
4740,PRKCD,4872,PTPN22
4740,PRKCD,4880,PTPRA
4740,PRKCD,4887,PTPRG
4740,PRKCD,4912,PXN
4740,PRKCD,5278,RPS3
4740,PRKCD,5280,RPS6
4740,PRKCD,5288,RPS6KB2
4740,PRKCD,5406,SDC4
4740,PRKCD,5528,SHC1
4740,PRKCD,5538,SHOC2
4740,PRKCD,5631,SLC29A1
4740,PRKCD,5685,SMAD1
4740,PRKCD,5712,SMPD1
4740,PRKCD,5827,SRC
4740,PRKCD,5832,SRF
4740,PRKCD,5883,STAT1
4740,PRKCD,5885,STAT3
4740,PRKCD,6008,TAGLN
4740,PRKCD,6037,TBL1XR1
4740,PRKCD,6256,TNNI3
4740,PRKCD,6275,TP53
4740,PRKCD,6285,TP73
4740,PRKCD,6345,TRIM28
4740,PRKCD,6419,TRPV4
4740,PRKCD,6424,TSC2
4740,PRKCD,6658,VRK1
4740,PRKCD,6752,YES1
4740,PRKCD,6759,YWHAB
4740,PRKCD,6762,YWHAH
4740,PRKCD,6764,YWHAZ
4741,PRKCE,4748,PRKD1
4741,PRKCE,4749,PRKD2
4741,PRKCE,4927,RAB11A
4741,PRKCE,4946,RAB5A
4741,PRKCE,5288,RPS6KB2
4741,PRKCE,5381,SCN10A
4741,PRKCE,5528,SHC1
4741,PRKCE,5650,SLC4A3
4741,PRKCE,5885,STAT3
4741,PRKCE,6256,TNNI3
4741,PRKCE,6359,TRIM41
4741,PRKCE,6417,TRPV1
4741,PRKCE,6552,UGT1A7
4741,PRKCE,6644,VIM
4741,PRKCE,6736,XIAP
4742,PRKCG,4795,PSEN1
4742,PRKCG,4980,RAF1
4742,PRKCG,5288,RPS6KB2
4742,PRKCG,5404,SDC2
4742,PRKCG,5902,STK17B
4742,PRKCG,5934,STXBP1
4742,PRKCG,6256,TNNI3
4742,PRKCG,6269,TOP2A
4742,PRKCG,6403,TRPC3
4742,PRKCG,6665,VTN
4743,PRKCH,4743,PRKCH
4743,PRKCH,4748,PRKD1
4743,PRKCH,4749,PRKD2
4743,PRKCH,4865,PTPN11
4743,PRKCH,5076,RELA
4743,PRKCH,5976,SYP
4744,PRKCI,4936,RAB2A
4744,PRKCI,5245,ROCK1
4744,PRKCI,5288,RPS6KB2
4744,PRKCI,5827,SRC
4744,PRKCI,6539,UBTF
4744,PRKCI,6755,YKT6
4745,PRKCQ,4878,PTPN7
4745,PRKCQ,5007,RAPGEF2
4745,PRKCQ,5027,RASGRP1
4745,PRKCQ,5029,RASGRP3
4745,PRKCQ,5283,RPS6KA3
4745,PRKCQ,5910,STK39
4745,PRKCQ,6626,VAV1
4745,PRKCQ,6690,WIPF1
4747,PRKCZ,4748,PRKD1
4747,PRKCZ,4795,PSEN1
4747,PRKCZ,4837,PTEN
4747,PRKCZ,5076,RELA
4747,PRKCZ,5288,RPS6KB2
4747,PRKCZ,5704,SMARCD3
4747,PRKCZ,5720,SNAI1
4747,PRKCZ,5786,SP1
4747,PRKCZ,5889,STAT6
4747,PRKCZ,5899,STK11
4747,PRKCZ,6306,TRAF2
4747,PRKCZ,6644,VIM
4747,PRKCZ,6724,WWC1
4747,PRKCZ,6759,YWHAB
4747,PRKCZ,6764,YWHAZ
4748,PRKD1,4751,PRKDC
4748,PRKD1,4898,PTRH2
4748,PRKD1,4955,RABEP1
4748,PRKD1,5080,REM1
4748,PRKD1,5137,RIN1
4748,PRKD1,5283,RPS6KA3
4748,PRKD1,5311,RTKN
4748,PRKD1,5720,SNAI1
4748,PRKD1,5802,SPHK2
4748,PRKD1,5827,SRC
4748,PRKD1,5855,SSH1
4748,PRKD1,5964,SYK
4748,PRKD1,6093,TFAP2A
4748,PRKD1,6177,TLR4
4748,PRKD1,6178,TLR5
4748,PRKD1,6256,TNNI3
4748,PRKD1,6417,TRPV1
4748,PRKD1,6625,VASP
4748,PRKD1,6762,YWHAH
4748,PRKD1,6763,YWHAQ
4749,PRKD2,5137,RIN1
4749,PRKD2,5311,RTKN
4749,PRKD2,5478,SET
4749,PRKD2,5855,SSH1
4749,PRKD2,6489,TYK2
4750,PRKD3,5076,RELA
4750,PRKD3,5311,RTKN
4750,PRKD3,5802,SPHK2
4751,PRKDC,4778,PRPF4B
4751,PRKDC,4855,PTK2B
4751,PRKDC,4965,RAD17
4751,PRKDC,4969,RAD50
4751,PRKDC,4975,RAD9A
4751,PRKDC,4980,RAF1
4751,PRKDC,4982,RAG2
4751,PRKDC,5039,RBBP8
4751,PRKDC,5091,RFC1
4751,PRKDC,5106,RGS14
4751,PRKDC,5119,RHO
4751,PRKDC,5134,RIMS1
4751,PRKDC,5253,RPA1
4751,PRKDC,5254,RPA2
4751,PRKDC,5280,RPS6
4751,PRKDC,5287,RPS6KB1
4751,PRKDC,5332,RYR2
4751,PRKDC,5349,SAFB2
4751,PRKDC,5647,SLC4A1
4751,PRKDC,5695,SMARCA2
4751,PRKDC,5705,SMC1A
4751,PRKDC,5706,SMC3
4751,PRKDC,5727,SNAPIN
4751,PRKDC,5794,SPAG9
4751,PRKDC,5821,SPTAN1
4751,PRKDC,5822,SPTBN1
4751,PRKDC,5827,SRC
4751,PRKDC,5832,SRF
4751,PRKDC,5847,SRRM2
4751,PRKDC,5862,SSTR3
4751,PRKDC,5899,STK11
4751,PRKDC,5934,STXBP1
4751,PRKDC,5959,SVIL
4751,PRKDC,5966,SYN1
4751,PRKDC,6068,TDP1
4751,PRKDC,6080,TERF1
4751,PRKDC,6135,THRA
4751,PRKDC,6136,THRAP3
4751,PRKDC,6253,TNKS1BP1
4751,PRKDC,6275,TP53
4751,PRKDC,6277,TP53BP1
4751,PRKDC,6297,TPR
4751,PRKDC,6345,TRIM28
4751,PRKDC,6478,TUBGCP6
4751,PRKDC,6574,UPF1
4751,PRKDC,6577,USF1
4751,PRKDC,6632,VCP
4751,PRKDC,6644,VIM
4751,PRKDC,6656,VPS72
4751,PRKDC,6719,WRN
4751,PRKDC,6738,XPA
4751,PRKDC,6743,XRCC1
4751,PRKDC,6746,XRCC4
4751,PRKDC,6747,XRCC5
4751,PRKDC,6748,XRCC6
4751,PRKDC,6813,ZMYND8
4752,PRKG1,4753,PRKG2
4752,PRKG1,4899,PTS
4752,PRKG1,5001,RAP1B
4752,PRKG1,5003,RAP1GAP2
4752,PRKG1,5110,RGS2
4752,PRKG1,5120,RHOA
4752,PRKG1,5135,RIMS2
4752,PRKG1,5331,RYR1
4752,PRKG1,5485,SF1
4752,PRKG1,5658,SLC6A4
4752,PRKG1,5764,SON
4752,PRKG1,5813,SPP1
4752,PRKG1,5822,SPTBN1
4752,PRKG1,5832,SRF
4752,PRKG1,5846,SRRM1
4752,PRKG1,5847,SRRM2
4752,PRKG1,5967,SYN2
4752,PRKG1,6083,TERT
4752,PRKG1,6256,TNNI3
4752,PRKG1,6402,TRPC1
4752,PRKG1,6403,TRPC3
4752,PRKG1,6408,TRPC7
4752,PRKG1,6459,TTN
4752,PRKG1,6625,VASP
4752,PRKG1,6644,VIM
4753,PRKG2,4877,PTPN6
4753,PRKG2,4899,PTS
4753,PRKG2,5281,RPS6KA1
4753,PRKG2,5785,SOX9
4753,PRKG2,5878,STAR
4753,PRKG2,6625,VASP
4755,PRKX,5690,SMAD6
4756,PRL,4759,PRLR
4757,PRLH,4758,PRLHR
4759,PRLR,5758,SOCS3
4760,PRMT1,4990,RALY
4760,PRMT1,5690,SMAD6
4760,PRMT1,5883,STAT1
4760,PRMT1,5952,SUPT5H
4760,PRMT1,6000,TAF15
4761,PRMT5,4980,RAF1
4761,PRMT5,5245,ROCK1
4761,PRMT5,5741,SNRPB
4761,PRMT5,5827,SRC
4761,PRMT5,5899,STK11
4761,PRMT5,5952,SUPT5H
4762,PRMT6,6124,THBS1
4764,PRND,5290,RPSA
4765,PRNP,4829,PTAFR
4765,PRNP,5786,SP1
4765,PRNP,6232,TNFRSF25
4766,PROC,4767,PROCR
4766,PROC,6077,TEK
4766,PROC,6123,THBD
4767,PROCR,5548,SIGLEC10
4768,PROK1,4770,PROKR1
4768,PROK1,4771,PROKR2
4769,PROK2,4770,PROKR1
4769,PROK2,4771,PROKR2
4772,PROM1,5827,SRC
4773,PROS1,5786,SP1
4773,PROS1,6492,TYRO3
4776,PRPF19,4777,PRPF3
4776,PRPF19,5253,RPA1
4776,PRPF19,5254,RPA2
4777,PRPF3,6601,USP4
4778,PRPF4B,5283,RPS6KA3
4778,PRPF4B,5498,SGK1
4782,PRR5L,5092,RFFL
4784,PRRX1,5832,SRF
4787,PRSS21,4967,RAD21
4788,PRSS23,6198,TMEM222
4791,PRTG,6687,WFIKKN2
4792,PRTN3,5803,SPI1
4793,PSAP,5772,SORT1
4795,PSEN1,4797,PSENEN
4795,PSEN1,6189,TMED10
4797,PSENEN,5330,RYK
4798,PSG4,6246,TNFSF8
4799,PSG5,6222,TNFRSF12A
4803,PSIP1,6211,TNF
4805,PSMA5,5283,RPS6KA3
4805,PSMA5,6731,XBP1
4806,PSMA6,6731,XBP1
4807,PSMA7,4952,RAB7A
4807,PSMA7,6731,XBP1
4808,PSMB1,6525,UBE3A
4813,PSMC2,6525,UBE3A
4819,PSMD2,6525,UBE3A
4822,PSMD7,6525,UBE3A
4826,PSMF1,6252,TNKS
4826,PSMF1,6254,TNKS2
4827,PSPN,5085,RET
4827,PSPN,5405,SDC3
4828,PSTPIP1,4866,PTPN12
4828,PSTPIP1,4869,PTPN18
4831,PTBP2,5827,SRC
4832,PTCH1,5535,SHH
4832,PTCH1,5677,SLITRK5
4832,PTCH1,5711,SMO
4833,PTCH2,5535,SHH
4833,PTCH2,5711,SMO
4834,PTCHD1,6652,VPS35
4835,PTCRA,6766,ZAP70
4836,PTDSS1,5370,SCARB1
4837,PTEN,4854,PTK2
4837,PTEN,4960,RAC1
4837,PTEN,5076,RELA
4837,PTEN,5120,RHOA
4837,PTEN,5245,ROCK1
4837,PTEN,5528,SHC1
4837,PTEN,5786,SP1
4837,PTEN,5827,SRC
4837,PTEN,5887,STAT5A
4837,PTEN,5899,STK11
4837,PTEN,6275,TP53
4842,PTGER4,5283,RPS6KA3
4842,PTGER4,5813,SPP1
4845,PTGFRN,5497,SGCG
4845,PTGFRN,6200,TMEM59L
4846,PTGIR,5803,SPI1
4848,PTGS2,5832,SRF
4849,PTH,4850,PTH1R
4849,PTH,4852,PTH2R
4849,PTH,4992,RAMP2
4849,PTH,4993,RAMP3
4849,PTH,6428,TSHR
4849,PTH,6646,VIPR1
4850,PTH1R,4851,PTH2
4850,PTH1R,4853,PTHLH
4850,PTH1R,5152,RLN2
4850,PTH1R,5153,RLN3
4850,PTH1R,6427,TSHB
4850,PTH1R,6645,VIP
4851,PTH2,4852,PTH2R
4851,PTH2,4992,RAMP2
4851,PTH2,4993,RAMP3
4851,PTH2,6428,TSHR
4851,PTH2,6646,VIPR1
4852,PTH2R,4853,PTHLH
4852,PTH2R,5283,RPS6KA3
4853,PTHLH,4992,RAMP2
4853,PTHLH,4993,RAMP3
4853,PTHLH,6428,TSHR
4853,PTHLH,6646,VIPR1
4854,PTK2,4855,PTK2B
4854,PTK2,4856,PTK6
4854,PTK2,4864,PTPN1
4854,PTK2,4865,PTPN11
4854,PTK2,4866,PTPN12
4854,PTK2,4873,PTPN23
4854,PTK2,4887,PTPRG
4854,PTK2,4888,PTPRH
4854,PTK2,4912,PXN
4854,PTK2,4960,RAC1
4854,PTK2,5035,RB1CC1
4854,PTK2,5085,RET
4854,PTK2,5245,ROCK1
4854,PTK2,5512,SH3GL1
4854,PTK2,5528,SHC1
4854,PTK2,5827,SRC
4854,PTK2,6171,TLN1
4854,PTK2,6275,TP53
4854,PTK2,6393,TRIO
4854,PTK2,6672,WASL
4854,PTK2,6752,YES1
4855,PTK2B,4865,PTPN11
4855,PTK2B,4866,PTPN12
4855,PTK2B,4877,PTPN6
4855,PTK2B,4913,PYCARD
4855,PTK2B,4960,RAC1
4855,PTK2B,5035,RB1CC1
4855,PTK2B,5516,SH3KBP1
4855,PTK2B,5728,SNCA
4855,PTK2B,5827,SRC
4855,PTK2B,5876,STAP1
4855,PTK2B,5896,STIM1
4855,PTK2B,5964,SYK
4855,PTK2B,6112,TGFB1I1
4856,PTK6,4912,PXN
4856,PTK6,5838,SRMS
4856,PTK6,5877,STAP2
4856,PTK6,5885,STAT3
4856,PTK6,5887,STAT5A
4856,PTK6,5888,STAT5B
4857,PTK7,6709,WNT5A
4858,PTMA,6646,VIPR1
4860,PTN,4881,PTPRB
4860,PTN,4894,PTPRS
4860,PTN,4897,PTPRZ1
4860,PTN,5403,SDC1
4860,PTN,5404,SDC2
4860,PTN,5405,SDC3
4860,PTN,5406,SDC4
4863,PTP4A3,5913,STMN1
4864,PTPN1,4865,PTPN11
4864,PTPN1,4877,PTPN6
4864,PTPN1,4980,RAF1
4864,PTPN1,5120,RHOA
4864,PTPN1,5251,ROS1
4864,PTPN1,5827,SRC
4864,PTPN1,5874,STAM2
4864,PTPN1,5885,STAT3
4864,PTPN1,5887,STAT5A
4864,PTPN1,5888,STAT5B
4864,PTPN1,5889,STAT6
4864,PTPN1,6421,TRPV6
4864,PTPN1,6489,TYK2
4865,PTPN11,4912,PXN
4865,PTPN11,5430,SELE
4865,PTPN11,5568,SIRPA
4865,PTPN11,5816,SPRY1
4865,PTPN11,5817,SPRY2
4865,PTPN11,5827,SRC
4865,PTPN11,5883,STAT1
4865,PTPN11,5885,STAT3
4865,PTPN11,5887,STAT5A
4865,PTPN11,5888,STAT5B
4865,PTPN11,6083,TERT
4865,PTPN11,6626,VAV1
4865,PTPN11,6627,VAV2
4865,PTPN11,6628,VAV3
4866,PTPN12,4912,PXN
4866,PTPN12,5283,RPS6KA3
4866,PTPN12,5528,SHC1
4866,PTPN12,5827,SRC
4866,PTPN12,6626,VAV1
4866,PTPN12,6668,WAS
4867,PTPN13,5905,STK25
4867,PTPN13,6400,TRIP6
4867,PTPN13,6410,TRPM2
4869,PTPN18,6074,TEC
4870,PTPN2,5528,SHC1
4870,PTPN2,5827,SRC
4870,PTPN2,5883,STAT1
4870,PTPN2,5885,STAT3
4870,PTPN2,5887,STAT5A
4870,PTPN2,5888,STAT5B
4870,PTPN2,5889,STAT6
4870,PTPN2,6672,WASL
4871,PTPN21,5827,SRC
4872,PTPN22,5827,SRC
4872,PTPN22,6766,ZAP70
4873,PTPN23,5827,SRC
4874,PTPN3,6632,VCP
4877,PTPN6,5251,ROS1
4877,PTPN6,5509,SH3BP2
4877,PTPN6,5568,SIRPA
4877,PTPN6,5756,SOCS1
4877,PTPN6,5827,SRC
4877,PTPN6,5885,STAT3
4877,PTPN6,5887,STAT5A
4877,PTPN6,5888,STAT5B
4877,PTPN6,5889,STAT6
4877,PTPN6,5964,SYK
4877,PTPN6,6626,VAV1
4877,PTPN6,6627,VAV2
4877,PTPN6,6628,VAV3
4877,PTPN6,6766,ZAP70
4878,PTPN7,5283,RPS6KA3
4880,PTPRA,5821,SPTAN1
4880,PTPRA,5823,SPTBN2
4880,PTPRA,5827,SRC
4881,PTPRB,6077,TEK
4881,PTPRB,6210,TNC
4882,PTPRC,5547,SIGLEC1
4882,PTPRC,5586,SKAP1
4882,PTPRC,5679,SLK
4882,PTPRC,5803,SPI1
4882,PTPRC,6489,TYK2
4884,PTPRD,5571,SIRPG
4884,PTPRD,5673,SLITRK1
4884,PTPRD,5674,SLITRK2
4884,PTPRD,5675,SLITRK3
4884,PTPRD,5676,SLITRK4
4884,PTPRD,5677,SLITRK5
4884,PTPRD,5678,SLITRK6
4884,PTPRD,5885,STAT3
4884,PTPRD,6110,TGFA
4885,PTPRE,5827,SRC
4885,PTPRE,6752,YES1
4886,PTPRF,5085,RET
4886,PTPRF,5569,SIRPB1
4887,PTPRG,4912,PXN
4887,PTPRG,5528,SHC1
4887,PTPRG,5827,SRC
4887,PTPRG,5883,STAT1
4887,PTPRG,5884,STAT2
4887,PTPRG,5885,STAT3
4887,PTPRG,5887,STAT5A
4887,PTPRG,6631,VCL
4887,PTPRG,6766,ZAP70
4888,PTPRH,5827,SRC
4889,PTPRJ,5085,RET
4889,PTPRJ,5373,SCD5
4889,PTPRJ,5404,SDC2
4889,PTPRJ,5827,SRC
4889,PTPRJ,6124,THBS1
4889,PTPRJ,6159,TJP1
4890,PTPRK,6709,WNT5A
4890,PTPRK,6840,ZNRF3
4891,PTPRM,5548,SIGLEC10
4892,PTPRO,4912,PXN
4892,PTPRO,5554,SIGLEC7
4892,PTPRO,5555,SIGLEC8
4893,PTPRR,4912,PXN
4893,PTPRR,5885,STAT3
4894,PTPRS,5673,SLITRK1
4894,PTPRS,5674,SLITRK2
4894,PTPRS,5675,SLITRK3
4894,PTPRS,5676,SLITRK4
4894,PTPRS,5678,SLITRK6
4894,PTPRS,6211,TNF
4895,PTPRT,4912,PXN
4895,PTPRT,5885,STAT3
4897,PTPRZ1,6210,TNC
4900,PTTG1,6275,TP53
4900,PTTG1,6529,UBE4B
4901,PTTG1IP,5827,SRC
4905,PUM2,5283,RPS6KA3
4907,PURG,5281,RPS6KA1
4908,PVR,4909,PVRIG
4908,PVR,6148,TIGIT
4908,PVR,6247,TNFSF9
4908,PVR,6665,VTN
4912,PXN,5233,RNF5
4912,PXN,5827,SRC
4912,PXN,5964,SYK
4913,PYCARD,5964,SYK
4913,PYCARD,6275,TP53
4916,PYGL,5145,RIPK3
4924,QRFP,4925,QRFPR
4927,RAB11A,4959,RABGGTB
4927,RAB11A,6420,TRPV5
4927,RAB11A,6421,TRPV6
4931,RAB11FIP5,5908,STK38
4932,RAB12,5637,SLC36A4
4933,RAB14,5316,RUFY1
4934,RAB1A,6562,ULK1
4934,RAB1A,6582,USO1
4935,RAB23,5942,SUFU
4936,RAB2A,6396,TRIP11
4938,RAB34,5827,SRC
4941,RAB3A,4943,RAB3GAP1
4941,RAB3A,4958,RABGGTA
4941,RAB3A,4959,RABGGTB
4941,RAB3A,5134,RIMS1
4941,RAB3A,5135,RIMS2
4941,RAB3A,5136,RIMS3
4941,RAB3A,5261,RPH3A
4941,RAB3A,5966,SYN1
4942,RAB3C,5134,RIMS1
4942,RAB3C,5135,RIMS2
4942,RAB3C,5136,RIMS3
4944,RAB3IP,5908,STK38
4944,RAB3IP,5909,STK38L
4945,RAB4A,5316,RUFY1
4946,RAB5A,4955,RABEP1
4946,RAB5A,4957,RABGEF1
4946,RAB5A,4958,RABGGTA
4946,RAB5A,4959,RABGGTB
4946,RAB5A,5950,SUN2
4949,RAB6A,6650,VPS13B
4950,RAB6B,6650,VPS13B
4951,RAB6C,6650,VPS13B
4952,RAB7A,4960,RAC1
4953,RAB8A,5258,RPGR
4953,RAB8A,5904,STK24
4954,RAB9A,4956,RABEPK
4955,RABEP1,4957,RABGEF1
4958,RABGGTA,6275,TP53
4960,RAC1,4963,RACGAP1
4960,RAC1,4987,RALBP1
4960,RAC1,5004,RAP1GDS1
4960,RAC1,5025,RASGRF1
4960,RAC1,5026,RASGRF2
4960,RAC1,5120,RHOA
4960,RAC1,5123,RHOH
4960,RAC1,5245,ROCK1
4960,RAC1,5406,SDC4
4960,RAC1,5478,SET
4960,RAC1,5508,SH3BP1
4960,RAC1,5773,SOS1
4960,RAC1,5827,SRC
4960,RAC1,5833,SRGAP1
4960,RAC1,5834,SRGAP2
4960,RAC1,5835,SRGAP3
4960,RAC1,5885,STAT3
4960,RAC1,5963,SYDE2
4960,RAC1,6007,TAGAP
4960,RAC1,6084,TESK1
4960,RAC1,6115,TGFBR1
4960,RAC1,6143,TIAM1
4960,RAC1,6144,TIAM2
4960,RAC1,6393,TRIO
4960,RAC1,6604,USP6
4960,RAC1,6626,VAV1
4960,RAC1,6627,VAV2
4960,RAC1,6628,VAV3
4961,RAC2,5004,RAP1GDS1
4961,RAC2,5519,SH3RF1
4964,RAD1,6271,TOPBP1
4965,RAD17,4975,RAD9A
4966,RAD18,4972,RAD51C
4966,RAD18,5236,RNF8
4966,RAD18,6513,UBE2I
4967,RAD21,5317,RUNX1
4967,RAD21,5872,STAG2
4969,RAD50,5042,RBL2
4969,RAD50,5139,RINT1
4970,RAD51,4971,RAD51AP1
4970,RAD51,4973,RAD52
4970,RAD51,5072,RECQL5
4970,RAD51,5962,SYCP3
4970,RAD51,6275,TP53
4970,RAD51,6745,XRCC3
4973,RAD52,6719,WRN
4975,RAD9A,6169,TLK1
4975,RAD9A,6271,TOPBP1
4980,RAF1,5000,RAP1A
4980,RAF1,5117,RHEB
4980,RAF1,5283,RPS6KA3
4980,RAF1,5295,RRAS
4980,RAF1,5818,SPRY4
4980,RAF1,5827,SRC
4980,RAF1,5906,STK3
4980,RAF1,5911,STK4
4980,RAF1,6257,TNNT2
4980,RAF1,6684,WDR83
4980,RAF1,6762,YWHAH
4981,RAG1,6513,UBE2I
4983,RAI1,5014,RARA
4985,RALA,4987,RALBP1
4985,RALA,4989,RALGDS
4986,RALB,4987,RALBP1
4989,RALGDS,5000,RAP1A
4989,RALGDS,5005,RAP2A
4989,RALGDS,5137,RIN1
4989,RALGDS,5147,RIT1
4991,RAMP1,6645,VIP
4992,RAMP2,5152,RLN2
4992,RAMP2,5153,RLN3
4992,RAMP2,6427,TSHB
4992,RAMP2,6645,VIP
4993,RAMP3,5152,RLN2
4993,RAMP3,5153,RLN3
4993,RAMP3,6427,TSHB
4993,RAMP3,6645,VIP
4994,RAN,6742,XPOT
4995,RANBP17,6053,TCF3
4996,RANBP2,4999,RANGAP1
4996,RANBP2,6056,TCF7L2
4996,RANBP2,6259,TNPO1
4997,RANBP3,5281,RPS6KA1
4997,RANBP3,5283,RPS6KA3
4997,RANBP3,5686,SMAD2
4997,RANBP3,5687,SMAD3
4999,RANGAP1,6513,UBE2I
5000,RAP1A,5002,RAP1GAP
5000,RAP1A,5004,RAP1GDS1
5000,RAP1A,5006,RAPGEF1
5000,RAP1A,5007,RAPGEF2
5000,RAP1A,5008,RAPGEF3
5000,RAP1A,5009,RAPGEF4
5000,RAP1A,5010,RAPGEF5
5000,RAP1A,5029,RASGRP3
5000,RAP1A,5566,SIPA1
5000,RAP1A,6424,TSC2
5001,RAP1B,5002,RAP1GAP
5001,RAP1B,5004,RAP1GDS1
5001,RAP1B,5008,RAPGEF3
5001,RAP1B,5009,RAPGEF4
5001,RAP1B,5283,RPS6KA3
5002,RAP1GAP,5283,RPS6KA3
5004,RAP1GDS1,5120,RHOA
5004,RAP1GDS1,5121,RHOB
5004,RAP1GDS1,5122,RHOC
5005,RAP2A,5007,RAPGEF2
5006,RAPGEF1,5827,SRC
5009,RAPGEF4,5134,RIMS1
5012,RAPH1,6625,VASP
5013,RAPSN,6513,UBE2I
5014,RARA,5015,RARB
5014,RARA,5016,RARG
5014,RARA,5017,RARRES1
5014,RARA,5055,RBP1
5014,RARA,5285,RPS6KA5
5014,RARA,5326,RXRA
5014,RARA,5327,RXRB
5014,RARA,5328,RXRG
5014,RARA,5719,SMYD5
5014,RARA,5947,SUMO2
5014,RARA,6135,THRA
5014,RARA,6184,TLX2
5015,RARB,5016,RARG
5015,RARB,5326,RXRA
5015,RARB,5327,RXRB
5015,RARB,5328,RXRG
5015,RARB,6135,THRA
5016,RARG,5326,RXRA
5016,RARG,5327,RXRB
5016,RARG,6135,THRA
5019,RASA1,5758,SOCS3
5019,RASA1,5827,SRC
5026,RASGRF2,5120,RHOA
5030,RASSF1,5031,RASSF5
5030,RASSF1,5906,STK3
5030,RASSF1,5911,STK4
5032,RASSF6,5906,STK3
5034,RB1,5717,SMYD2
5034,RB1,6183,TLX1
5034,RB1,6275,TP53
5034,RB1,6396,TRIP11
5034,RB1,6539,UBTF
5034,RB1,6765,YY1
5035,RB1CC1,6275,TP53
5035,RB1CC1,6423,TSC1
5035,RB1CC1,6562,ULK1
5035,RB1CC1,6563,ULK2
5037,RBBP6,6513,UBE2I
5037,RBBP6,6751,YBX1
5039,RBBP8,5577,SIRT6
5039,RBBP8,5800,SPEN
5040,RBCK1,6513,UBE2I
5042,RBL2,5283,RPS6KA3
5045,RBM15,5283,RPS6KA3
5045,RBM15,5764,SON
5050,RBM4,5843,SRPK1
5050,RBM4,6722,WT1
5052,RBM7,5283,RPS6KA3
5053,RBM8A,5843,SRPK1
5055,RBP1,5516,SH3KBP1
5055,RBP1,5528,SHC1
5057,RBP4,5920,STRA6
5058,RBPJ,5748,SNW1
5058,RBPJ,5800,SPEN
5060,RBX1,6513,UBE2I
5060,RBX1,6517,UBE2M
5060,RBX1,6587,USP15
5061,RC3H1,6513,UBE2I
5062,RC3H2,6513,UBE2I
5064,RCC1,5906,STK3
5065,RCHY1,6275,TP53
5065,RCHY1,6513,UBE2I
5066,RCOR1,5084,REST
5066,RCOR1,5947,SUMO2
5068,RDX,5120,RHOA
5068,RDX,5245,ROCK1
5068,RDX,5246,ROCK2
5068,RDX,5664,SLC9A1
5068,RDX,6649,VPS11
5070,RECK,6148,TIGIT
5070,RECK,6712,WNT7A
5071,RECQL4,6275,TP53
5071,RECQL4,6536,UBR1
5071,RECQL4,6537,UBR2
5075,REL,5283,RPS6KA3
5075,REL,6035,TBK1
5076,RELA,5260,RPGRIP1L
5076,RELA,5281,RPS6KA1
5076,RELA,5283,RPS6KA3
5076,RELA,5284,RPS6KA4
5076,RELA,5285,RPS6KA5
5076,RELA,5572,SIRT1
5076,RELA,5577,SIRT6
5076,RELA,5786,SP1
5076,RELA,5883,STAT1
5076,RELA,5885,STAT3
5076,RELA,6035,TBK1
5076,RELA,6425,TSC22D3
5076,RELA,6483,TWIST1
5077,RELB,5572,SIRT1
5079,RELN,6648,VLDLR
5085,RET,5528,SHC1
5085,RET,5777,SOX10
5085,RET,5827,SRC
5085,RET,5885,STAT3
5085,RET,6637,VEGFA
5085,RET,6638,VEGFB
5086,RETN,6177,TLR4
5087,RETNLB,5889,STAT6
5088,REV1,5089,REV3L
5089,REV3L,6275,TP53
5092,RFFL,5143,RIPK1
5092,RFFL,6513,UBE2I
5094,RFPL1,6513,UBE2I
5095,RFPL2,6513,UBE2I
5096,RFPL3,6513,UBE2I
5097,RFPL4B,6513,UBE2I
5098,RFWD3,5253,RPA1
5098,RFWD3,6275,TP53
5098,RFWD3,6513,UBE2I
5102,RGMA,6107,TFR2
5107,RGS16,5827,SRC
5107,RGS16,6275,TP53
5110,RGS2,6421,TRPV6
5117,RHEB,6423,TSC1
5117,RHEB,6424,TSC2
5120,RHOA,5245,ROCK1
5120,RHOA,5246,ROCK2
5120,RHOA,5679,SLK
5120,RHOA,5715,SMURF1
5120,RHOA,5827,SRC
5120,RHOA,5880,STARD13
5120,RHOA,5882,STARD8
5120,RHOA,5889,STAT6
5120,RHOA,6007,TAGAP
5120,RHOA,6115,TGFBR1
5120,RHOA,6212,TNFAIP1
5120,RHOA,6393,TRIO
5120,RHOA,6626,VAV1
5120,RHOA,6627,VAV2
5120,RHOA,6628,VAV3
5123,RHOH,6766,ZAP70
5126,RHOU,5827,SRC
5127,RICTOR,5287,RPS6KB1
5128,RIF1,6277,TP53BP1
5130,RIMBP2,5134,RIMS1
5130,RIMBP2,5135,RIMS2
5130,RIMBP2,5136,RIMS3
5131,RIMBP3,5134,RIMS1
5131,RIMBP3,5135,RIMS2
5131,RIMBP3,5136,RIMS3
5132,RIMBP3B,5134,RIMS1
5132,RIMBP3B,5135,RIMS2
5132,RIMBP3B,5136,RIMS3
5133,RIMBP3C,5134,RIMS1
5133,RIMBP3C,5135,RIMS2
5133,RIMBP3C,5136,RIMS3
5134,RIMS1,5261,RPH3A
5134,RIMS1,5611,SLC17A7
5134,RIMS1,5612,SLC18A2
5134,RIMS1,5613,SLC18A3
5134,RIMS1,5977,SYT1
5134,RIMS1,6565,UNC13B
5134,RIMS1,6762,YWHAH
5135,RIMS2,5283,RPS6KA3
5135,RIMS2,6565,UNC13B
5136,RIMS3,6565,UNC13B
5137,RIN1,5149,RLF
5137,RIN1,5283,RPS6KA3
5137,RIN1,6762,YWHAH
5138,RING1,6513,UBE2I
5139,RINT1,6613,UVRAG
5143,RIPK1,5145,RIPK3
5143,RIPK1,5217,RNF216
5143,RIPK1,5985,TAB2
5143,RIPK1,5986,TAB3
5143,RIPK1,6145,TICAM1
5143,RIPK1,6213,TNFAIP3
5143,RIPK1,6216,TNFRSF10A
5143,RIPK1,6217,TNFRSF10B
5143,RIPK1,6229,TNFRSF1A
5143,RIPK1,6237,TNFSF10
5143,RIPK1,6304,TRADD
5143,RIPK1,6306,TRAF2
5143,RIPK1,6311,TRAF6
5144,RIPK2,5827,SRC
5144,RIPK2,6311,TRAF6
5144,RIPK2,6518,UBE2N
5144,RIPK2,6523,UBE2V1
5145,RIPK3,6229,TNFRSF1A
5145,RIPK3,6306,TRAF2
5145,RIPK3,6768,ZBP1
5147,RIT1,5149,RLF
5149,RLF,5323,RXFP2
5149,RLF,6513,UBE2I
5150,RLIM,5691,SMAD7
5150,RLIM,6513,UBE2I
5150,RLIM,6789,ZFP42
5151,RLN1,5322,RXFP1
5151,RLN1,5323,RXFP2
5152,RLN2,5322,RXFP1
5152,RLN2,5323,RXFP2
5152,RLN2,5324,RXFP3
5152,RLN2,6428,TSHR
5152,RLN2,6646,VIPR1
5153,RLN3,5322,RXFP1
5153,RLN3,5323,RXFP2
5153,RLN3,5324,RXFP3
5153,RLN3,5325,RXFP4
5153,RLN3,6428,TSHR
5153,RLN3,6646,VIPR1
5154,RMND5A,6513,UBE2I
5155,RMND5B,6513,UBE2I
5156,RNASE2,5803,SPI1
5156,RNASE2,6175,TLR2
5159,RND3,5245,ROCK1
5159,RND3,6016,TAOK2
5160,RNF10,6513,UBE2I
5161,RNF103,6513,UBE2I
5162,RNF11,6513,UBE2I
5163,RNF111,5588,SKI
5163,RNF111,5589,SKIL
5163,RNF111,5686,SMAD2
5163,RNF111,5687,SMAD3
5163,RNF111,5691,SMAD7
5163,RNF111,6513,UBE2I
5164,RNF112,6513,UBE2I
5165,RNF113A,6513,UBE2I
5166,RNF113B,6513,UBE2I
5167,RNF114,6513,UBE2I
5168,RNF115,6513,UBE2I
5169,RNF121,6513,UBE2I
5170,RNF122,6513,UBE2I
5171,RNF123,6513,UBE2I
5172,RNF125,6513,UBE2I
5173,RNF126,6513,UBE2I
5174,RNF128,6513,UBE2I
5175,RNF13,5727,SNAPIN
5176,RNF130,6513,UBE2I
5177,RNF133,6513,UBE2I
5178,RNF135,6513,UBE2I
5179,RNF138,6056,TCF7L2
5179,RNF138,6513,UBE2I
5179,RNF138,6515,UBE2K
5180,RNF139,5830,SREBF1
5180,RNF139,5831,SREBF2
5180,RNF139,6513,UBE2I
5181,RNF14,6513,UBE2I
5182,RNF141,6513,UBE2I
5183,RNF144A,6513,UBE2I
5184,RNF144B,6275,TP53
5184,RNF144B,6513,UBE2I
5185,RNF145,6513,UBE2I
5186,RNF146,6252,TNKS
5186,RNF146,6254,TNKS2
5186,RNF146,6513,UBE2I
5187,RNF148,6513,UBE2I
5188,RNF149,6513,UBE2I
5189,RNF150,6513,UBE2I
5190,RNF151,6513,UBE2I
5191,RNF152,6513,UBE2I
5192,RNF157,6513,UBE2I
5193,RNF165,6513,UBE2I
5194,RNF166,6513,UBE2I
5195,RNF167,5621,SLC22A18
5195,RNF167,6509,UBE2E1
5195,RNF167,6513,UBE2I
5196,RNF168,5236,RNF8
5196,RNF168,6397,TRIP12
5196,RNF168,6513,UBE2I
5196,RNF168,6538,UBR5
5197,RNF169,6513,UBE2I
5198,RNF17,6513,UBE2I
5199,RNF170,6513,UBE2I
5200,RNF175,6513,UBE2I
5201,RNF180,6513,UBE2I
5201,RNF180,6806,ZIC2
5202,RNF181,6513,UBE2I
5203,RNF182,6513,UBE2I
5204,RNF183,6513,UBE2I
5205,RNF185,6513,UBE2I
5206,RNF186,6513,UBE2I
5207,RNF19A,5729,SNCAIP
5207,RNF19A,6513,UBE2I
5208,RNF19B,6510,UBE2E2
5208,RNF19B,6513,UBE2I
5208,RNF19B,6516,UBE2L3
5208,RNF19B,6546,UCKL1
5209,RNF2,6499,UBAP2L
5209,RNF2,6513,UBE2I
5210,RNF20,5229,RNF40
5210,RNF20,6513,UBE2I
5211,RNF207,6513,UBE2I
5212,RNF208,6513,UBE2I
5212,RNF208,6644,VIM
5213,RNF212,6513,UBE2I
5214,RNF213,6513,UBE2I
5215,RNF214,6513,UBE2I
5216,RNF215,6513,UBE2I
5217,RNF216,6145,TICAM1
5217,RNF216,6157,TIRAP
5217,RNF216,6177,TLR4
5217,RNF216,6182,TLR9
5217,RNF216,6513,UBE2I
5218,RNF217,6513,UBE2I
5219,RNF220,5565,SIN3B
5219,RNF220,6513,UBE2I
5220,RNF24,6403,TRPC3
5220,RNF24,6404,TRPC4
5220,RNF24,6407,TRPC6
5220,RNF24,6513,UBE2I
5221,RNF25,6513,UBE2I
5222,RNF26,5826,SQSTM1
5222,RNF26,6513,UBE2I
5223,RNF31,6513,UBE2I
5224,RNF32,6513,UBE2I
5225,RNF34,6513,UBE2I
5226,RNF38,6513,UBE2I
5227,RNF39,6513,UBE2I
5228,RNF4,6513,UBE2I
5229,RNF40,6513,UBE2I
5230,RNF41,6513,UBE2I
5230,RNF41,6607,USP8
5231,RNF43,5305,RSPO1
5231,RNF43,5306,RSPO2
5231,RNF43,5307,RSPO3
5231,RNF43,5308,RSPO4
5231,RNF43,6513,UBE2I
5232,RNF44,6513,UBE2I
5233,RNF5,5629,SLC26A4
5233,RNF5,6513,UBE2I
5234,RNF6,6513,UBE2I
5235,RNF7,6513,UBE2I
5236,RNF8,5326,RXRA
5236,RNF8,6513,UBE2I
5236,RNF8,6518,UBE2N
5237,RNFT1,6513,UBE2I
5238,RNFT2,6513,UBE2I
5241,ROBO1,5670,SLIT1
5241,ROBO1,5671,SLIT2
5241,ROBO1,5672,SLIT3
5242,ROBO2,5670,SLIT1
5242,ROBO2,5671,SLIT2
5242,ROBO2,5672,SLIT3
5243,ROBO3,5671,SLIT2
5244,ROBO4,5671,SLIT2
5244,ROBO4,5672,SLIT3
5245,ROCK1,5398,SCRIB
5245,ROCK1,5785,SOX9
5245,ROCK1,6275,TP53
5245,ROCK1,6424,TSC2
5245,ROCK1,6644,VIM
5246,ROCK2,5513,SH3GL2
5246,ROCK2,5771,SORL1
5246,ROCK2,5827,SRC
5246,ROCK2,6644,VIM
5247,ROR1,5827,SRC
5247,ROR1,6707,WNT3A
5247,ROR1,6709,WNT5A
5248,ROR2,5984,TAB1
5248,ROR2,6699,WNT1
5248,ROR2,6706,WNT3
5248,ROR2,6709,WNT5A
5249,RORA,5946,SUMO1
5253,RPA1,6155,TIPIN
5258,RPGR,5259,RPGRIP1
5262,RPL10,6752,YES1
5263,RPL11,6285,TP73
5263,RPL11,6422,TRRAP
5266,RPL5,6285,TP73
5275,RPS19BP1,5572,SIRT1
5276,RPS27A,6544,UCHL3
5276,RPS27A,6606,USP7
5276,RPS27A,6608,USP9X
5277,RPS27L,6275,TP53
5280,RPS6,5281,RPS6KA1
5280,RPS6,5283,RPS6KA3
5280,RPS6,5287,RPS6KB1
5280,RPS6,5288,RPS6KB2
5281,RPS6KA1,5282,RPS6KA2
5281,RPS6KA1,5283,RPS6KA3
5281,RPS6KA1,5287,RPS6KB1
5281,RPS6KA1,5291,RPTOR
5281,RPS6KA1,5456,SENP2
5281,RPS6KA1,5567,SIPA1L1
5281,RPS6KA1,5650,SLC4A3
5281,RPS6KA1,5664,SLC9A1
5281,RPS6KA1,5773,SOS1
5281,RPS6KA1,5832,SRF
5281,RPS6KA1,5899,STK11
5281,RPS6KA1,6031,TBC1D4
5281,RPS6KA1,6082,TERF2IP
5281,RPS6KA1,6166,TLE3
5281,RPS6KA1,6424,TSC2
5281,RPS6KA1,6538,UBR5
5281,RPS6KA1,6625,VASP
5281,RPS6KA1,6724,WWC1
5281,RPS6KA1,6751,YBX1
5282,RPS6KA2,5287,RPS6KB1
5282,RPS6KA2,5301,RRN3
5282,RPS6KA2,5664,SLC9A1
5282,RPS6KA2,5832,SRF
5282,RPS6KA2,5899,STK11
5282,RPS6KA2,6424,TSC2
5283,RPS6KA3,5287,RPS6KB1
5283,RPS6KA3,5291,RPTOR
5283,RPS6KA3,5292,RRAD
5283,RPS6KA3,5301,RRN3
5283,RPS6KA3,5303,RSF1
5283,RPS6KA3,5331,RYR1
5283,RPS6KA3,5332,RYR2
5283,RPS6KA3,5342,S1PR1
5283,RPS6KA3,5352,SAP30
5283,RPS6KA3,5356,SASH1
5283,RPS6KA3,5357,SASH3
5283,RPS6KA3,5385,SCN2A
5283,RPS6KA3,5389,SCN4A
5283,RPS6KA3,5404,SDC2
5283,RPS6KA3,5421,SEC24B
5283,RPS6KA3,5485,SF1
5283,RPS6KA3,5523,SHANK2
5283,RPS6KA3,5624,SLC24A2
5283,RPS6KA3,5664,SLC9A1
5283,RPS6KA3,5666,SLC9A3R1
5283,RPS6KA3,5686,SMAD2
5283,RPS6KA3,5687,SMAD3
5283,RPS6KA3,5701,SMARCC1
5283,RPS6KA3,5702,SMARCC2
5283,RPS6KA3,5737,SNPH
5283,RPS6KA3,5765,SORBS1
5283,RPS6KA3,5794,SPAG9
5283,RPS6KA3,5822,SPTBN1
5283,RPS6KA3,5824,SPTBN4
5283,RPS6KA3,5827,SRC
5283,RPS6KA3,5832,SRF
5283,RPS6KA3,5846,SRRM1
5283,RPS6KA3,5847,SRRM2
5283,RPS6KA3,5862,SSTR3
5283,RPS6KA3,5899,STK11
5283,RPS6KA3,5913,STMN1
5283,RPS6KA3,5966,SYN1
5283,RPS6KA3,5975,SYNRG
5283,RPS6KA3,6002,TAF2
5283,RPS6KA3,6031,TBC1D4
5283,RPS6KA3,6043,TBX21
5283,RPS6KA3,6047,TCAP
5283,RPS6KA3,6052,TCF20
5283,RPS6KA3,6083,TERT
5283,RPS6KA3,6122,TH
5283,RPS6KA3,6135,THRA
5283,RPS6KA3,6136,THRAP3
5283,RPS6KA3,6154,TINF2
5283,RPS6KA3,6160,TJP2
5283,RPS6KA3,6253,TNKS1BP1
5283,RPS6KA3,6256,TNNI3
5283,RPS6KA3,6270,TOP2B
5283,RPS6KA3,6275,TP53
5283,RPS6KA3,6289,TPH1
5283,RPS6KA3,6302,TPX2
5283,RPS6KA3,6303,TRA2B
5283,RPS6KA3,6345,TRIM28
5283,RPS6KA3,6397,TRIP12
5283,RPS6KA3,6422,TRRAP
5283,RPS6KA3,6424,TSC2
5283,RPS6KA3,6496,UBA1
5283,RPS6KA3,6532,UBN1
5283,RPS6KA3,6607,USP8
5283,RPS6KA3,6625,VASP
5283,RPS6KA3,6640,VGLL1
5283,RPS6KA3,6644,VIM
5283,RPS6KA3,6665,VTN
5283,RPS6KA3,6690,WIPF1
5283,RPS6KA3,6722,WT1
5283,RPS6KA3,6724,WWC1
5283,RPS6KA3,6740,XPO1
5283,RPS6KA3,6751,YBX1
5283,RPS6KA3,6759,YWHAB
5283,RPS6KA3,6762,YWHAH
5283,RPS6KA3,6764,YWHAZ
5283,RPS6KA3,6787,ZFP36
5285,RPS6KA5,5883,STAT1
5285,RPS6KA5,5885,STAT3
5285,RPS6KA5,5899,STK11
5285,RPS6KA5,6122,TH
5285,RPS6KA5,6695,WNK1
5286,RPS6KA6,5899,STK11
5287,RPS6KB1,5827,SRC
5287,RPS6KB1,5899,STK11
5287,RPS6KB1,5902,STK17B
5287,RPS6KB1,6021,TARBP2
5287,RPS6KB1,6275,TP53
5287,RPS6KB1,6284,TP63
5287,RPS6KB1,6330,TRIB2
5287,RPS6KB1,6539,UBTF
5287,RPS6KB1,6773,ZBTB49
5288,RPS6KB2,5291,RPTOR
5288,RPS6KB2,5827,SRC
5291,RPTOR,5293,RRAGC
5291,RPTOR,5294,RRAGD
5291,RPTOR,6562,ULK1
5291,RPTOR,6563,ULK2
5291,RPTOR,6763,YWHAQ
5292,RRAD,5498,SGK1
5295,RRAS,5827,SRC
5297,RREB1,5498,SGK1
5298,RRM1,5300,RRM2B
5300,RRM2B,6275,TP53
5305,RSPO1,6840,ZNRF3
5306,RSPO2,5406,SDC4
5306,RSPO2,6840,ZNRF3
5307,RSPO3,5406,SDC4
5307,RSPO3,6840,ZNRF3
5308,RSPO4,6840,ZNRF3
5309,RSPRY1,6513,UBE2I
5311,RTKN,6025,TAX1BP3
5313,RTN4,5314,RTN4R
5313,RTN4,5315,RTN4RL1
5313,RTN4,5343,S1PR2
5313,RTN4,6228,TNFRSF19
5318,RUNX2,5685,SMAD1
5318,RUNX2,5687,SMAD3
5318,RUNX2,5715,SMURF1
5318,RUNX2,6728,WWTR1
5318,RUNX2,6750,YAP1
5326,RXRA,5827,SRC
5326,RXRA,6121,TGS1
5326,RXRA,6135,THRA
5326,RXRA,6137,THRB
5326,RXRA,6636,VDR
5327,RXRB,6135,THRA
5327,RXRB,6137,THRB
5327,RXRB,6636,VDR
5328,RXRG,6135,THRA
5328,RXRG,6137,THRB
5328,RXRG,6636,VDR
5330,RYK,6689,WIF1
5330,RYK,6699,WNT1
5330,RYK,6706,WNT3
5330,RYK,6707,WNT3A
5330,RYK,6709,WNT5A
5331,RYR1,5333,S100A1
5331,RYR1,5837,SRI
5332,RYR2,5333,S100A1
5333,S100A1,6177,TLR4
5333,S100A1,6411,TRPM3
5334,S100A10,6420,TRPV5
5334,S100A10,6421,TRPV6
5336,S100A12,6177,TLR4
5337,S100A2,6275,TP53
5339,S100A8,6177,TLR4
5340,S100A9,6177,TLR4
5342,S1PR1,5813,SPP1
5342,S1PR1,6782,ZDHHC5
5347,SAA1,5370,SCARB1
5347,SAA1,6175,TLR2
5351,SAP18,5942,SUFU
5353,SAR1A,5417,SEC23A
5353,SAR1A,5418,SEC23B
5353,SAR1A,5420,SEC24A
5353,SAR1A,5421,SEC24B
5353,SAR1A,5422,SEC24C
5353,SAR1A,5423,SEC24D
5353,SAR1A,5578,SIRT7
5354,SARM1,6145,TICAM1
5361,SATB2,6284,TP63
5362,SAV1,5906,STK3
5362,SAV1,5911,STK4
5367,SCAP,5830,SREBF1
5367,SCAP,5831,SREBF2
5368,SCARA3,6275,TP53
5369,SCARA5,6666,VWF
5370,SCARB1,5827,SRC
5370,SCARB1,6124,THBS1
5372,SCD,6275,TP53
5373,SCD5,6111,TGFB1
5385,SCN2A,5498,SGK1
5388,SCN3B,6275,TP53
5389,SCN4A,5742,SNTA1
5390,SCN5A,5742,SNTA1
5390,SCN5A,5746,SNTG2
5397,SCP2,6495,TYSND1
5399,SCTR,6645,VIP
5400,SCUBE2,5535,SHH
5403,SDC1,5670,SLIT1
5403,SDC1,5671,SLIT2
5403,SDC1,5827,SRC
5403,SDC1,6124,THBS1
5403,SDC1,6125,THBS2
5403,SDC1,6126,THBS3
5403,SDC1,6127,THBS4
5403,SDC1,6210,TNC
5404,SDC2,5469,SERPINC1
5404,SDC2,5827,SRC
5404,SDC2,6111,TGFB1
5404,SDC2,6240,TNFSF13
5406,SDC4,5827,SRC
5406,SDC4,6105,TFPI
5406,SDC4,6119,TGM2
5406,SDC4,6124,THBS1
5406,SDC4,6210,TNC
5406,SDC4,6665,VTN
5407,SDCBP,5782,SOX4
5407,SDCBP,5827,SRC
5407,SDCBP,6562,ULK1
5410,SDHAF2,5411,SDHB
5412,SDK1,6759,YWHAB
5412,SDK1,6762,YWHAH
5412,SDK1,6764,YWHAZ
5415,SEC16A,6103,TFG
5415,SEC16A,6562,ULK1
5416,SEC16B,6103,TFG
5417,SEC23A,5419,SEC23IP
5417,SEC23A,6562,ULK1
5418,SEC23B,5419,SEC23IP
5418,SEC23B,6562,ULK1
5426,SEC62,5427,SEC63
5430,SELE,5433,SELPLG
5430,SELE,5474,SERPING1
5430,SELE,6630,VCAN
5431,SELL,5433,SELPLG
5431,SELL,6569,UNC5D
5431,SELL,6630,VCAN
5432,SELP,5433,SELPLG
5432,SELP,5474,SERPING1
5432,SELP,6630,VCAN
5432,SELP,6666,VWF
5433,SELPLG,5552,SIGLEC5
5433,SELPLG,6630,VCAN
5446,SEMA4G,5447,SEMA5A
5452,SEMA6D,6320,TREM2
5452,SEMA6D,6493,TYROBP
5453,SEMA7A,6569,UNC5D
5455,SENP1,6345,TRIM28
5456,SENP2,6056,TCF7L2
5457,SENP3,5947,SUMO2
5464,SERPINA7,5609,SLC16A2
5465,SERPINB1,5803,SPI1
5467,SERPINB5,6275,TP53
5471,SERPINE1,6275,TP53
5476,SESN1,6275,TP53
5477,SESTD1,6406,TRPC5
5478,SET,5479,SETBP1
5481,SETD2,5883,STAT1
5481,SETD2,6464,TUBA1B
5481,SETD2,6486,TXN
5482,SETD7,5998,TAF10
5482,SETD7,6275,TP53
5483,SETDB1,6345,TRIM28
5485,SF1,6555,UHMK1
5488,SFN,5720,SNAI1
5488,SFN,6275,TP53
5488,SFN,6342,TRIM25
5489,SFPQ,6136,THRAP3
5489,SFPQ,6268,TOP1
5490,SFRP1,6699,WNT1
5490,SFRP1,6704,WNT2
5490,SFRP1,6708,WNT4
5491,SFRP2,6699,WNT1
5491,SFRP2,6708,WNT4
5493,SFTPA1,6175,TLR2
5496,SFTPD,5568,SIRPA
5496,SFTPD,6177,TLR4
5498,SGK1,5616,SLC1A3
5498,SGK1,5634,SLC2A4
5498,SGK1,5665,SLC9A3
5498,SGK1,5667,SLC9A3R2
5498,SGK1,5711,SMO
5498,SGK1,5846,SRRM1
5498,SGK1,6031,TBC1D4
5498,SGK1,6052,TCF20
5498,SGK1,6253,TNKS1BP1
5498,SGK1,6255,TNNI2
5498,SGK1,6625,VASP
5498,SGK1,6695,WNK1
5498,SGK1,6698,WNK4
5502,SH2B1,5964,SYK
5503,SH2B2,6627,VAV2
5504,SH2B3,6766,ZAP70
5505,SH2D1A,6275,TP53
5507,SH2D3C,5827,SRC
5509,SH3BP2,5827,SRC
5509,SH3BP2,5964,SYK
5509,SH3BP2,6626,VAV1
5509,SH3BP2,6628,VAV3
5509,SH3BP2,6766,ZAP70
5510,SH3BP4,6108,TFRC
5512,SH3GL1,5827,SRC
5515,SH3GLB1,5827,SRC
5515,SH3GLB1,6613,UVRAG
5516,SH3KBP1,5816,SPRY1
5516,SH3KBP1,5861,SSTR2
5517,SH3PXD2A,5827,SRC
5518,SH3PXD2B,5827,SRC
5519,SH3RF1,6513,UBE2I
5520,SH3RF2,6513,UBE2I
5521,SH3RF3,6513,UBE2I
5522,SHANK1,5861,SSTR2
5527,SHBG,5638,SLC37A1
5528,SHC1,5773,SOS1
5528,SHC1,5827,SRC
5528,SHC1,5964,SYK
5528,SHC1,6077,TEK
5528,SHC1,6103,TFG
5528,SHC1,6115,TGFBR1
5528,SHC1,6766,ZAP70
5535,SHH,5677,SLITRK5
5535,SHH,5711,SMO
5537,SHMT2,5576,SIRT5
5540,SHPRH,6513,UBE2I
5540,SHPRH,6524,UBE2V2
5543,SIAH1,5729,SNCAIP
5543,SIAH1,6275,TP53
5543,SIAH1,6513,UBE2I
5544,SIAH2,5729,SNCAIP
5544,SIAH2,6513,UBE2I
5544,SIAH2,6627,VAV2
5545,SIAH3,6513,UBE2I
5547,SIGLEC1,5552,SIGLEC5
5547,SIGLEC1,5808,SPN
5548,SIGLEC10,5551,SIGLEC15
5548,SIGLEC10,5554,SIGLEC7
5548,SIGLEC10,5555,SIGLEC8
5548,SIGLEC10,5556,SIGLEC9
5548,SIGLEC10,6234,TNFRSF6B
5550,SIGLEC14,5551,SIGLEC15
5550,SIGLEC14,5552,SIGLEC5
5550,SIGLEC14,5555,SIGLEC8
5551,SIGLEC15,5556,SIGLEC9
5551,SIGLEC15,6569,UNC5D
5554,SIGLEC7,5555,SIGLEC8
5554,SIGLEC7,5556,SIGLEC9
5554,SIGLEC7,6149,TIMD4
5554,SIGLEC7,6221,TNFRSF11B
5555,SIGLEC8,5556,SIGLEC9
5555,SIGLEC8,6089,TEX101
5555,SIGLEC8,6323,TREML4
5556,SIGLEC9,6221,TNFRSF11B
5557,SIK1,5691,SMAD7
5557,SIK1,5830,SREBF1
5557,SIK1,5899,STK11
5557,SIK1,6275,TP53
5558,SIK2,5899,STK11
5559,SIK3,5899,STK11
5560,SIKE1,6035,TBK1
5565,SIN3B,6275,TP53
5568,SIRPA,6148,TIGIT
5568,SIRPA,6300,TPSG1
5568,SIRPA,6637,VEGFA
5568,SIRPA,6666,VWF
5572,SIRT1,5691,SMAD7
5572,SIRT1,5887,STAT5A
5572,SIRT1,5954,SUV39H1
5572,SIRT1,6001,TAF1A
5572,SIRT1,6275,TP53
5572,SIRT1,6594,USP22
5572,SIRT1,6719,WRN
5572,SIRT1,6731,XBP1
5572,SIRT1,6738,XPA
5572,SIRT1,6748,XRCC6
5573,SIRT2,5827,SRC
5573,SIRT2,6469,TUBA4A
5574,SIRT3,5762,SOD2
5574,SIRT3,6748,XRCC6
5577,SIRT6,5830,SREBF1
5577,SIRT6,6211,TNF
5578,SIRT7,6275,TP53
5580,SIVA1,6489,TYK2
5582,SIX3,6164,TLE1
5582,SIX3,6699,WNT1
5583,SIX6,6164,TLE1
5588,SKI,5685,SMAD1
5588,SKI,5686,SMAD2
5588,SKI,5687,SMAD3
5588,SKI,5688,SMAD4
5588,SKI,5689,SMAD5
5589,SKIL,5685,SMAD1
5589,SKIL,5686,SMAD2
5589,SKIL,5687,SMAD3
5589,SKIL,5688,SMAD4
5589,SKIL,5689,SMAD5
5589,SKIL,5716,SMURF2
5590,SKP1,6597,USP28
5590,SKP1,6606,USP7
5590,SKP1,6686,WEE1
5591,SKP2,5688,SMAD4
5599,SLC11A1,5786,SP1
5599,SLC11A1,5827,SRC
5600,SLC11A2,6727,WWP2
5601,SLC12A1,5910,STK39
5601,SLC12A1,6697,WNK3
5602,SLC12A2,5910,STK39
5602,SLC12A2,6697,WNK3
5603,SLC12A3,5910,STK39
5603,SLC12A3,6697,WNK3
5603,SLC12A3,6698,WNK4
5604,SLC12A4,6697,WNK3
5605,SLC12A5,6697,WNK3
5606,SLC12A6,6695,WNK1
5606,SLC12A6,6697,WNK3
5607,SLC12A7,6697,WNK3
5621,SLC22A18,5786,SP1
5625,SLC25A1,5786,SP1
5626,SLC25A4,5827,SRC
5626,SLC25A4,6444,TSPO2
5628,SLC26A3,5666,SLC9A3R1
5632,SLC2A1,5916,STOM
5639,SLC38A2,6275,TP53
5646,SLC47A1,5786,SP1
5647,SLC4A1,5964,SYK
5651,SLC4A4,5910,STK39
5657,SLC6A3,5786,SP1
5658,SLC6A4,5827,SRC
5663,SLC7A5,6124,THBS1
5666,SLC9A3R1,6027,TBC1D10A
5666,SLC9A3R1,6404,TRPC4
5666,SLC9A3R1,6750,YAP1
5667,SLC9A3R2,5849,SRY
5667,SLC9A3R2,6027,TBC1D10A
5673,SLITRK1,6221,TNFRSF11B
5679,SLK,6017,TAOK3
5683,SLU7,5786,SP1
5685,SMAD1,5688,SMAD4
5685,SMAD1,5690,SMAD6
5685,SMAD1,5715,SMURF1
5685,SMAD1,5716,SMURF2
5685,SMAD1,5925,STUB1
5685,SMAD1,6112,TGFB1I1
5685,SMAD1,6115,TGFBR1
5685,SMAD1,6248,TNIK
5685,SMAD1,6750,YAP1
5685,SMAD1,6845,ZRANB2
5686,SMAD2,5688,SMAD4
5686,SMAD2,5690,SMAD6
5686,SMAD2,5691,SMAD7
5686,SMAD2,5715,SMURF1
5686,SMAD2,5716,SMURF2
5686,SMAD2,5786,SP1
5686,SMAD2,6056,TCF7L2
5686,SMAD2,6115,TGFBR1
5686,SMAD2,6116,TGFBR2
5686,SMAD2,6350,TRIM33
5686,SMAD2,6471,TUBB
5686,SMAD2,6545,UCHL5
5686,SMAD2,6695,WNK1
5686,SMAD2,6726,WWP1
5686,SMAD2,6728,WWTR1
5686,SMAD2,6800,ZFYVE9
5687,SMAD3,5688,SMAD4
5687,SMAD3,5690,SMAD6
5687,SMAD3,5691,SMAD7
5687,SMAD3,5715,SMURF1
5687,SMAD3,6056,TCF7L2
5687,SMAD3,6066,TDGF1
5687,SMAD3,6111,TGFB1
5687,SMAD3,6115,TGFBR1
5687,SMAD3,6116,TGFBR2
5687,SMAD3,6350,TRIM33
5687,SMAD3,6471,TUBB
5687,SMAD3,6545,UCHL5
5687,SMAD3,6728,WWTR1
5687,SMAD3,6800,ZFYVE9
5688,SMAD4,5689,SMAD5
5688,SMAD4,5690,SMAD6
5688,SMAD4,5692,SMAD9
5688,SMAD4,5715,SMURF1
5688,SMAD4,5735,SNIP1
5688,SMAD4,5899,STK11
5688,SMAD4,5946,SUMO1
5688,SMAD4,6350,TRIM33
5688,SMAD4,6513,UBE2I
5688,SMAD4,6608,USP9X
5688,SMAD4,6653,VPS39
5688,SMAD4,6725,WWOX
5688,SMAD4,6740,XPO1
5689,SMAD5,5715,SMURF1
5689,SMAD5,5716,SMURF2
5689,SMAD5,5925,STUB1
5689,SMAD5,6112,TGFB1I1
5690,SMAD6,5715,SMURF1
5690,SMAD6,5984,TAB1
5690,SMAD6,6115,TGFBR1
5690,SMAD6,6519,UBE2O
5691,SMAD7,5715,SMURF1
5691,SMAD7,5716,SMURF2
5691,SMAD7,5922,STRAP
5691,SMAD7,5984,TAB1
5691,SMAD7,5985,TAB2
5691,SMAD7,5986,TAB3
5691,SMAD7,6112,TGFB1I1
5691,SMAD7,6115,TGFBR1
5691,SMAD7,6545,UCHL5
5691,SMAD7,6726,WWP1
5691,SMAD7,6750,YAP1
5692,SMAD9,5715,SMURF1
5692,SMAD9,5716,SMURF2
5694,SMARCA1,5786,SP1
5695,SMARCA2,5700,SMARCB1
5695,SMARCA2,5701,SMARCC1
5695,SMARCA2,5702,SMARCC2
5696,SMARCA4,5700,SMARCB1
5696,SMARCA4,5701,SMARCC1
5696,SMARCA4,5702,SMARCC2
5696,SMARCA4,6083,TERT
5696,SMARCA4,6739,XPC
5696,SMARCA4,6784,ZEB1
5698,SMARCAD1,6345,TRIM28
5704,SMARCD3,6183,TLX1
5709,SMCR8,6562,ULK1
5710,SMG1,6275,TP53
5710,SMG1,6574,UPF1
5711,SMO,5827,SRC
5711,SMO,5907,STK36
5711,SMO,5942,SUFU
5711,SMO,6143,TIAM1
5711,SMO,6708,WNT4
5715,SMURF1,6115,TGFBR1
5715,SMURF1,6116,TGFBR2
5715,SMURF1,6513,UBE2I
5716,SMURF2,6115,TGFBR1
5716,SMURF2,6116,TGFBR2
5716,SMURF2,6513,UBE2I
5717,SMYD2,6275,TP53
5723,SNAP25,5727,SNAPIN
5723,SNAP25,5977,SYT1
5725,SNAP91,5977,SYT1
5725,SNAP91,6617,VAMP2
5727,SNAPIN,6273,TOR1A
5728,SNCA,5827,SRC
5728,SNCA,5964,SYK
5728,SNCA,6617,VAMP2
5730,SNCB,6275,TP53
5732,SND1,5889,STAT6
5734,SNF8,6407,TRPC6
5737,SNPH,5929,STX3
5738,SNRK,5899,STK11
5754,SNX9,6251,TNK2
5756,SOCS1,5827,SRC
5756,SOCS1,5883,STAT1
5756,SOCS1,6390,TRIM8
5758,SOCS3,5886,STAT4
5758,SOCS3,5887,STAT5A
5758,SOCS3,6311,TRAF6
5761,SOD1,5826,SQSTM1
5761,SOD1,6634,VDAC1
5763,SOD3,5786,SP1
5765,SORBS1,5827,SRC
5773,SOS1,5816,SPRY1
5777,SOX10,5783,SOX6
5777,SOX10,6491,TYR
5779,SOX17,6056,TCF7L2
5781,SOX3,6513,UBE2I
5782,SOX4,6056,TCF7L2
5782,SOX4,6513,UBE2I
5783,SOX6,5946,SUMO1
5783,SOX6,5947,SUMO2
5783,SOX6,5948,SUMO3
5783,SOX6,6513,UBE2I
5785,SOX9,6699,WNT1
5786,SP1,5830,SREBF1
5786,SP1,6001,TAF1A
5786,SP1,6043,TBX21
5786,SP1,6096,TFAP4
5786,SP1,6486,TXN
5786,SP1,6637,VEGFA
5786,SP1,6709,WNT5A
5788,SP3,5946,SUMO1
5788,SP3,6513,UBE2I
5799,SPDYA,5949,SUN1
5803,SPI1,5885,STAT3
5803,SPI1,6010,TAL1
5803,SPI1,6177,TLR4
5803,SPI1,6626,VAV1
5803,SPI1,6645,VIP
5804,SPIB,6731,XBP1
5807,SPINT1,5867,ST14
5817,SPRY2,5827,SRC
5818,SPRY4,6084,TESK1
5821,SPTAN1,5827,SRC
5822,SPTBN1,6115,TGFBR1
5823,SPTBN2,5827,SRC
5826,SQSTM1,6035,TBK1
5826,SQSTM1,6099,TFEB
5826,SQSTM1,6587,USP15
5826,SQSTM1,6676,WDFY3
5827,SRC,5829,SRCIN1
5827,SRC,5877,STAP2
5827,SRC,5883,STAT1
5827,SRC,5885,STAT3
5827,SRC,5887,STAT5A
5827,SRC,5888,STAT5B
5827,SRC,5964,SYK
5827,SRC,5972,SYNJ2
5827,SRC,6083,TERT
5827,SRC,6108,TFRC
5827,SRC,6110,TGFA
5827,SRC,6116,TGFBR2
5827,SRC,6119,TGM2
5827,SRC,6143,TIAM1
5827,SRC,6152,TIMP2
5827,SRC,6163,TKT
5827,SRC,6176,TLR3
5827,SRC,6251,TNK2
5827,SRC,6263,TNS3
5827,SRC,6285,TP73
5827,SRC,6342,TRIM25
5827,SRC,6399,TRIP4
5827,SRC,6400,TRIP6
5827,SRC,6403,TRPC3
5827,SRC,6417,TRPV1
5827,SRC,6419,TRPV4
5827,SRC,6484,TXK
5827,SRC,6554,UGT2B7
5827,SRC,6570,UNC80
5827,SRC,6591,USP2
5827,SRC,6620,VAMP7
5827,SRC,6626,VAV1
5827,SRC,6627,VAV2
5827,SRC,6628,VAV3
5827,SRC,6631,VCL
5827,SRC,6643,VIL1
5827,SRC,6669,WASF1
5827,SRC,6674,WBP2
5827,SRC,6698,WNK4
5827,SRC,6725,WWOX
5827,SRC,6748,XRCC6
5827,SRC,6750,YAP1
5827,SRC,6766,ZAP70
5830,SREBF1,5946,SUMO1
5832,SRF,5946,SUMO1
5832,SRF,6055,TCF7
5835,SRGAP3,6669,WASF1
5839,SRP19,5840,SRP54
5839,SRP19,5841,SRP68
5839,SRP19,5842,SRP72
5840,SRP54,5845,SRPRB
5841,SRP68,5842,SRP72
5844,SRPK2,6759,YWHAB
5849,SRY,6722,WT1
5852,SSBP1,6275,TP53
5859,SST,5860,SSTR1
5859,SST,5861,SSTR2
5859,SST,5862,SSTR3
5859,SST,5863,SSTR4
5859,SST,5864,SSTR5
5871,STAB2,6666,VWF
5873,STAM,6607,USP8
5876,STAP1,5887,STAT5A
5876,STAP1,6074,TEC
5883,STAT1,5884,STAT2
5883,STAT1,5889,STAT6
5883,STAT1,5946,SUMO1
5883,STAT1,6345,TRIM28
5883,STAT1,6489,TYK2
5884,STAT2,6489,TYK2
5884,STAT2,6836,ZNF804A
5885,STAT3,5964,SYK
5885,STAT3,6345,TRIM28
5885,STAT3,6489,TYK2
5885,STAT3,6709,WNT5A
5886,STAT4,6489,TYK2
5887,STAT5A,6137,THRB
5887,STAT5A,6489,TYK2
5888,STAT5B,6489,TYK2
5889,STAT6,6035,TBK1
5889,STAT6,6140,THY1
5893,STEAP3,6275,TP53
5896,STIM1,6402,TRPC1
5898,STK10,5899,STK11
5899,STK11,5921,STRADA
5899,STK11,6275,TP53
5901,STK17A,6275,TP53
5904,STK24,5906,STK3
5904,STK24,5908,STK38
5904,STK24,5909,STK38L
5904,STK24,6015,TAOK1
5905,STK25,6764,YWHAZ
5906,STK3,5909,STK38L
5906,STK3,6015,TAOK1
5906,STK3,6016,TAOK2
5906,STK3,6017,TAOK3
5907,STK36,5942,SUFU
5908,STK38,5911,STK4
5908,STK38,6740,XPO1
5908,STK38,6750,YAP1
5909,STK38L,6344,TRIM27
5909,STK38L,6562,ULK1
5910,STK39,5921,STRADA
5910,STK39,6695,WNK1
5910,STK39,6696,WNK2
5910,STK39,6698,WNK4
5911,STK4,6015,TAOK1
5911,STK4,6016,TAOK2
5911,STK4,6017,TAOK3
5911,STK4,6256,TNNI3
5913,STMN1,6458,TTL
5913,STMN1,6555,UHMK1
5917,STOML2,6766,ZAP70
5919,STON2,5977,SYT1
5919,STON2,6617,VAMP2
5925,STUB1,6010,TAL1
5925,STUB1,6743,XRCC1
5926,STX11,5935,STXBP2
5927,STX17,6035,TBK1
5928,STX1A,5934,STXBP1
5928,STX1A,5961,SYBU
5928,STX1A,6485,TXLNA
5929,STX3,5937,STXBP6
5929,STX3,5977,SYT1
5929,STX3,6485,TXLNA
5929,STX3,6565,UNC13B
5930,STX4,5936,STXBP4
5930,STX4,6485,TXLNA
5936,STXBP4,6750,YAP1
5946,SUMO1,6065,TDG
5946,SUMO1,6311,TRAF6
5946,SUMO1,6341,TRIM24
5946,SUMO1,6513,UBE2I
5946,SUMO1,6558,UIMC1
5946,SUMO1,6746,XRCC4
5946,SUMO1,6750,YAP1
5946,SUMO1,6770,ZBTB16
5956,SV2A,5977,SYT1
5956,SV2A,6451,TTBK2
5957,SV2B,5977,SYT1
5964,SYK,6463,TUBA1A
5964,SYK,6464,TUBA1B
5964,SYK,6469,TUBA4A
5964,SYK,6493,TYROBP
5964,SYK,6626,VAV1
5964,SYK,6627,VAV2
5964,SYK,6628,VAV3
5966,SYN1,6555,UHMK1
5976,SYP,6617,VAMP2
5977,SYT1,6428,TSHR
5978,SYT2,6695,WNK1
5983,SYVN1,6513,UBE2I
5984,TAB1,5985,TAB2
5984,TAB1,6311,TRAF6
5985,TAB2,6311,TRAF6
5986,TAB3,6311,TRAF6
5987,TAC1,5993,TACR1
5987,TAC1,5994,TACR2
5987,TAC1,5995,TACR3
5988,TAC3,5993,TACR1
5988,TAC3,5994,TACR2
5988,TAC3,5995,TACR3
5989,TAC4,5993,TACR1
5989,TAC4,5994,TACR2
5989,TAC4,5995,TACR3
5991,TACC2,6457,TTK
5997,TAF1,6006,TAF7
5997,TAF1,6275,TP53
6010,TAL1,6426,TSG101
6010,TAL1,6774,ZC3H12A
6014,TANK,6035,TBK1
6014,TANK,6306,TRAF2
6018,TAP1,6019,TAP2
6018,TAP1,6020,TAPBP
6018,TAP1,6275,TP53
6019,TAP2,6020,TAPBP
6022,TARDBP,6252,TNKS
6022,TARDBP,6254,TNKS2
6022,TARDBP,6534,UBQLN2
6024,TAX1BP1,6213,TNFAIP3
6035,TBK1,6145,TICAM1
6035,TBK1,6213,TNFAIP3
6035,TBK1,6307,TRAF3
6035,TBK1,6340,TRIM23
6035,TBK1,6768,ZBP1
6037,TBL1XR1,6345,TRIM28
6039,TBP,6760,YWHAE
6039,TBP,6835,ZNF76
6045,TBXA2R,6119,TGM2
6047,TCAP,6459,TTN
6048,TCEA1,6538,UBR5
6056,TCF7L2,6248,TNIK
6062,TCTN1,6063,TCTN2
6062,TCTN1,6064,TCTN3
6062,TCTN1,6196,TMEM216
6062,TCTN1,6201,TMEM67
6065,TDG,6513,UBE2I
6066,TDGF1,6111,TGFB1
6069,TDP2,6269,TOP2A
6069,TDP2,6270,TOP2B
6070,TEAD1,6728,WWTR1
6070,TEAD1,6750,YAP1
6071,TEAD2,6728,WWTR1
6071,TEAD2,6750,YAP1
6072,TEAD3,6728,WWTR1
6072,TEAD3,6750,YAP1
6073,TEAD4,6728,WWTR1
6073,TEAD4,6750,YAP1
6074,TEC,6077,TEK
6077,TEK,6146,TIE1
6077,TEK,6250,TNIP2
6080,TERF1,6252,TNKS
6080,TERF1,6254,TNKS2
6081,TERF2,6719,WRN
6087,TET2,6722,WT1
6091,TF,6107,TFR2
6091,TF,6108,TFRC
6094,TFAP2B,6275,TP53
6094,TFAP2B,6513,UBE2I
6095,TFAP2C,6513,UBE2I
6099,TFEB,6613,UVRAG
6105,TFPI,6648,VLDLR
6108,TFRC,6241,TNFSF13B
6109,TG,6295,TPO
6110,TGFA,6275,TP53
6111,TGFB1,6115,TGFBR1
6111,TGFB1,6116,TGFBR2
6111,TGFB1,6117,TGFBR3
6111,TGFB1,6624,VASN
6113,TGFB2,6115,TGFBR1
6113,TGFB2,6116,TGFBR2
6113,TGFB2,6117,TGFBR3
6114,TGFB3,6115,TGFBR1
6114,TGFB3,6116,TGFBR2
6114,TGFB3,6117,TGFBR3
6115,TGFBR1,6116,TGFBR2
6115,TGFBR1,6117,TGFBR3
6115,TGFBR1,6284,TP63
6115,TGFBR1,6311,TRAF6
6115,TGFBR1,6545,UCHL5
6115,TGFBR1,6601,USP4
6115,TGFBR1,6653,VPS39
6115,TGFBR1,6726,WWP1
6115,TGFBR1,6800,ZFYVE9
6116,TGFBR2,6117,TGFBR3
6116,TGFBR2,6311,TRAF6
6116,TGFBR2,6653,VPS39
6116,TGFBR2,6800,ZFYVE9
6118,TGIF1,6726,WWP1
6119,TGM2,6420,TRPV5
6124,THBS1,6221,TNFRSF11B
6129,THEMIS,6766,ZAP70
6135,THRA,6396,TRIP11
6137,THRB,6396,TRIP11
6145,TICAM1,6175,TLR2
6145,TICAM1,6176,TLR3
6145,TICAM1,6177,TLR4
6145,TICAM1,6182,TLR9
6145,TICAM1,6306,TRAF2
6145,TICAM1,6311,TRAF6
6150,TIMELESS,6155,TIPIN
6151,TIMP1,6483,TWIST1
6157,TIRAP,6175,TLR2
6157,TIRAP,6177,TLR4
6157,TIRAP,6182,TLR9
6160,TJP2,6728,WWTR1
6160,TJP2,6750,YAP1
6173,TLR1,6630,VCAN
6175,TLR2,6630,VCAN
6175,TLR2,6801,ZG16B
6176,TLR3,6630,VCAN
6177,TLR4,6801,ZG16B
6178,TLR5,6801,ZG16B
6179,TLR6,6630,VCAN
6179,TLR6,6801,ZG16B
6183,TLX1,6639,VEGFC
6183,TLX1,6722,WT1
6189,TMED10,6190,TMED5
6190,TMED5,6713,WNT7B
6192,TMEM129,6513,UBE2I
6205,TMOD1,6294,TPM3
6205,TMOD1,6414,TRPM7
6210,TNC,6630,VCAN
6211,TNF,6229,TNFRSF1A
6211,TNF,6230,TNFRSF1B
6211,TNF,6231,TNFRSF21
6211,TNF,6304,TRADD
6211,TNF,6306,TRAF2
6211,TNF,6410,TRPM2
6211,TNF,6787,ZFP36
6213,TNFAIP3,6304,TRADD
6213,TNFAIP3,6311,TRAF6
6216,TNFRSF10A,6217,TNFRSF10B
6216,TNFRSF10A,6237,TNFSF10
6216,TNFRSF10A,6275,TP53
6216,TNFRSF10A,6304,TRADD
6217,TNFRSF10B,6237,TNFSF10
6217,TNFRSF10B,6275,TP53
6217,TNFRSF10B,6304,TRADD
6218,TNFRSF10C,6237,TNFSF10
6218,TNFRSF10C,6275,TP53
6219,TNFRSF10D,6237,TNFSF10
6219,TNFRSF10D,6275,TP53
6220,TNFRSF11A,6238,TNFSF11
6220,TNFRSF11A,6311,TRAF6
6221,TNFRSF11B,6237,TNFSF10
6221,TNFRSF11B,6238,TNFSF11
6221,TNFRSF11B,6240,TNFSF13
6221,TNFRSF11B,6665,VTN
6221,TNFRSF11B,6666,VWF
6222,TNFRSF12A,6239,TNFSF12
6222,TNFRSF12A,6320,TREM2
6223,TNFRSF13B,6240,TNFSF13
6223,TNFRSF13B,6241,TNFSF13B
6224,TNFRSF13C,6241,TNFSF13B
6224,TNFRSF13C,6307,TRAF3
6225,TNFRSF14,6240,TNFSF13
6225,TNFRSF14,6242,TNFSF14
6225,TNFRSF14,6310,TRAF5
6226,TNFRSF17,6240,TNFSF13
6226,TNFRSF17,6241,TNFSF13B
6227,TNFRSF18,6244,TNFSF18
6229,TNFRSF1A,6240,TNFSF13
6229,TNFRSF1A,6304,TRADD
6229,TNFRSF1A,6306,TRAF2
6230,TNFRSF1B,6305,TRAF1
6230,TNFRSF1B,6306,TRAF2
6231,TNFRSF21,6304,TRADD
6232,TNFRSF25,6239,TNFSF12
6232,TNFRSF25,6243,TNFSF15
6232,TNFRSF25,6304,TRADD
6233,TNFRSF4,6245,TNFSF4
6234,TNFRSF6B,6242,TNFSF14
6234,TNFRSF6B,6243,TNFSF15
6235,TNFRSF8,6239,TNFSF12
6235,TNFRSF8,6246,TNFSF8
6236,TNFRSF9,6247,TNFSF9
6245,TNFSF4,6306,TRAF2
6247,TNFSF9,6306,TRAF2
6251,TNK2,6668,WAS
6251,TNK2,6672,WASL
6251,TNK2,6725,WWOX
6261,TNR,6630,VCAN
6269,TOP2A,6556,UHRF1
6272,TOPORS,6275,TP53
6272,TOPORS,6513,UBE2I
6274,TOR1AIP1,6644,VIM
6275,TP53,6276,TP53AIP1
6275,TP53,6277,TP53BP1
6275,TP53,6278,TP53BP2
6275,TP53,6279,TP53I3
6275,TP53,6280,TP53INP1
6275,TP53,6282,TP53RK
6275,TP53,6284,TP63
6275,TP53,6285,TP73
6275,TP53,6309,TRAF4
6275,TP53,6329,TRIAP1
6275,TP53,6339,TRIM22
6275,TP53,6341,TRIM24
6275,TP53,6356,TRIM39
6275,TP53,6410,TRPM2
6275,TP53,6424,TSC2
6275,TP53,6457,TTK
6275,TP53,6494,TYRP1
6275,TP53,6503,UBD
6275,TP53,6529,UBE4B
6275,TP53,6562,ULK1
6275,TP53,6563,ULK2
6275,TP53,6584,USP10
6275,TP53,6606,USP7
6275,TP53,6630,VCAN
6275,TP53,6636,VDR
6275,TP53,6642,VHL
6275,TP53,6658,VRK1
6275,TP53,6659,VRK2
6275,TP53,6718,WRAP53
6275,TP53,6739,XPC
6275,TP53,6740,XPO1
6277,TP53BP1,6658,VRK1
6277,TP53BP1,6762,YWHAH
6280,TP53INP1,6285,TP73
6284,TP63,6562,ULK1
6285,TP73,6529,UBE4B
6285,TP73,6613,UVRAG
6285,TP73,6750,YAP1
6304,TRADD,6305,TRAF1
6304,TRADD,6306,TRAF2
6304,TRADD,6310,TRAF5
6305,TRAF1,6306,TRAF2
6306,TRAF2,6513,UBE2I
6306,TRAF2,6518,UBE2N
6306,TRAF2,6787,ZFP36
6307,TRAF3,6513,UBE2I
6309,TRAF4,6513,UBE2I
6310,TRAF5,6513,UBE2I
6311,TRAF6,6340,TRIM23
6311,TRAF6,6355,TRIM38
6311,TRAF6,6513,UBE2I
6311,TRAF6,6518,UBE2N
6311,TRAF6,6523,UBE2V1
6312,TRAF7,6513,UBE2I
6313,TRAIP,6513,UBE2I
6319,TREM1,6493,TYROBP
6319,TREM1,6663,VSIG8
6326,TRH,6328,TRHR
6332,TRIM10,6513,UBE2I
6333,TRIM11,6513,UBE2I
6334,TRIM13,6513,UBE2I
6335,TRIM15,6513,UBE2I
6336,TRIM17,6513,UBE2I
6337,TRIM2,6506,UBE2D1
6337,TRIM2,6513,UBE2I
6338,TRIM21,6368,TRIM5
6338,TRIM21,6513,UBE2I
6339,TRIM22,6507,UBE2D2
6339,TRIM22,6513,UBE2I
6340,TRIM23,6513,UBE2I
6341,TRIM24,6513,UBE2I
6342,TRIM25,6513,UBE2I
6342,TRIM25,6786,ZFHX3
6343,TRIM26,6513,UBE2I
6344,TRIM27,6513,UBE2I
6344,TRIM27,6562,ULK1
6345,TRIM28,6513,UBE2I
6345,TRIM28,6824,ZNF350
6347,TRIM3,6513,UBE2I
6348,TRIM31,6513,UBE2I
6349,TRIM32,6513,UBE2I
6350,TRIM33,6513,UBE2I
6351,TRIM34,6513,UBE2I
6352,TRIM35,6513,UBE2I
6353,TRIM36,6513,UBE2I
6354,TRIM37,6513,UBE2I
6355,TRIM38,6513,UBE2I
6356,TRIM39,6513,UBE2I
6357,TRIM4,6513,UBE2I
6358,TRIM40,6513,UBE2I
6359,TRIM41,6513,UBE2I
6360,TRIM42,6513,UBE2I
6361,TRIM43,6513,UBE2I
6362,TRIM43B,6513,UBE2I
6363,TRIM45,6513,UBE2I
6364,TRIM46,6513,UBE2I
6365,TRIM47,6513,UBE2I
6366,TRIM48,6513,UBE2I
6367,TRIM49,6513,UBE2I
6368,TRIM5,6507,UBE2D2
6368,TRIM5,6513,UBE2I
6369,TRIM50,6513,UBE2I
6370,TRIM52,6513,UBE2I
6371,TRIM54,6513,UBE2I
6372,TRIM55,6513,UBE2I
6373,TRIM56,6513,UBE2I
6374,TRIM58,6513,UBE2I
6375,TRIM59,6513,UBE2I
6376,TRIM6,6513,UBE2I
6377,TRIM60,6513,UBE2I
6378,TRIM61,6513,UBE2I
6379,TRIM62,6513,UBE2I
6380,TRIM63,6513,UBE2I
6381,TRIM65,6513,UBE2I
6382,TRIM67,6513,UBE2I
6383,TRIM68,6513,UBE2I
6384,TRIM69,6513,UBE2I
6385,TRIM7,6513,UBE2I
6386,TRIM71,6513,UBE2I
6387,TRIM72,6513,UBE2I
6388,TRIM73,6513,UBE2I
6389,TRIM74,6513,UBE2I
6390,TRIM8,6513,UBE2I
6391,TRIM9,6507,UBE2D2
6391,TRIM9,6513,UBE2I
6392,TRIML1,6513,UBE2I
6397,TRIP12,6513,UBE2I
6402,TRPC1,6403,TRPC3
6402,TRPC1,6404,TRPC4
6402,TRPC1,6406,TRPC5
6402,TRPC1,6407,TRPC6
6402,TRPC1,6419,TRPV4
6402,TRPC1,6421,TRPV6
6403,TRPC3,6412,TRPM4
6403,TRPC3,6698,WNK4
6406,TRPC5,6407,TRPC6
6413,TRPM6,6414,TRPM7
6419,TRPV4,6752,YES1
6420,TRPV5,6421,TRPV6
6423,TSC1,6424,TSC2
6424,TSC2,6525,UBE3A
6427,TSHB,6428,TSHR
6427,TSHB,6646,VIPR1
6428,TSHR,6645,VIP
6436,TSPAN13,6442,TSPAN5
6444,TSPO2,6634,VDAC1
6450,TTBK1,6471,TUBB
6450,TTBK1,6472,TUBB2A
6452,TTC19,6798,ZFYVE26
6453,TTC3,6513,UBE2I
6455,TTF1,6728,WWTR1
6457,TTK,6588,USP16
6458,TTL,6463,TUBA1A
6458,TTL,6464,TUBA1B
6458,TTL,6465,TUBA1C
6458,TTL,6466,TUBA3C
6458,TTL,6467,TUBA3D
6458,TTL,6468,TUBA3E
6458,TTL,6469,TUBA4A
6458,TTL,6470,TUBA8
6463,TUBA1A,6766,ZAP70
6464,TUBA1B,6766,ZAP70
6483,TWIST1,6637,VEGFA
6483,TWIST1,6751,YBX1
6492,TYRO3,6569,UNC5D
6492,TYRO3,6637,VEGFA
6497,UBA52,6544,UCHL3
6497,UBA52,6606,USP7
6497,UBA52,6608,USP9X
6501,UBB,6603,USP5
6502,UBC,6543,UCHL1
6502,UBC,6603,USP5
6506,UBE2D1,6846,ZSWIM2
6507,UBE2D2,6651,VPS18
6508,UBE2D3,6846,ZSWIM2
6509,UBE2E1,6846,ZSWIM2
6513,UBE2I,6525,UBE3A
6513,UBE2I,6526,UBE3B
6513,UBE2I,6527,UBE3C
6513,UBE2I,6528,UBE4A
6513,UBE2I,6529,UBE4B
6513,UBE2I,6533,UBOX5
6513,UBE2I,6538,UBR5
6513,UBE2I,6556,UHRF1
6513,UBE2I,6557,UHRF2
6513,UBE2I,6558,UIMC1
6513,UBE2I,6572,UNK
6513,UBE2I,6573,UNKL
6513,UBE2I,6649,VPS11
6513,UBE2I,6651,VPS18
6513,UBE2I,6654,VPS41
6513,UBE2I,6657,VPS8
6513,UBE2I,6682,WDR59
6513,UBE2I,6685,WDSUB1
6513,UBE2I,6726,WWP1
6513,UBE2I,6727,WWP2
6513,UBE2I,6736,XIAP
6513,UBE2I,6769,ZBTB12
6513,UBE2I,6791,ZFPL1
6513,UBE2I,6802,ZHX1
6513,UBE2I,6823,ZNF341
6513,UBE2I,6827,ZNF511
6513,UBE2I,6829,ZNF521
6513,UBE2I,6830,ZNF598
6513,UBE2I,6838,ZNRF1
6513,UBE2I,6839,ZNRF2
6513,UBE2I,6840,ZNRF3
6513,UBE2I,6841,ZNRF4
6513,UBE2I,6846,ZSWIM2
6513,UBE2I,6849,ZXDC
6518,UBE2N,6523,UBE2V1
6521,UBE2S,6748,XRCC6
6542,UBXN8,6632,VCP
6562,ULK1,6808,ZKSCAN3
6574,UPF1,6575,UPF2
6574,UPF1,6576,UPF3B
6579,USH1C,6580,USH1G
6579,USH1C,6581,USHBP1
6583,USP1,6680,WDR48
6596,USP25,6659,VRK2
6611,UTS2,6612,UTS2R
6621,VANGL2,6709,WNT5A
6626,VAV1,6766,ZAP70
6627,VAV2,6766,ZAP70
6629,VCAM1,6665,VTN
6630,VCAN,6637,VEGFA
6632,VCP,6633,VCPIP1
6639,VEGFC,6647,VIPR2
6645,VIP,6646,VIPR1
6645,VIP,6647,VIPR2
6672,WASL,6690,WIPF1
6689,WIF1,6714,WNT8A
6692,WIPI2,6808,ZKSCAN3
6694,WLS,6707,WNT3A
6695,WNK1,6696,WNK2
6695,WNK1,6697,WNK3
6695,WNK1,6698,WNK4
6730,XAF1,6736,XIAP
6732,XCL1,6734,XCR1
6733,XCL2,6734,XCR1
6802,ZHX1,6812,ZMYND11
